"oranje_lijst_number","cultivar_name","crop","synonyms","historic_use_type","historic_year_or_date_text","listed_in_trade","listed_in_genebank","botanical_taxon","source_record_url","retrieved_on"
"825","Adams Permain","Appel","Adam's Parmane, Adam's Pearmain, Adams Parmain, Adams Parman, Adams Parmane, Adams', Adams' Parmaene, Adams' Parmain, Adams' Parmane, Adams's Parmane, Adams's Reinett, Adamsapfel, Adamsova Parmena, Adamsovo, Adamsparman, Hanging Pearmain, Lady's Finger, Matchless, Moriker, Norfolk Pippin, Norfolk Russet, Norfolk Adams Parmaene, Parmain D'adam, Parmaine D'adams, Parmen Adams, Parmen Adamsa, Pearmain D'adam, Pearmain D'adams, Pepin de Norfolk, Pepin du Norfolk, Pippin Golden Hagvey, Rough Pippin, Rousse de Norfolk, Rousse du Norfolk, Russet Aus Norfolk, Winter Striper Pearmain","Handappel","1826","Ja","Ja","Malus domestica","https://deoerakker.cgn.wur.nl/or/detail.asp?Nr=825","2026-09-10"
"826","Adersleben Calville","Appel","Aderslebener Calville, Aderslebener Kalvill, Aderslebener Kalvill Samling, Adersleber Calvil, Adersleber Calvill, Adersleber Kalvil, Adersleber Kalvill, Calville D'adersleben, Kalvil Aderslebenskii, Kalvil Aderslebensky, Amstrat Meyer","Handappel","1870","Ja","Ja","Malus domestica","https://deoerakker.cgn.wur.nl/or/detail.asp?Nr=826","2026-09-10"
"827","Advance","Appel","Laxton's Advance","","1936","Nee","Ja","Malus domestica","https://deoerakker.cgn.wur.nl/or/detail.asp?Nr=827","2026-09-10"
"828","Akero","Appel","Akero, Aakero, Akera, Akero Galsaplple, Akero Apple, Akeroaeble, Akeroapfel, Akeroaple, Akeroglasaplen, Apfel Von Akero, Okera, Okere, Schmidt's Junkerapfel, Schmidts Junkerapfel","Handappel","1850","Ja","Ja","Malus domestica","https://deoerakker.cgn.wur.nl/or/detail.asp?Nr=828","2026-09-10"
"829","Alexander","Appel","Albertin, Alexander The First, Alexander Von Russland, Alexandre Empereur de Russie, Allbertin, Allerweltsapfel, Aport, Aport Aleksandr, Aport Alexander, Aport Krasnye, Aport Oseni, Aport Osennii, Aport Ukrainskii, Aporta, Aporta Nalifia, Aporta Nalivia, Aporte, Apporta, Aubertin, Beauty of Queen, Belle d'Orleans, Belle de Bruxelles, Calville Alexandre, Car Alexander, Car Alexandr, Car Alexandr, Car Alexandr. Car Alexndr, Comte Woronzoff, Corail, Count Woronzoff's Apple, Empereur Alexander, Empereur Alexandre, Empereur Alexandre 1er, Empereur Alexandre de Russie, Empereur Alexandre I, Empereur de Russie, Emperor, Emperor Alexander, English King, Fin D'automne, Gotmanka?, Gotmanovka?, Graffenberg Rhoold, Grand Alexandre, Grand Alexandre, Gros Alexandre, Gros Alexandre, Gross Alexandre, Gusevskoe, Imperatore Alessandro, Jolly Gentleman, Kaiser Alexander, Kaiser Alexander Von Russland, Keijser Alexander, Keizer Alexander, Kejser Alexander, Kief's Koy, Kiefs Koy, Kirkes Sondergleichen, Korallen, Korallen Apfel, Korallenapfel, Liebensteiner Korallenapfel, Marele Alexandru, Oport, Phoenix, Phoenix Apple, Phonix, Phonix Apple, Pomme Corail, Pomona Britannica, President Napoleon, Russian Emperor, Sander Czar, Stoke Tulip, Sugar And Cream, Tar Alexandar, The Alexander Apple, Wunder Apfel, Wunderapfel, Keizerappel, President Napoleon, Korallen Apfel, Stoke Tulip","Handappel","1868","Ja","Ja","Malus domestica","https://deoerakker.cgn.wur.nl/or/detail.asp?Nr=829","2026-09-10"
"830","Alfriston","Appel","Alfreston, Alfristan, Freen Grove, Green Goose, Lord Gweyder's Newton Pippin, Lord Gwydir's Newton Pippin, Lord Gwydr's Newton Pippin, Lord Gwydr's Newtown Pippin, Lord Gwydyr's Newton Pippin, Lord Gwydyr's Newtown Pippin, Shepherd's Pippin, Shepherd's Seedling, Shepherd's Seedling Pippin, Shepperd's Seedling","","1854","Nee","Ja","Malus domestica","https://deoerakker.cgn.wur.nl/or/detail.asp?Nr=830","2026-09-10"
"831","Allen Everlasting","Appel","","","1912","Nee","Ja","Malus domestica","https://deoerakker.cgn.wur.nl/or/detail.asp?Nr=831","2026-09-10"
"832","Allington Pippin","Appel","Allington, Allington Peppin, Allington Pepping, Allingtoner Pepping, Allingtonovo Jablko, Brown's South Lincoln Beauty, Pepin Allingtona, Pepin D'allington, South Lincoln Beauty, South Lincoln Pippin","Hand- En Moesappel","1850","Ja","Nee","Malus domestica","https://deoerakker.cgn.wur.nl/or/detail.asp?Nr=832","2026-09-10"
"833","American Mother","Appel","Mother, Gardener's Apple, Mother Apple, Mother of Atnerica, Mother of The Arneri Cans, Mutter Apfel, Mutterapfel, Queen, Queen Anne, Queen Mary","","1900","Ja","Nee","Malus domestica","https://deoerakker.cgn.wur.nl/or/detail.asp?Nr=833","2026-09-10"
"834","Ananas Reinette","Appel","Reinette Ananas, Ananas, Ananas Renette, Ananas Reinette, Ananasii, Ananasnii Renet, Ananasova Reneta, Ananasreinette, Ananasrenett, Ananasz Renet, Annanas Reinette, Reinette Ananas, Reinette D'ananas, Renet D'ananas, Renetta Ananas","Handappel","voor","Ja","Ja","Malus domestica","https://deoerakker.cgn.wur.nl/or/detail.asp?Nr=834","2026-09-10"
"835","Andre Sauvage","Appel","","","1906","Nee","Nee","Malus domestica","https://deoerakker.cgn.wur.nl/or/detail.asp?Nr=835","2026-09-10"
"836","Anjelier appel","Appel","Nelkenapfel, Angelier","Handappel","1830","Ja","Nee","Malus domestica","https://deoerakker.cgn.wur.nl/or/detail.asp?Nr=836","2026-09-10"
"837","Anna Boelens","Appel","","Handappel","1934","Ja","Ja","Malus domestica","https://deoerakker.cgn.wur.nl/or/detail.asp?Nr=837","2026-09-10"
"838","Annie Elisabeth","Appel","Carter's Seedling, Sloto, Slotoaeble, Slotrable, Slotraeble, Sussex Pippin, The George","","1932","Ja","Ja","Malus domestica","https://deoerakker.cgn.wur.nl/or/detail.asp?Nr=838","2026-09-10"
"839","Antonowka Polutona Fintawaya","Appel","","","1932","Ja","Nee","Malus domestica","https://deoerakker.cgn.wur.nl/or/detail.asp?Nr=839","2026-09-10"
"840","Api Noir","Appel","Api Chernoe, Apis Noir, Black Lady Apple, Calvau Noir, Calvau Noire, D'api Noire, de Caluau, de Pommier a Fruit Noir, Pomme de Calvau, Pomme de Pommier a Fruit Noir, Pommier a Fruit Noir, Schwarze Api, Schwarzer Api","Handappel","1880","Ja","Ja","Malus domestica","https://deoerakker.cgn.wur.nl/or/detail.asp?Nr=840","2026-09-10"
"841","Api Panache","Appel","","","1880","Nee","Nee","Malus domestica","https://deoerakker.cgn.wur.nl/or/detail.asp?Nr=841","2026-09-10"
"842","Api Rose","Appel","Pomme D'api, Rose","Handappel","1880","Nee","Ja","Malus domestica","https://deoerakker.cgn.wur.nl/or/detail.asp?Nr=842","2026-09-10"
"843","Apis","Appel","Pomme D'apis, Apis Rouge","","","Nee","Nee","Malus domestica","https://deoerakker.cgn.wur.nl/or/detail.asp?Nr=843","2026-09-10"
"844","Appel van Golden","Appel","","","","Nee","Nee","Malus domestica","https://deoerakker.cgn.wur.nl/or/detail.asp?Nr=844","2026-09-10"
"845","Appel van Zeyl","Appel","","","1930","Nee","Nee","Malus domestica","https://deoerakker.cgn.wur.nl/or/detail.asp?Nr=845","2026-09-10"
"846","Astrakan Striped","Appel","","","1911","Nee","Nee","Malus domestica","https://deoerakker.cgn.wur.nl/or/detail.asp?Nr=846","2026-09-10"
"847","Atlanta","Appel","Helena","","1953","Nee","Ja","Malus domestica","https://deoerakker.cgn.wur.nl/or/detail.asp?Nr=847","2026-09-10"
"848","Aurea Libertas","Appel","Dubbele Gouden Pippeling","","","Nee","Nee","Malus domestica","https://deoerakker.cgn.wur.nl/or/detail.asp?Nr=848","2026-09-10"
"849","Aurora","Appel","Twenty Ounce, Cayuga Red Streak, Cayuga Redstreak, Coleman, de Dix Huit Onces, de Vin du Connecticut, Dix Huit Onces, Eighteen Ounce, Eighteen Ounce Apple, Gov. Seward's, Lima, Morgan's Favorite, Morgan's Favourite, Morgans Favorite, Pomme de Vin de Connecticut, Pomme de Vin du Connecticut, Pomme de Vingt Onces, Pomme Rayee de Cayuga, Pomrne de Dix Huit Onces, Reinette de Vingt Onces, Renet 20 Untsii, Twenty Ounce Apple, Twenty Ounce Pippin, Twenty Ounces, Wine, Wine of Connecticut, Zwanzig Unzen, Zwanzig Unzen Apfel","","1868","Ja","Nee","Malus domestica","https://deoerakker.cgn.wur.nl/or/detail.asp?Nr=849","2026-09-10"
"850","Baldwin","Appel","American Baldwin, Baldwin Rosenapfel, Baldwin's Apfel, Baldwin's Roter Pepping, Baldwin's Rother Pepping, Baldwin's Rother Pippin, Beldvin, Butter's, Butter's Woodpecker, Butters, Butters' Red Baldwin, Calville Butter, Calville Buttner, Felch, Late Baldwin, Pecker, Pepin Rouge de Baldwin, Peppin Rouge de Baldwin, Red Baldwin, Red Baldwin Pippin, Red Baldwin's Pippin, Stecle's Red Winter, Steele's Red Winter, Woodpecker","","1880","Nee","Ja","Malus domestica","https://deoerakker.cgn.wur.nl/or/detail.asp?Nr=850","2026-09-10"
"851","Banketappel","Appel","","","1890","Nee","Nee","Malus domestica","https://deoerakker.cgn.wur.nl/or/detail.asp?Nr=851","2026-09-10"
"852","Barbarie","Appel","Barbarei, de Barbarin, Barbariot","","1880","Nee","Nee","Malus domestica","https://deoerakker.cgn.wur.nl/or/detail.asp?Nr=852","2026-09-10"
"853","Bastaard Aagt","Appel","","","","Nee","Nee","Malus domestica","https://deoerakker.cgn.wur.nl/or/detail.asp?Nr=853","2026-09-10"
"854","Bataafse Bellefleur","Appel","","Hand- En Moesappel","","Nee","Nee","Malus domestica","https://deoerakker.cgn.wur.nl/or/detail.asp?Nr=854","2026-09-10"
"855","Baumann's Renette","Appel","Bauman's Reinette, Baumana, Baumann, Baumann Renet, Baumann's, Baumann's Red Reinette, Baumann's Red Winter Pearmain, Baumann's Red Winter Reinette, Baumann's Rote Winter Reinette, Baumann's Rothe Winter, Baumann's Rothe Winter Reinette, Baumann's Rothe Winterreinette, Baumann's Winter Reinette, Baumann s Reinette, Baumannova Reneta, Baumanns Reinette, Baumanns Renett, Baumanns Renette, Baumanns Rote Winterrenette, Baumanns Rother Winter Reinette, Baumanova Reneta, Baumans Rother Winter Reinette, Couronne des Dames, Couronne des Dames D'enghien, Krasnyi Renet, Red Winter Reinette, Reinette Bauman, Reinette Baumann, Reinette Baumann's Rother Winter, Reinette Bollwiller, Reinette de Bollviller, Reinette de Bollwiller, Reinette de Bolwiller, Reinette de Bolwillers, Reinette de Bolwyller, Reinette Rouge D'hiver de Baumann, Reinette Rouge de Baumann, Renet Baumana, Renet Baumann, Reneta Baumana, Renetta Baumann, Rote Reinette, Roter Reinette, Rothe Winter, Bedforshire Foundling","Handappel","1811","Ja","Ja","Malus domestica","https://deoerakker.cgn.wur.nl/or/detail.asp?Nr=855","2026-09-10"
"856","Beauty of Bath","Appel","Bathske Jablko, Batskaya Krasavitsa, Cooling's Beauty of Bath, Frumos de Bath, Krasivoe Iz Bata, Schone van Bath, Schoner Aus Bath, Schoner Von Bath, Schonheit Aus Bath, Schonheit Von Bath","Handappel","1864","Ja","Ja","Malus domestica","https://deoerakker.cgn.wur.nl/or/detail.asp?Nr=856","2026-09-10"
"857","Beauty of Kent","Appel","Beaute de Kent, Bellezza Di Kent, Countess of Warwick, Gadd's Seedling, Kent Beauty, Kentish Beauty, Kentish Broading, Kentish Pippin, Kentskaya Krasavitsa, Peppin Kent, Pippin Kent, Reinette Grosse D'angleterre, Schoner Aus Kent, Wooling's Favourite, Worling's Favourite, Spring Grove Codlin","","1875","Nee","Ja","Malus domestica","https://deoerakker.cgn.wur.nl/or/detail.asp?Nr=857","2026-09-10"
"858","Bedfordshire Foundling","Appel","Fundling Aus Bedfordshire, Cambridge Pippin, Mignon de Bedford, Bedford Foundling, Bedford's Hire Foundling, Bedford'shire Foundling, Bedfordshire Forming, Bedfordshire Fundling, Bedfordshirskii Naidyonysh, Bedforshire Foudling, Bedforshire Fundling, Beldforshire Foundling, Cambridge Pippin, Findling Aus Bedfordshire, Findling Von Bedfordshire, Fundling Aus Bedfordshire, Mignon de Bedford, Mignonne de Bedford, Mignonne de Bedfort, Trouve Dans Le Comte de Bedford, Trouve Dans Le Comte de Bedfordshire, Trovatello de Bedfordshire","","1868","Nee","Ja","Malus domestica","https://deoerakker.cgn.wur.nl/or/detail.asp?Nr=858","2026-09-10"
"859","Bele de Saumur","Appel","","","1863","Nee","Nee","Malus domestica","https://deoerakker.cgn.wur.nl/or/detail.asp?Nr=859","2026-09-10"
"860","Belle Agathe","Appel","","","1880","Nee","Nee","Malus domestica","https://deoerakker.cgn.wur.nl/or/detail.asp?Nr=860","2026-09-10"
"861","Belle Angevine","Appel","","","1880","Nee","Nee","Malus domestica","https://deoerakker.cgn.wur.nl/or/detail.asp?Nr=861","2026-09-10"
"862","Belle Conquete","Appel","","","","Nee","Nee","Malus domestica","https://deoerakker.cgn.wur.nl/or/detail.asp?Nr=862","2026-09-10"
"863","Belle d'Avril","Appel","","","1868","Ja","Ja","Malus domestica","https://deoerakker.cgn.wur.nl/or/detail.asp?Nr=863","2026-09-10"
"864","Belle de Pontoise","Appel","Frumos de Pontoise, Pontoiske, Pontuazskaia Krasavita, Pontuazskaya Krasavitsa, Schoener Von Pontoise, Schoner Aus Pontoise, Schoner Von Pontoise","Hand- En Keukenappel","","Ja","Ja","Malus domestica","https://deoerakker.cgn.wur.nl/or/detail.asp?Nr=864","2026-09-10"
"865","Belle de Senar","Appel","","","","Nee","Nee","Malus domestica","https://deoerakker.cgn.wur.nl/or/detail.asp?Nr=865","2026-09-10"
"866","Belle des Jardins","Appel","","","1880","Nee","Nee","Malus domestica","https://deoerakker.cgn.wur.nl/or/detail.asp?Nr=866","2026-09-10"
"867","Belle du Bois","Appel","","","1880","Nee","Ja","Malus domestica","https://deoerakker.cgn.wur.nl/or/detail.asp?Nr=867","2026-09-10"
"868","Belle du Havre","Appel","","","1880","Nee","Nee","Malus domestica","https://deoerakker.cgn.wur.nl/or/detail.asp?Nr=868","2026-09-10"
"869","Belle Josephine","Appel","","","1911","Nee","Nee","Malus domestica","https://deoerakker.cgn.wur.nl/or/detail.asp?Nr=869","2026-09-10"
"870","Bellefleur (Blijer)","Appel","Suikerzure, Suiker Appel, Bleyer Bellefleur","","1929","Ja","Nee","Malus domestica","https://deoerakker.cgn.wur.nl/or/detail.asp?Nr=870","2026-09-10"
"871","Ben Davis","Appel","","","1880","Nee","Nee","Malus domestica","https://deoerakker.cgn.wur.nl/or/detail.asp?Nr=871","2026-09-10"
"872","Bengelzoet","Appel","","","1935","Nee","Nee","Malus domestica","https://deoerakker.cgn.wur.nl/or/detail.asp?Nr=872","2026-09-10"
"873","Benoni","Appel","","Handappel","rond","Ja","Ja","Malus domestica","https://deoerakker.cgn.wur.nl/or/detail.asp?Nr=873","2026-09-10"
"874","Berglander","Appel","Vlaanderse Bellefleur, Bellefleur des Flandres, Vlaamse Bellefleur","","1943","Nee","Ja","Malus domestica","https://deoerakker.cgn.wur.nl/or/detail.asp?Nr=874","2026-09-10"
"875","BestRood","Appel","Best Rood","Handappel","1899","Ja","Nee","Malus domestica","https://deoerakker.cgn.wur.nl/or/detail.asp?Nr=875","2026-09-10"
"876","Betuwse Present","Appel","","","1930","Nee","Nee","Malus domestica","https://deoerakker.cgn.wur.nl/or/detail.asp?Nr=876","2026-09-10"
"877","Biesterfelder Renette","Appel","Biesterfelder, Biesterfelder Gold Reinette, Biesterfelder Reinette, Biesterfeldska Reneta, Reinette de Biesterfeld, Ren, Vruchtappel","","","Ja","Nee","Malus domestica","https://deoerakker.cgn.wur.nl/or/detail.asp?Nr=877","2026-09-10"
"878","Bismarck","Appel","Bismarck Appel, Bismarckapfel, Bismarckapfel Aus Neuseeland, Bismarckovo, Bismarcksapple, Bismark, Bismarkovo Jablko, Furst Bismarck, Pomme Bismarck, Prince Bismarck, Prince Bismark","Hand- En Keukenappel","","Ja","Ja","Malus domestica","https://deoerakker.cgn.wur.nl/or/detail.asp?Nr=878","2026-09-10"
"879","Blanche a la Verite","Appel","","","","Nee","Nee","Malus domestica","https://deoerakker.cgn.wur.nl/or/detail.asp?Nr=879","2026-09-10"
"880","Blanche Passe Pomme","Appel","","","","Nee","Nee","Malus domestica","https://deoerakker.cgn.wur.nl/or/detail.asp?Nr=880","2026-09-10"
"881","Blanke Ananas appel","Appel","Ananas Blanke, Tobias Appel, Weiszer Ananasapfel","","1868","Ja","Nee","Malus domestica","https://deoerakker.cgn.wur.nl/or/detail.asp?Nr=881","2026-09-10"
"882","Blanke Peer Zoete","Appel","","","","Nee","Nee","Malus domestica","https://deoerakker.cgn.wur.nl/or/detail.asp?Nr=882","2026-09-10"
"883","Blanke Ribber","Appel","","","","Nee","Nee","Malus domestica","https://deoerakker.cgn.wur.nl/or/detail.asp?Nr=883","2026-09-10"
"884","Blanke Tulpappel","Appel","Zomer Aagt, Zomer Agatha, Witte Kruidappel, Kruideling (witte), Tarwappel, Zijden Hemdje, Oogstappel, Augustus Appel, Pijpappel, Sommer Gewurzapfel, Weisser Sommer Gewurzapfel, Calville Precoce, Palastiner, Weisse Sommer Schafsnase, Englischer Kantapfel, Schonbeck's Fruher Gewurzapfel, Pomme Avant Toutes, Sommer Postoph, Foxley Russian Apple","","1868","Nee","Nee","Malus domestica","https://deoerakker.cgn.wur.nl/or/detail.asp?Nr=884","2026-09-10"
"885","Blenheim Orange","Appel","Blenheim, Kemster's Pippin, Perle D' Angleterre, Imperatrice Eugenie, Burns Seedling, Beauty of Dumbleton, Belle D'angers, Bleinheim Pepping, Bleinheim Pippin, Blenhaimska Zlatna Reneta, Blenheim, Blenheim Orange Pippin, Blenheim Pepping, Blenheim Pippin, Blenheimer Goldrenette, Blenheimer Reinette, Blenheimi Renet, Blenheims Guldrenett, Blenheimska, Blenheimska Reneta, Blenheimska Reneta, Gold Reinepippin, Gold Reinette Von Blenheim, Konigin Victoria, Lucius Apfel, Northampton, Northwich Pippin, Northwick Pippin, Northwitch Blenheim, Orange Pippin, Perle D'angleterre, Pomme de Blenheim, Postrophe, Prince de Galles, Prince of Wales, Reinette d'Or de Blenheim, Reinette de Blenheim, Reinette de Savalle, Reinette Dorte de Blenheim, Reinette Gold Von Blenheim, Renet Auriu de Blenheim, Renet Blengeimskii, Renet Blengheimskii, Renet de Blenheim, Renet Zolotoi Blengeimskii, Renet Zolotoi Blengheimskii, Reneta Blenheimska, Renetta Dorata Di Blenheim, Ward's Pippin, Woodstock, Woodstock Pippin, Woodstock's Pippin, Zlota Reneta Blenheimska","","1818","Ja","Ja","Malus domestica","https://deoerakker.cgn.wur.nl/or/detail.asp?Nr=885","2026-09-10"
"886","Bloem Zuur","Appel","Blanke Rabauw","","","Nee","Nee","Malus domestica","https://deoerakker.cgn.wur.nl/or/detail.asp?Nr=886","2026-09-10"
"887","Bloemeezoet","Appel","Zoete Bloemee, Bloemzoet, Herfst Bloemzoete, Blomzoet, Hollandsche Zoete, Goede Zoete, Kandy Zoete, Kandijzoet","Zoete Appel","19e","Ja","Ja","Malus domestica","https://deoerakker.cgn.wur.nl/or/detail.asp?Nr=887","2026-09-10"
"888","Bobowski","Appel","","","","Nee","Nee","Malus domestica","https://deoerakker.cgn.wur.nl/or/detail.asp?Nr=888","2026-09-10"
"889","Boeren Aagtje","Appel","Goud Appeltje","Handappel","1830","Nee","Nee","Malus domestica","https://deoerakker.cgn.wur.nl/or/detail.asp?Nr=889","2026-09-10"
"890","Boerma appel","Appel","","","","Ja","Nee","Malus domestica","https://deoerakker.cgn.wur.nl/or/detail.asp?Nr=890","2026-09-10"
"891","Bohnapfel","Appel","Anhalter, Bobovoe, Bobovoe Bolsoe, Bohn Apfel, Bohn Alma, Bohn Apfel, Bohnapfel Grosser, Bohnapfel Rheinischer, Bohnapfelgrosser Rheinischer, Bohnovo Velkt Jablko, der Grosse Bohnapfel, Ferro Rosso, Grochowka, Grochowka Ws Ielka, Gros Bohn, Gros Bohnapfel, Gros Bohn, Gross Bohn, Grossa Di Bohn, Grosse Rheinischer, Grosser Bohn Apfel, Grosser Bohnapfel, Grosser Rheinischer Bohn, Grosser Rheinischer Bohn Apfel, Grosser Rheinischer Bohnapfel, Grosser Rhenisch Bohnapfel, Jackerle, Nagy Bohn Alma, Pomme Bohn, Pomme Haricot, Pomme Bohn, Reinskoe Bobovoe, Rheinischer Bohnapfel, Salzhauser Rheinischer, Strymka, Wax Apple, Weisser Bohn Apfel, Weisser Bohnapfel","","1800","Ja","Ja","Malus domestica","https://deoerakker.cgn.wur.nl/or/detail.asp?Nr=891","2026-09-10"
"892","Boikenappel","Appel","Boiken, Beuken, Birken, Birkin, Boiken Apfel, Boiken Alma, Boiken Apfel, Boikenapfel, Boikenapple, Boikovo, Boikovo Jablko, Bojkovo, Bolken, Jablko Boikovo, Pomme Boiken, Zlotka Boikena","","1828","Ja","Ja","Malus domestica","https://deoerakker.cgn.wur.nl/or/detail.asp?Nr=892","2026-09-10"
"893","Bonte calville","Appel","","","1921","Nee","Nee","Malus domestica","https://deoerakker.cgn.wur.nl/or/detail.asp?Nr=893","2026-09-10"
"894","Bonte Pigeon","Appel","Passe Pomme Panache, Pomme de Jerusalem.","","","Nee","Nee","Malus domestica","https://deoerakker.cgn.wur.nl/or/detail.asp?Nr=894","2026-09-10"
"895","Bordaanaappel","Appel","","","1940","Nee","Nee","Malus domestica","https://deoerakker.cgn.wur.nl/or/detail.asp?Nr=895","2026-09-10"
"896","Borsdorffer appel (Vroege)","Appel","Langstelige Borsdorffer","","","Nee","Nee","Malus domestica","https://deoerakker.cgn.wur.nl/or/detail.asp?Nr=896","2026-09-10"
"897","Bosappel","Appel","","","1880","Ja","Nee","Malus domestica","https://deoerakker.cgn.wur.nl/or/detail.asp?Nr=897","2026-09-10"
"898","Boston Russet","Appel","","","1854","Nee","Nee","Malus domestica","https://deoerakker.cgn.wur.nl/or/detail.asp?Nr=898","2026-09-10"
"899","Brabantse Bellefleur","Appel","Zure Bellefleur, Roter Bellefleur, Pitit Bon Pommier, Belfler Brabantskii, Belle de Flandres, Belle Fleur Brabant, Belle Fleur de Brabant, Belle Fleur Kleiner Brabanter, Belle Fleur Simple, Belle Fleur D'automne, Belle Fleur D'hiver, Belle Fleur de Brabant, Bellefleur Brabandse Zure, Bellefleur Brabant, Bon Pommier, Bon Pommier, Bon Pommier, Bon Pommier D'automne, Brabandsche Belle Fleur, Brabansche Belle Fleur, Brabansche Bellefleur, Brabant, Brabant Belle Fleur, Brabant Belle Fleur, Brabant Belle Flower, Brabant Bellflower, Brabanter Belle Fleur, Brabantse Belle Fleur, Brabantse Bellefleur, de Brabandse Bellefleur Appel, de Brabandse Bellfleur Appel, Enkele Bellefleur, Gloire de Flandes, Gloire de Flandre, Glory of Flanders, Grosser Brabanter Belle Fleur, Iron, Iron Apple, Kenteman's Apfel, Kenteman's Appel, Keulemans, Kleine Belle Fleur, Kleine Bellefleur, Kleine Brabanter Bellefleur, Kleiner Brabanter, Kleiner Brabanter Belle Fleur, Kleiner Brabanter Belle Fleur, Koolappel, Large Mouche, New Scarlet Pearmain, Petit Bon Pommier, Petite Belle Fleur, Petite Bonne Ente, Rambour Rouge, Strieping, Sweet Laden, Sweet Lading, Sweet Laydon, Sweet Leyden, Westland Bellefleur, Westlandische Belle Fleur, Westlandse Bellefleur, Winter Belle Fleur, Winter Bellefleur, Zure Brabantse Bellefleur","Hand- En Moesappel","1926","Ja","Ja","Malus domestica","https://deoerakker.cgn.wur.nl/or/detail.asp?Nr=899","2026-09-10"
"900","Braddick' s Non Pareil","Appel","Braddick's Nonpareil, Braddick's Sondergleichen, Braddicks Sondergleichen, Ditton Nompareil, Ditton Nonpareil, Ditton Pippin, Lincolnshire Reinette, Non Pareille de Braddick, Nonpareil Braddick's, Nonpareille de Braddick","","1868","Ja","Nee","Malus domestica","https://deoerakker.cgn.wur.nl/or/detail.asp?Nr=900","2026-09-10"
"901","Bramley's Seedling","Appel","Bramley, Bramleys Samling, Triomphe de Kiel, Sedeling","Hand- En Moesappel","1876","Ja","Ja","Malus domestica","https://deoerakker.cgn.wur.nl/or/detail.asp?Nr=901","2026-09-10"
"902","Brand appel","Appel","","","","Nee","Nee","Malus domestica","https://deoerakker.cgn.wur.nl/or/detail.asp?Nr=902","2026-09-10"
"903","Brand appel (Zoete)","Appel","Brand Zoete","","","Nee","Nee","Malus domestica","https://deoerakker.cgn.wur.nl/or/detail.asp?Nr=903","2026-09-10"
"904","Brickley's Seedling","Appel","","","1854","Nee","Nee","Malus domestica","https://deoerakker.cgn.wur.nl/or/detail.asp?Nr=904","2026-09-10"
"905","Brielsche Calville","Appel","Calville Brielsche","","1868","Nee","Nee","Malus domestica","https://deoerakker.cgn.wur.nl/or/detail.asp?Nr=905","2026-09-10"
"906","Bruindeling","Appel","Bruineling, Bruindert, Zwart Gat","","","Nee","Nee","Malus domestica","https://deoerakker.cgn.wur.nl/or/detail.asp?Nr=906","2026-09-10"
"907","Bruinzoete","Appel","","","1863","Nee","Nee","Malus domestica","https://deoerakker.cgn.wur.nl/or/detail.asp?Nr=907","2026-09-10"
"908","Burchardt's Reinette","Appel","Burchardt's Goldreinette, Burchardtova Reneta, Burchardts Reinette, Burchardts Reinette Burchardt's Seedling, Reinette Burchard's, Reinette Burchardt, Reinette Burchardt's, Reinette de Burchardt, Renet Burkhardta","","1868","Nee","Ja","Malus domestica","https://deoerakker.cgn.wur.nl/or/detail.asp?Nr=908","2026-09-10"
"909","Burns Seedling","Appel","Blenheim Pippin, Burn's Saemling, Burn's Samling, Burns Seedling, Burns's Seedling, Burr's Seedling","","1868","Nee","Ja","Malus domestica","https://deoerakker.cgn.wur.nl/or/detail.asp?Nr=909","2026-09-10"
"910","Calville Blanche d'Ete","Appel","Witte Zomercalville, Witte Herfstcalville","","","Ja","Ja","Malus domestica","https://deoerakker.cgn.wur.nl/or/detail.asp?Nr=910","2026-09-10"
"911","Calville Imperiale","Appel","","","1868","Nee","Nee","Malus domestica","https://deoerakker.cgn.wur.nl/or/detail.asp?Nr=911","2026-09-10"
"912","Calville Lesans","Appel","Calville Madam Lesans","","","Ja","Nee","Malus domestica","https://deoerakker.cgn.wur.nl/or/detail.asp?Nr=912","2026-09-10"
"913","Calville Rouge d'Automne","Appel","Rode Herfst Calville, Herfst Present, Gelders Present","Hand- En Keukenappel","","Ja","Ja","Malus domestica","https://deoerakker.cgn.wur.nl/or/detail.asp?Nr=913","2026-09-10"
"914","Calville Rouge d'Hyver","Appel","Rode Winter Calville, Sanguinole, Calville Sanguinole, Calville Musque, Achte Rote Winter Calville, Achter Roter Winter Calvill, Achter Roter Winter Calville, Aechter Roter Winter Calvill, Aechter Roter Winter Calville, Aechter Rother Winter Calvill, Blutroter Calvill, Blutroter Calville, Caillot Rosat, Caleville Musque, Caleville Sanguinole, Calleville Musque, Calleville Rouge, Calleville Rouge Couronnee, Calleville Rouge D'hiver, Calleville Rouge de Paques, Calleville Royal D'hiver, Calleville Sanguinole, Callot Rosat, Calvil Rosu de Iarna, Calvilla Rossa D'hiver, Calvilla Rossa D'inverno, Calvilla Rossa Di Pasqua, Calville Acheter Rothe Winter, Calville D'anjou, Calville D'automne, Calville Dit Sanguinole, Calville Flamense, Calville Imperiale, Calville Longue D'hiver, Calville Musque, Calville Musque D'hiver, Calville Musquee, Calville Passe Pomme D'hiver, Calville Red, Calville Rosat, Calville Rouge, Calville Rouge Couronnee, Calville Rouge D'anjou, Calville Rouge D'anjou D'hiver, Calville Rouge D'automne Et D'hiver, Calville Rouge de Normandie, Calville Rouge de Paques, Calville Rouge Dedans Et Dehors, Calville Rouge en Dedans Et en Dehors, Calville Rouge Longue D'hyver, Calville Rouge Normand, Calville Rouge Normande, Calville Rouge Sangue D'hiver, Calville Royal D'hiver, Calville Royale D'hiver, Calville Vrai des Allemands, Calville Vraie des Allemands, Cerveny Zimni Hranac, Coeur de Boeuf, Couchine, Cushman's Black, D'outre Passe, de Bretagne Rouge, Echter Roter Winter Calvill, Gallwill Rusch, General, Gestreifter Muskat Calvill, Grosse Calville Rouge D'hiver, Kalvil Krasnii Zimnii, Kalvil Krasnyi Zimnii, la Generale, Le General, Outre Passe, Passe Pomme Cotelee, Passe Pomme Cotellee, Passe Pomme D'automne, Passe Pomme D'autumn, Passe Pomme D'hiver, Passe Pomme Cotelee, Passe Pomme D'automne, Passe Pomme D'hiver, Passe Pomme Generale, Passe Pomme Reouge Dedans, Passe Pomme Rouge en Dedans Et Dehors, Passe Pomme Soyette, Passe Pomme Tardive, Pomme D'outre Passe, Pomme D'outre Passe, Pomme de Bretagne Rouge, Pomme Outre Passe, Rambour Turc, Red Calville, Red Winter Calville, Red Winter Calville, Rode Winter Calvill, Rode Winter Calville, Roode Paasch, Roode Winter Calville, Rote Winter Calville, Roter Eck Apfel, Roter Eckapfel, Roter Himbeer Apfel, Roter Oster Calvill, Roter Oster Kalvil, Roter Oster Calvill, Roter Winter Calvill, Roter Winter Calville, Roter Winter Erdbeer Apfel, Roter Winter Erdbeerapfel, Roter Winter Himbeer Apfel, Roter Winter Himbeerapfel, Roter Winter Quitten Apfel, Roter Winter Quittenapfel, Roter Winterkalwil, Roter Winterquittenapfel, Rothe Winter Calville, Rother Winter Calvill, Rouveau, Sanguinole, Teli Piros Kalvil, Vraie Calville Rouge D'hiver, Winter Red Calv","Keukenappel","1600","Nee","Ja","Malus domestica","https://deoerakker.cgn.wur.nl/or/detail.asp?Nr=914","2026-09-10"
"915","Calville Saint Sauveur","Appel","Kattekop, Calleville de Saint Sauveur, Calvill St. Sauveur, Calvill Von St. Sauveur, Calvilla Di San Salvatore, Calville Saint Sauveur, Calville St.sauveur, de Saint Sauveur, E Erloser Calvill, Erloser Calvill, Kalvil Sen Sover, Pomme de Saint Sauveur, Pomme de Saint Sauveur, Pomme Saint Sauveur, Pomme St. Sauveur, Reinette Saint Sauveur, Saint Sauveur, Saint Sauveur Calvill, Saint Saveur, Saint Sauveurer Calville, St. Saveur","Keukenappel","1911","Nee","Ja","Malus domestica","https://deoerakker.cgn.wur.nl/or/detail.asp?Nr=915","2026-09-10"
"916","Calville van Boskoop","Appel","","","1868","Nee","Nee","Malus domestica","https://deoerakker.cgn.wur.nl/or/detail.asp?Nr=916","2026-09-10"
"917","Canada Reinette Gris","Appel","Brown Russet, French Royal Russet, Graue Canadische Reinette, Graue Canadische Russet, Grise Royale, Keeping Russet, Koeniglicher Russet, Koniglicher Rotbrauner Apfel, Koniglicher Rothbrauner, Koniglicher Rothling, Koniglicher Rotling, Koniglicher Russet, Koniglicher Russling, Konigs Russling, Large Russet, Leathercoat, Leather Coat, Leather Coat Russet, Leather Coat, Leather Coat Russet, Leathercoat, Leathercoat Russet, Neathercott Reinette du Canada, Old Royal Russet, Passe Pomme de Canada, Passe Pomme du Canada, Passe Pomme du Canada Grise, Passe Pomme Gris, Passe Pomme de Canada, Passe Pomme du Canada, Passe Pomme du Canada Gris, Pomme du Canada, Pomme Royale, Posse Pomme de Canada, Posse Pomme du Canada, Reinette de Canada Grise, Reinette de Canada Grise Et Plate, Reinette de Canada Plat, Reinette de Canada Plate, Reinette de Canada Platte, Reinette du Canada Grise, Reinette du Canada Plate, Reinette du Canada Platte, Reinette Grise du Canada, Reinette Grise Royale, Reinette Royal Russetting, Rousette Royale, Roussette a Peau de Cuir, Roussette Enveloppee de Cuir, Roussette Envoloppee de Cuire, Roussette Royale, Royal Russeling, Royal Russet","","1868","Ja","Ja","Malus domestica","https://deoerakker.cgn.wur.nl/or/detail.asp?Nr=917","2026-09-10"
"918","Cardinal de Juillet","Appel","","Handappel","1868","Ja","Nee","Malus domestica","https://deoerakker.cgn.wur.nl/or/detail.asp?Nr=918","2026-09-10"
"919","Carmin de Juin","Appel","","","","Nee","Nee","Malus domestica","https://deoerakker.cgn.wur.nl/or/detail.asp?Nr=919","2026-09-10"
"920","Caroline Anglaise","Appel","Engelse Carolijn, Caroline D'angleterre, Zomer Present, Present Royal D'ete","","","Nee","Ja","Malus domestica","https://deoerakker.cgn.wur.nl/or/detail.asp?Nr=920","2026-09-10"
"921","Cellini","Appel","Cellini Pippin, Centennial, Chellini, Norfolk Challenger, Philip's Seedling, Phillip's Seedling, Phillips Seedling, Phillips' Seedling, Seedling Peppin, Selling Pippin, Tsellini","Keukenappel","1933","Ja","Ja","Malus domestica","https://deoerakker.cgn.wur.nl/or/detail.asp?Nr=921","2026-09-10"
"922","Charles Ross","Appel","Ross, Sharl Ross, Thomas Andrew Knight","Hand- En Keukenappel","1933","Ja","Ja","Malus domestica","https://deoerakker.cgn.wur.nl/or/detail.asp?Nr=922","2026-09-10"
"923","Christmas Pearmain","Appel","Bunyard's Christmas Pearmain","","1893","Ja","Ja","Malus domestica","https://deoerakker.cgn.wur.nl/or/detail.asp?Nr=923","2026-09-10"
"924","Citroen Bellefleur","Appel","","","1942","Nee","Nee","Malus domestica","https://deoerakker.cgn.wur.nl/or/detail.asp?Nr=924","2026-09-10"
"925","Citroenappel","Appel","Citroenzuur","","1860","Nee","Nee","Malus domestica","https://deoerakker.cgn.wur.nl/or/detail.asp?Nr=925","2026-09-10"
"926","Clasie appel","Appel","","","1940","Nee","Nee","Malus domestica","https://deoerakker.cgn.wur.nl/or/detail.asp?Nr=926","2026-09-10"
"927","Coe's Golden drop","Appel","","","1868","Ja","Nee","Malus domestica","https://deoerakker.cgn.wur.nl/or/detail.asp?Nr=927","2026-09-10"
"928","Coeur de Boeuf","Appel","","","","Ja","Ja","Malus domestica","https://deoerakker.cgn.wur.nl/or/detail.asp?Nr=928","2026-09-10"
"929","Constantij de Groot","Appel","","","1940","Nee","Nee","Malus domestica","https://deoerakker.cgn.wur.nl/or/detail.asp?Nr=929","2026-09-10"
"930","Cornish Aromatic","Appel","Aromatic, Aromatic Pippin, Aromatic Russet, Aromatique de Cornouailles, Cornwalliser Gewurzapfel, Siberian Russet","","1868","Ja","Ja","Malus domestica","https://deoerakker.cgn.wur.nl/or/detail.asp?Nr=930","2026-09-10"
"931","Cornish Gilliflower","Appel","Calville D'angleterre, Cornwalliser Nelkenapcalleville D'angleterre, Calville D'angleterre, Cornish Giliflower, Cornish Gillyflower, Cornish Juli Flower, Cornish July Flower, Cornish Julyflower, Cornwalliser Nelken, Cornwalliser Nelken Apfel, Cornwalliser Nelkenapfel, Cornwallisser, Gilliflower, Julie Flomer, July Flomer, July Flower, July Flower, Julyflower, Kalvil Angliiskii, Nelken Apfel, Nelken Apfel, Pomme Regelans, Red Gilliflower, Regalans, Fel, Pomme Regelans","Moesappel","1875","Ja","Ja","Malus domestica","https://deoerakker.cgn.wur.nl/or/detail.asp?Nr=931","2026-09-10"
"932","Cortland","Appel","Cartland, Courtland, Courtlandt","Handappel","1898","Ja","Ja","Malus domestica","https://deoerakker.cgn.wur.nl/or/detail.asp?Nr=932","2026-09-10"
"933","Court of Wick","Appel","Golden Drop, Fry's Pippin, Week's Pippin, Anis Seed, Anise Seed, Aniseed, Barlow, Court de Wick, Court of Wick Pippin, Court of Wyck, Fry' Kingswick, Kingswick Pippin, Knightwich Pippin, Knightwick, Knightwick Pippin, Pepping van Court of Wick, Pepping Von Court of Wick, Philip's Reinette, Phillip's Reinette, Phillips' Reinette, Phillips's Reinette, Rendell's Pippin, Richlieu Pearmain, Rival Golden Pippin, Transparent Pippin, Week's Pippin, Weeks' Pippin, Weeks's Pippin, Wick Pippin, Wick's Pippin, Wood's Huntingdon, Wood's Huntington, Wood's New Transparent, Wood's Transparent, Wood's Transparent Pippin, Woods Huntingdon, Yellow, Yellow Pippin","","1868","Nee","Ja","Malus domestica","https://deoerakker.cgn.wur.nl/or/detail.asp?Nr=933","2026-09-10"
"935","Court Pendu Blanc","Appel","Witte Korpendu, Court Pendu Blanc","","","Nee","Nee","Malus domestica","https://deoerakker.cgn.wur.nl/or/detail.asp?Nr=935","2026-09-10"
"1499","Court Pendu Douce","Appel","Zoete Court Pendu","","","Ja","Nee","Malus domestica","https://deoerakker.cgn.wur.nl/or/detail.asp?Nr=1499","2026-09-10"
"934","Court Pendu Gris","Appel","Grauwe Korpendu, Bardin, Pomme de Bardin, Goslingase Reinet, Bardin, Calamania, Calamila, Calamine, Capendu, Capendu Reinette, Courpendu, Courpendu Roux, Court Pendu, Court Pendu Dore, Court Pendu Doree, Court Pendu, Court Pendu Dore, Court Pendu Doree, Court Pendu Jaune, Court Pendu Doree, Courtpendu Gris, de Capendu, de Carpendu, de Cas Pendu, de Courpendu, de Quapendu, de Romeau, Drap d'Or, Fenouillet Gris, Graa Kortstilk, Grauer Kurzstiel, Grayer Kurzstiel, Grayer Kurzteel, Gros Courpendu, Petit Courpendu, Petit Court Pendu, Reinette Court Pendu, Reinette Courtpendu","","1868","Ja","Ja","Malus domestica","https://deoerakker.cgn.wur.nl/or/detail.asp?Nr=934","2026-09-10"
"936","Cox's Orange Pippin","Appel","Pippeling Cox Orange, Pomme Reinette Orange de Cox, Apelsinnyi Renet, Aranciata Di Cox, Cos Orange, Cox, Cox Narancs Renet, Cox Orange, Cox Orange Pippin, Cox Orangen Pippin, Cox Orangen Reinette, Cox Orangen Renette, Cox' Orangen, Cox' Orangen Renette, Cox's Orange, Cox's Orange Pepping, Cox's Orange Reinette, Cox's Orange Peppin, Cox's Orange Pippeling, Cox's Orangen Pippin, Cox's Orangen Reinette, Cox's Orangen Reinette, Cox's Pomeranzen Pepping, Cox's Pomeranzen Pepping, Coxova Reneta, Kemp's Orange, Kempe's Orange, Koksa Pomaranczowa, Koksova Oranjeva Reneta, Orange de Cox, Oranjevii Renet, Peppeling Cox Orange, Pomaranczowe Coxa, Reinette Cox's Orangen, Reinette Orange, Reinette Orange de Cox, Renet Coksa, Renet Cox Portocaliu, Renet Coxa, Renet Portocaliu, Reneta Coxa Pomaranzowa, Russet Pippin, Verbesserte Muscat Reinette, Verbesserte Muscat Reinette","Handappel","1830","Ja","Ja","Malus domestica","https://deoerakker.cgn.wur.nl/or/detail.asp?Nr=936","2026-09-10"
"937","Cox's Pomona","Appel","Pomona, Cox Pomona, Coxovo Jablko, Dean's Codlin, Fearn's, Fearn's Apple, Higg's Seedling, Hill's Seedling, Pomona, Pomona de Cox, Pomona Koksa, Royal Portugee","Hand- En Keukenappel","1825","Ja","Ja","Malus domestica","https://deoerakker.cgn.wur.nl/or/detail.asp?Nr=937","2026-09-10"
"938","Credes Quitten Reinette","Appel","Credos Gutten Reinette, Mandelreinette","","1868","Nee","Nee","Malus domestica","https://deoerakker.cgn.wur.nl/or/detail.asp?Nr=938","2026-09-10"
"939","Crimson Cox","Appel","Rod Cox's Orange, Rode Cox","","1936","Nee","Ja","Malus domestica","https://deoerakker.cgn.wur.nl/or/detail.asp?Nr=939","2026-09-10"
"940","Crimson Gravensteiner","Appel","","Hand- En Moesappel","","Nee","Nee","Malus domestica","https://deoerakker.cgn.wur.nl/or/detail.asp?Nr=940","2026-09-10"
"941","Crimson Peasgood","Appel","Crimson Peasgood's Nonsuch, Crimson Peasgoods","","1936","Nee","Ja","Malus domestica","https://deoerakker.cgn.wur.nl/or/detail.asp?Nr=941","2026-09-10"
"942","Crimsons Bramley","Appel","","","1932","Nee","Nee","Malus domestica","https://deoerakker.cgn.wur.nl/or/detail.asp?Nr=942","2026-09-10"
"943","Culemborgs Roodje","Appel","","","1942","Nee","Nee","Malus domestica","https://deoerakker.cgn.wur.nl/or/detail.asp?Nr=943","2026-09-10"
"944","Culotte de Suisse","Appel","","","","Nee","Nee","Malus domestica","https://deoerakker.cgn.wur.nl/or/detail.asp?Nr=944","2026-09-10"
"945","Dantziger Kant","Appel","Paarse Framboos Appel, Bentleber Rosenapfel, Dietrichs Winter Rosenapfel, Schwabischer Rosenapfel, Framboise Rouge, Florentiner, Grosser Roter Herbst Faros, Rubiner, Schmutzer, Rosenhager, Rella, Geddeholms Calville Rouge, Abraham's Apfel, Angolosa Danzica, Apfelmuser, Bendleber Rosen, Bentlebener Rosen Apfel, Bentlebener Rosenapfel, Bentleber, Bentleber Rose, Bentleber Rosen, Bentleber Rosenapfel, Calleville de Dantzick, Calvil de Danzig, Calvillartige Winter Rosenapfel, Calvillartiger Winter Rosen Apfel, Calvillartiger Winterrosenapfel, Calville de Dantzick, Calville de Dantzig, Calville de Danzig, Calville du Dantzig, Cousinotte D'automne, D'amour Rouge, Danczigi Bordas, Dansky Hranac, Dantigska Rabesta, Dantigskoe Rebristoe, Dantsigskoe Rebristoe, Dantzig a Cotes, Dantziger Kant, Dantziger Kantaeble, Dantziger Kantapfel, Dantziger Kantappel, Dantziger Kantapple, Danziger Kant, Danziger Kant Apfel, Danziger Kantaeble, Danziger Kantapple, Danziger Kant&#230;ble, Danzigsapple, Danzingi Bordas, Ditrichs Winter Rosenapfel, Erd Beere, Erdbeerapfel, Florentiner, Gdansky Hranac, Geddeholm's Calville Rouge, Geddeholms Calville Rouge, Grosser Roter Herbst Faros, Grosser Roter Herbst Faros, Grosser Rother Herbst Faros, Himbeerapfel, Hranac Gdansky, Kant Appel, Kantapfel, Kantapfel Danziger, Kantowka Gdanska, Laurentius Apfel, Lorenz Apfel, Lorenzapfel, Mainapfel, Marien Apfel, Marienapfel, Mela Fiorentina, Paradies Apfel, Paradiesapfel, Pomme D'amour Rouge, Pomme de Danztig a Cotes, Pomme Rose, Pomme Fraise, Pomme Framboise, Principaler, Rella, Rhode Kant, Rode Kant Apfel, Rode Kant Appel, Roode Kant, Rose D'hiver, Rose D'hiver en Forme de Calville, Rose de Bentleber, Rosen Apfel, Rosenapfel, Rosenfarbener Gestreifter Herbst Cousinot, Rosenhager, Roter Apollo, Roter Calvill, Roter Cardinal, Roter Kantapfel, Roter Liebes Apfel, Roter Liebesapfel, Roter Mark Apfel, Roter Markapfel, Roter Wulstling, Roter Zwiebel Apfel, Rubiner, Safstaholm's Rode Winter Rambour, Safstaholms Roda Winter Rambour, Saftstaholm Rode Winter Rambour, Saftstaholms Roda, Schmutzer, Schwabischer, Schwabischer Rosen Apfel, Schwabischer Rosenapfel, Sommerer, Spater Weinapfel, Tiefbutz, Tiefbutzer, Winter Rambour, Winter Rosen, Winter Rosen Apfel, Winter Rosenapfel, Zebernac Gdansky","Hand- En Keukenappel","1830","Ja","Ja","Malus domestica","https://deoerakker.cgn.wur.nl/or/detail.asp?Nr=945","2026-09-10"
"946","Deans Cadlen","Appel","","","1935","Nee","Nee","Malus domestica","https://deoerakker.cgn.wur.nl/or/detail.asp?Nr=946","2026-09-10"
"947","Dekker's Glorie","Appel","","Handappel","1938","Ja","Ja","Malus domestica","https://deoerakker.cgn.wur.nl/or/detail.asp?Nr=947","2026-09-10"
"948","Delicieuse de Kew","Appel","","","1890","Nee","Nee","Malus domestica","https://deoerakker.cgn.wur.nl/or/detail.asp?Nr=948","2026-09-10"
"949","Delicious","Appel","Red Delicious","","1933","Ja","Nee","Malus domestica","https://deoerakker.cgn.wur.nl/or/detail.asp?Nr=949","2026-09-10"
"950","Devonshire Quarrenden","Appel","Annat Scarlet, Devon Quarrenden, Devon Shire Red Quarrenden, Devonshire Quarenden, Devonshire Quarrender, Devonshire Quarrendon, Devonshire Quarrington, Englischer Scharlach Pepping, Englischer Scharlach Roter Sommer Pepping, Englischer Scharlach Sommer Pepping, Englischer Scharlachroter Sommer Pepping, Englisher Scharlach Peppin, Morgenrot Apfel, Morgenrotapfel, Pepin Alyi, Pippin Scarlet, Pomme Imptriale, Quarentine, Quarrenden, Quarrendon du Comitt de Devon, Quarrendon du Comtt de Devon, Quarrington, Red Quaren Den, Red Quarenthe, Red Quarentine, Red Quarrenden, Red Quarrendon, Red Quarringden, Roter Quarrenden, Roter Quarrendon, Sack, Sack Apple, Scarlet Pippin, Scharlach Pepping, Sharlakhovyi Pepin, Tsyganka","","1890","Ja","Ja","Malus domestica","https://deoerakker.cgn.wur.nl/or/detail.asp?Nr=950","2026-09-10"
"951","Diepe Kopjes","Appel","Diepe Kopjis, Little Hollow Crown","","1868","Nee","Nee","Malus domestica","https://deoerakker.cgn.wur.nl/or/detail.asp?Nr=951","2026-09-10"
"952","Dietzer Goudreinette","Appel","Dietzer Goldreinette, Dietzer Gold Reinette, Dietzer Winter Goldreinette, Reinette Doree de Dietz","","1868","Nee","Nee","Malus domestica","https://deoerakker.cgn.wur.nl/or/detail.asp?Nr=952","2026-09-10"
"953","Dietzer Mandelreinette","Appel","Dietzer Rothe Mandelreinette, Dietzer Amandelreinette","","1868","Nee","Nee","Malus domestica","https://deoerakker.cgn.wur.nl/or/detail.asp?Nr=953","2026-09-10"
"954","Dijkmanszoet","Appel","","Keukenappel","","Ja","Nee","Malus domestica","https://deoerakker.cgn.wur.nl/or/detail.asp?Nr=954","2026-09-10"
"955","Dikke Zoete","Appel","","","1935","Nee","Nee","Malus domestica","https://deoerakker.cgn.wur.nl/or/detail.asp?Nr=955","2026-09-10"
"956","Dirkappel","Appel","","","1943","Nee","Nee","Malus domestica","https://deoerakker.cgn.wur.nl/or/detail.asp?Nr=956","2026-09-10"
"957","Doeke Martens","Appel","","Moesappel","","Ja","Ja","Malus domestica","https://deoerakker.cgn.wur.nl/or/detail.asp?Nr=957","2026-09-10"
"958","Dokkumer Nije","Appel","","","1940","Ja","Nee","Malus domestica","https://deoerakker.cgn.wur.nl/or/detail.asp?Nr=958","2026-09-10"
"959","Dolphyn","Appel","Zoete Dolphyn, Dolphyn Triomphant, Zoete Bellefleur, Zoete Pigeon","","","Nee","Nee","Malus domestica","https://deoerakker.cgn.wur.nl/or/detail.asp?Nr=959","2026-09-10"
"960","Domeniska","Appel","","","1868","Nee","Nee","Malus domestica","https://deoerakker.cgn.wur.nl/or/detail.asp?Nr=960","2026-09-10"
"961","Doucin","Appel","","","","Nee","Nee","Malus domestica","https://deoerakker.cgn.wur.nl/or/detail.asp?Nr=961","2026-09-10"
"962","Doucklaer","Appel","","","1880","Nee","Nee","Malus domestica","https://deoerakker.cgn.wur.nl/or/detail.asp?Nr=962","2026-09-10"
"963","Doux d'Angers","Appel","","","","Nee","Nee","Malus domestica","https://deoerakker.cgn.wur.nl/or/detail.asp?Nr=963","2026-09-10"
"964","Doux d'Argent","Appel","","","1880","Nee","Nee","Malus domestica","https://deoerakker.cgn.wur.nl/or/detail.asp?Nr=964","2026-09-10"
"965","Downton Pippin","Appel","De Downton, Downton, Downton Golden Pippin, Downton Pepping, Downton Pepping, Downton's Pepping, Downtoner Pipping, Elton Golden Pippin, Elton Pippin, Knight's Golden Pippin, Knight's Pippin, Majestic, Pepin Dauntona, Pepin de Downton, Pomme de Downton, Reinette Carmelite, Saint Mary's Pippin, Saint Mary's Pippin, St. Mary's Pippin","","1806","Nee","Ja","Malus domestica","https://deoerakker.cgn.wur.nl/or/detail.asp?Nr=965","2026-09-10"
"966","Dr. Julian","Appel","","","1943","Nee","Nee","Malus domestica","https://deoerakker.cgn.wur.nl/or/detail.asp?Nr=966","2026-09-10"
"967","Dr. Seeligs Orangepepping","Appel","Dr. Seelig s Or. Reinette Ar","","","Ja","Nee","Malus domestica","https://deoerakker.cgn.wur.nl/or/detail.asp?Nr=967","2026-09-10"
"968","Drap d' Or","Appel","Reinet Drap d'Or, Charakter Appel, Goldzeug Apfel, Goudlakense Appel, Goldgestickter Apfel, Vrai Drap d'Or, Reinette Joseph Ii, Donauers Reinetten Rambour, Oberdiecks Grosse Gelbe Zuckerreinette, Berlinger, Weisser Stettiner, Ananasapfel","Handappel","1868","Ja","Ja","Malus domestica","https://deoerakker.cgn.wur.nl/or/detail.asp?Nr=968","2026-09-10"
"969","Drentse Bellefleur","Appel","","Hand- En Moesappel","","Ja","Nee","Malus domestica","https://deoerakker.cgn.wur.nl/or/detail.asp?Nr=969","2026-09-10"
"970","Du Halder","Appel","Pomme du Halder","","1868","Ja","Ja","Malus domestica","https://deoerakker.cgn.wur.nl/or/detail.asp?Nr=970","2026-09-10"
"971","Dubbelde Grauwe Reinet","Appel","","","","Nee","Nee","Malus domestica","https://deoerakker.cgn.wur.nl/or/detail.asp?Nr=971","2026-09-10"
"972","Dubbelde Griet","Appel","Griet (dubbelde)","","","Nee","Nee","Malus domestica","https://deoerakker.cgn.wur.nl/or/detail.asp?Nr=972","2026-09-10"
"973","Dubbelde Kruid appel","Appel","Goslingase Kruidling","","","Nee","Nee","Malus domestica","https://deoerakker.cgn.wur.nl/or/detail.asp?Nr=973","2026-09-10"
"974","Dubbele Apis","Appel","","","","Nee","Nee","Malus domestica","https://deoerakker.cgn.wur.nl/or/detail.asp?Nr=974","2026-09-10"
"975","Dubbele Bellefleur","Appel","Belle Fleur Double, Bellefleur. Lange Bellefleur, Bellefleur Longue","Hand- En Moesappel","","Ja","Ja","Malus domestica","https://deoerakker.cgn.wur.nl/or/detail.asp?Nr=975","2026-09-10"
"976","Dubbele Benderzoet","Appel","","","1942","Nee","Nee","Malus domestica","https://deoerakker.cgn.wur.nl/or/detail.asp?Nr=976","2026-09-10"
"977","Dubbele Grauwe Guldeling","Appel","Dubbele Gulderling, Potappel","","","Ja","Nee","Malus domestica","https://deoerakker.cgn.wur.nl/or/detail.asp?Nr=977","2026-09-10"
"978","Dubbele Rode Zoete Jopen","Appel","","","","Nee","Nee","Malus domestica","https://deoerakker.cgn.wur.nl/or/detail.asp?Nr=978","2026-09-10"
"979","Dubbele Zoete Guldeling","Appel","","","","Nee","Nee","Malus domestica","https://deoerakker.cgn.wur.nl/or/detail.asp?Nr=979","2026-09-10"
"980","Dubbele Zure Paradijs","Appel","Pedies, Pandies, Pardies, Paradijs Dubbele Zuren, Rother Eisenapfel, Rother Drei Jahre Dauernder Streifling, Pomme Rouge Rayee Durable Trois Ans, Rother Calvillartiger Suszapfel, Rother Eisenapfel, Rother Drei Jahre Dauernder Streifling, Pomme Rouge Rayee Durable Trois Ans, Rother Calvillartiger Suszapfel","","1758","Ja","Ja","Malus domestica","https://deoerakker.cgn.wur.nl/or/detail.asp?Nr=980","2026-09-10"
"981","Duchesse of Oldenburg","Appel","Augustapfel, Baravinka, Baroveski, Barovesky, Barovisky, Barovitsky, Barowiski, Barowisky, Barowistky, Barowitsky, Borawinskji, Borawinskoje, Borovinka, Borovinka Krapchataya, Borovinka Krasnaya, Borovinka Raspisnaya, Borovinskoye Yabloko, Borovitki, Borovitski, Borovitsky, Borowicki, Borowicky, Borowinka, Borowisky, Borowitski, Borowitsky, Borowizki, Boroyitsky, Bravinskaye, Chardamowka, Charlamoskischer Nallivia, Charlamousky, Charlamovka, Charlamovska, Charlamovski, Charlamovsky, Charlamowiski, Charlamowska, Charlamowski, Charlamowski D'automne, Charlamowskircher Nalleoid, Charlamowskischer Nalivi, Charlamowskischer Nalleoid, Charlamowsky, Charlamowsky D'automne, Charlamowsky'scher Nalivi, Charlamowskyscher Nalivia, Charlowsky, D'oldenbourg, de Lait, der Charlamowski, Dombrowski, Duchess, Duchess of Oldenberg, Duchess of Oldenburgh, Duchesse, Duchesse D'oldenbourg, Duchesse D'oldenbourgh, Duchesse D'oldenburg, Duchesse D'oldenburgh, Duchesse of Oldenburg, Duchesse of Oldenburgh, Dutchess of Oldenburgh, Early Joe, Eraste Apfel, Harlamovoskoe, Krapchatoe, Nalivic, Nalivu, New Brunswick, Oldenburg, Oldenburg Charlamovsky, Oldenburgh, Queen Mary, Roter Barowinka, Sarlemovske, Smith's Beauty of Newark","Hand- En Keukenappel","1911","Ja","Ja","Malus domestica","https://deoerakker.cgn.wur.nl/or/detail.asp?Nr=981","2026-09-10"
"982","Duif appel","Appel","","","","Nee","Nee","Malus domestica","https://deoerakker.cgn.wur.nl/or/detail.asp?Nr=982","2026-09-10"
"983","Duitsche Goudpippeling","Appel","Deutscher Goldpepping, Herrenhauser Deutscher Pepping, Hoyaischer Goldpepping , Von Duvens Nonpareil, Teutscher Gold Pepping, Pepping Allemand","","1868","Ja","Nee","Malus domestica","https://deoerakker.cgn.wur.nl/or/detail.asp?Nr=983","2026-09-10"
"984","Dulmener Rosen Apfel","Appel","Dulmener Herbstrosenapfel, Dulmener Rosenapfel","Hand- En Keukenappel","1932","Ja","Ja","Malus domestica","https://deoerakker.cgn.wur.nl/or/detail.asp?Nr=984","2026-09-10"
"985","Dumolow's Seedling","Appel","Beauty, Belle de Vennes, Belle des Vennes, de Sutton, Doncklaer, Doncklaer Seedling, Doncklaer's Seedling, Donclaer, Donclaer's Seedling, Duc de Wellington, Duke of Wellington, Dumeller's Crab, Dumelon's Seedling, Dumelow, Dumelow Seedling, Dumelow's Crab, Dumelow's Pippin, Dumelow's Wildling, Dumelows Crab, Dummelow's Seedling, Duncklaer's Seedling, Dunclaers Seedling, Durmmelous Seedling, Fair Maid of Taunton, Hawthornden D'hiver, Hawthornden Winter, Lord Duncan, Lord Hampton's Wonder, Normanton Wonder, Pomme de Sutton, Reinette Wellington, Souring, Souring Apple, Supson Frangt, Supson Frangte, Sutton Beauty, Wellington, Wellington Apple, Wellington Pippin, Wellington Reinette, Wellington's, Wellington's Apple, Wellington's Reinette, Wellingtons Reinette, Winter Hawthornden, Wunder Von Normanton","Moesappel","1911","Ja","Ja","Malus domestica","https://deoerakker.cgn.wur.nl/or/detail.asp?Nr=985","2026-09-10"
"986","Duquesne' s Pepping","Appel","Duquesne' S Pippeling, Pepin Duquesne","","1868","Nee","Nee","Malus domestica","https://deoerakker.cgn.wur.nl/or/detail.asp?Nr=986","2026-09-10"
"987","Dutch Mignonne","Appel","Belle Reinette de Caux, Casseler Reinette, Caux, Christ's Gold Reinette, Christ's Golden Reinette, Contor, Copmanshorpe Crab, Copmanshorpe Russet, Copmansthorp Crab, Copmansthorpe Crab, Copmanthorp Crab, Copmanthorpe Crab, Copmanthorpe Russet, Craft Angry, Croft Angry, de Laak, Duitch Mignonne, Duitsch Mignonne, Duitsche Mignonne, Dutch Mignome, Dutch Minion, Dutsch Mignon, Grosse Reinette Rouge Tiquetee, Hollandische Goldreinette, Hollandischer Mignon, Mignonne de Hollande, Mignonne Hollandaise, Pater Noster Apfel, Paternoster, Paternoster Apfel, Paternoster Apple, Pomme de Laak, Pomme de Lack, Rawle's Reinette, Rawles Reinette, Reinette de Cassel, Reinette de Caux, Reinette de Holland, Reinette Doree, Reinette Doree de Hollande, Reinette Imperatrice, Reinette Von Caux, Stettin Pippin, Stettiner Pepping, Thorpe Grabe, Vermillon D'andalousie","Hand- En Keukenappel","1868","Ja","Ja","Malus domestica","https://deoerakker.cgn.wur.nl/or/detail.asp?Nr=987","2026-09-10"
"988","Dutchesse de Brabant","Appel","","","1880","Nee","Nee","Malus domestica","https://deoerakker.cgn.wur.nl/or/detail.asp?Nr=988","2026-09-10"
"989","Early Joe","Appel","Joe Precoce","","1875","Ja","Nee","Malus domestica","https://deoerakker.cgn.wur.nl/or/detail.asp?Nr=989","2026-09-10"
"990","Early Red Bird","Appel","","","1936","Nee","Nee","Malus domestica","https://deoerakker.cgn.wur.nl/or/detail.asp?Nr=990","2026-09-10"
"991","Early Strawberry","Appel","","","1868","Ja","Nee","Malus domestica","https://deoerakker.cgn.wur.nl/or/detail.asp?Nr=991","2026-09-10"
"992","Early Victoria","Appel","Emneth Early, Emneth, Fruher Victoria, Fruher Viktoria, Fruher Viktoriaapfel","Hand- En Moesappel","1899","Ja","Nee","Malus domestica","https://deoerakker.cgn.wur.nl/or/detail.asp?Nr=992","2026-09-10"
"993","Echtelds Zoet","Appel","","","1942","Ja","Ja","Malus domestica","https://deoerakker.cgn.wur.nl/or/detail.asp?Nr=993","2026-09-10"
"994","Ecklingville Seedling","Appel","","","1911","Ja","Ja","Malus domestica","https://deoerakker.cgn.wur.nl/or/detail.asp?Nr=994","2026-09-10"
"995","Edelborsdorfer","Appel","Borsdorffer, Witte Leipziger Reinette, Birstof, Blagorodnoe Borsdorfskoe, Blanche de Leipsic, Blanche de Leipsig, Blanche de Leipsigk, Blanche de Leipzig, Bohmischer Borsdorfer, Borsdoff, Borsdoffer, Borsdorf, Borsdorf a Longue Queue, Borsdorf Hative, Borsdorfer, Borsdorfer Apfel, Borsdorfer Appel, Borsdorfer Apple, Borsdorfer Gold, Borsdorfer Nobile, Borsdorfer Queen's Apple, Borsdorff, Borsdorff Apple, Borsdorffer, Borsdorfiana Nobile, Borsdorfskoe, Borsdorfskoe Blagorodnoe, Borsdorfskoe Zimnee, Borsdorfskoye Blagorodnoye, Borstof, Borstoff a Longue Queue, Borstoff Hative, Borstoffer, Borstorf, Borstorfer, Borstorff a Longue Queue, Borstorff Hative, Borstorffer, Bursdoff, Bursdorff, Bursdorffer, Bursztowka Szlachetna, de Borsdorf, de Prochain, Deutscher Maschanzker, Deutscher Maschanzkerl, Edel Borsdorfer, Edel Winterborsdorfer, Edel Borsdorfer, Edelborstorfer, Edler Winter Borsdorfer, Edler Winter Borsdorffer, Edler Winter Borsdorfer, Edler Winter Borstorfer, Edler Winterborsdorfer, Edler Winterborstorfer, Edler Winterborstorffer, Elder Winterborstorfer, Ganet Pippin, Garret Pippin, Grand Bohemian Borsdorfer, Grand Bohemian Borsdorffer, Grand Bohemian Pippin, Grand Bohemian Borsdorffer, Herbstborsdorfer, King, King Apple, King George, King George Iii, King George of The Third, King George The Third, King George Third, L' Orgueil des Germains, Lavantthaler Maschansker, Le Grand Bohemian Borsdorfer, Le Grand Bohemian Borsdorffer, Le Grand Bohemien Borsdorffer, Le Grand Bohemian Borsdorfer, Leipziger Reinette, Marschansker, Marschanzker, Masance, Masanczi Alma, Masanschi, Masanszki Alma, Maschansker, Maschanskerl, Maschanzker, Maschanzkerl, Maschanzkez, Meissner Kreis, Mieschenskerapfel, Mischenske Jobliko, Mischensky Kray, Misen Ceska, Misenske, Orgueil des Germains, Pomme de Borsdorf, Pomme de Prochain, Pomme Prochain, Porstorfer, Porstorffer, Postdoff, Postophe, Postophe D'hiver, Queen Apple, Queen Charlotte's Apple, Queen's, Queen's Apple, Queens, Red Borsdorfer, Red Borsdorffer, Reinette Borsdorfer, Reinette Batard, Reinette Batarde, Reinette Batarde de Leipsick, Reinette Batarde de Leipsigk, Reinette Borsdoffer, Reinette Borsdorfer, Reinette Borsdorffer, Reinette D'allemagne, Reinette D'allemayne, Reinette de Leipsig, Reinette de Misnie, Reinette Misnia, Renet de Borsdorf, Renetta Di Borsdorf, Renetta Nobile Di Borsdorf, Tiroler Borsdorfer, Tiroler Maschanzker, Vzacna Misen, Weiner Maschanzkerl, Weiner Maschanzkerz, Weiner Maschauzker, Wiener Maschansker, Wiener Maschanzker, Wiener Maschanzkerl, Winter Bordstorfer of Nikatas, Winter Borsdorfer, Winter Borsdorffer, Witte Leipsiger, Witte Leipziger, Wittle Leipziger","Hand- En Keukenappel","1868","Ja","Nee","Malus domestica","https://deoerakker.cgn.wur.nl/or/detail.asp?Nr=995","2026-09-10"
"996","Eethense Wijnappel","Appel","","","","Nee","Nee","Malus domestica","https://deoerakker.cgn.wur.nl/or/detail.asp?Nr=996","2026-09-10"
"997","Eisdener Klumpke","Appel","Eysdener Klumpke, Sabot D'eisden, Posson Rouge de Hollande","Hand- En Moesappel","voor","Ja","Ja","Malus domestica","https://deoerakker.cgn.wur.nl/or/detail.asp?Nr=997","2026-09-10"
"998","Eldense Bellefleur","Appel","","","1888","Nee","Nee","Malus domestica","https://deoerakker.cgn.wur.nl/or/detail.asp?Nr=998","2026-09-10"
"999","Elise Ratkke Treurappel","Appel","Elisa Rathke, Elisa Rathkt, Elisa Ratk, Eliza Ratke, Rote Reinette","","1884","Ja","Nee","Malus domestica","https://deoerakker.cgn.wur.nl/or/detail.asp?Nr=999","2026-09-10"
"1000","Ellison's Orange","Appel","Ellison","Hand- En Moesappel","1911","Ja","Ja","Malus domestica","https://deoerakker.cgn.wur.nl/or/detail.asp?Nr=1000","2026-09-10"
"1001","Engelsche Carolyn","Appel","Caroline D'angleterre, Karlyn Appel, Present Royal D'ete, Zomer Present","","","Nee","Nee","Malus domestica","https://deoerakker.cgn.wur.nl/or/detail.asp?Nr=1001","2026-09-10"
"1002","Engelsche Paradys (zie: Vrouwtjes Appel)","Appel","","","","Nee","Nee","Malus domestica","https://deoerakker.cgn.wur.nl/or/detail.asp?Nr=1002","2026-09-10"
"1003","Engelsche Winter Goud Pearmain","Appel","Aranyparmen, Die Englische Winter Goldparmane, Englische Winter Gold Parmaene, Englische Winter Gold Parmane, Englische Winter Gold Pearmain, Englische Winter Gold Parmane, Englische Winter Golden Pearmain, Englische Winter Goldparmane, Englische Winter Winter Gold Parmane, Englische Winter Gold Parmane, Englische Winter Goldparmane, Englische Wintergoldparmane, English Winter Golden Pear, George I, George Ii, Gold Parmaene, Gold Parmane, Golden Winter Pearmain, Golden Winter Pearmain, Golden Winter Pearmain, Goldparmane, Goldreinette, Guld Pearmain, Guld Pearmain, Guldparman, Guldpearmain, Gullparman, Hampshire Golden Pippin, Hampshire King of The Pippins, Hampshire Yellow, Hampshire Yellow Golden Pippin, Hamshire Yellow, Herzogs Reinette, Jone's Southampton Pippin, Jones, Jones Southampton Pippin, Jones Southampton Pippins, Jones' Southampton Pippin, Jones' Southampton Yellow, Jones's Southampton Pippin, King of Pippins, King of The Pippin, King Pippin, Krolowa Renet, Orange Pearmain, Parm Einette, Parmain d'Or, Parmain Doree, Parmaine Doree, Parmen Zimnii Zolotoi, Parmena Zlata, Parmena Zlata Zimna, Parmena Zlata Zimni, Pearmain Dorata, Pearmain Dorato, Pearmain Dorato D'inverno, Pearmain Dore, Pearmain Dore D'hiver, Pearmain Doree, Pearmain Doree D'hiver, Pearmain Doree D'hiver, Pike's Pearmain, Polosatii Safran, Polosatii Shafran, Prince of Pippins, Prince's Pippin, Princess Pippin, Queen of The Pippins, Regina Delle Renette, Reine des Reinettes, Reinette d'Oree, Reinette de Friesland Hative, Reinette de la Couronne, Reinette Siavee, Seek No Farther, Seek No Further, Seek No Further, Shropshire Pippin, Teli Arany Parmen, The King of Pippins, Ventinus Ellacott, Ventinuss Ellicott Pippin, Ventmus Ellicott Pippin, Ventmuss Ellicot, Ventmuss Ellicott, Ventmuss Ellicott Pippin, Vermillon Raye, Vermillon Rayee, Vinter Guldpearmain, Winter Gol Parmane, Winter Gold Parmaene, Winter Gold Parmane, Winter Gold Pearmain, Winter Goldparmane, Winter Pearmain, Winter Gold Parmane, Winter Goldparmane, Wintergoldparmane, Zimni Zlote Parmena, Zimnii Zolotoi Parmen, Zlata Zimni Parmena, Zlatna Parmena, Zlota Reneta, Zlotoi Parmen, Surpasse Reinette","Handappel","zeer","Ja","Ja","Malus domestica","https://deoerakker.cgn.wur.nl/or/detail.asp?Nr=1003","2026-09-10"
"1004","Engelse Aagt","Appel","","","","Nee","Nee","Malus domestica","https://deoerakker.cgn.wur.nl/or/detail.asp?Nr=1004","2026-09-10"
"1005","Enkelde Kruid appel","Appel","Vroege Kruid Appel, Kruideling.","","","Nee","Nee","Malus domestica","https://deoerakker.cgn.wur.nl/or/detail.asp?Nr=1005","2026-09-10"
"1006","Enkele Paradijs","Appel","","Moesappel","1830","Nee","Nee","Malus domestica","https://deoerakker.cgn.wur.nl/or/detail.asp?Nr=1006","2026-09-10"
"1007","Enkele Zoete Guldeling","Appel","","","","Nee","Nee","Malus domestica","https://deoerakker.cgn.wur.nl/or/detail.asp?Nr=1007","2026-09-10"
"1008","Enkhuizer Aagt","Appel","Enkhuizer Maagd, Enkhuiser Appel, Tryn Wenster, Tryn Weeuwster, Tryn Wenster","Handappel","1830","Ja","Nee","Malus domestica","https://deoerakker.cgn.wur.nl/or/detail.asp?Nr=1008","2026-09-10"
"1009","Enkhuizer Zure Schijveling","Appel","","","1921","Nee","Nee","Malus domestica","https://deoerakker.cgn.wur.nl/or/detail.asp?Nr=1009","2026-09-10"
"1010","Epicure","Appel","Laxton's Epicure","Handappel","1936","Ja","Nee","Malus domestica","https://deoerakker.cgn.wur.nl/or/detail.asp?Nr=1010","2026-09-10"
"1011","Erveling (Winter)","Appel","","","","Nee","Nee","Malus domestica","https://deoerakker.cgn.wur.nl/or/detail.asp?Nr=1011","2026-09-10"
"1012","Erveling (Zoete)","Appel","","","","Nee","Nee","Malus domestica","https://deoerakker.cgn.wur.nl/or/detail.asp?Nr=1012","2026-09-10"
"1013","Erveling (Zomer of Herfst)","Appel","Hondert Merk","","","Nee","Nee","Malus domestica","https://deoerakker.cgn.wur.nl/or/detail.asp?Nr=1013","2026-09-10"
"1014","Excelsior","Appel","","","","Nee","Ja","Malus domestica","https://deoerakker.cgn.wur.nl/or/detail.asp?Nr=1014","2026-09-10"
"1015","Eyer Appel","Appel","Weyburger, Eierappel","","","Nee","Nee","Malus domestica","https://deoerakker.cgn.wur.nl/or/detail.asp?Nr=1015","2026-09-10"
"1016","Fall Harvey","Appel","Harvey","","1875","Nee","Ja","Malus domestica","https://deoerakker.cgn.wur.nl/or/detail.asp?Nr=1016","2026-09-10"
"1017","Far Maid","Appel","","","1932","Nee","Nee","Malus domestica","https://deoerakker.cgn.wur.nl/or/detail.asp?Nr=1017","2026-09-10"
"1018","Federal Pearman","Appel","Staatenparmane","","1868","Nee","Nee","Malus domestica","https://deoerakker.cgn.wur.nl/or/detail.asp?Nr=1018","2026-09-10"
"1019","Fenouillet","Appel","Pomme D'anis, Anys of Venkel Appel, Gorge de Pigeon","","","Nee","Nee","Malus domestica","https://deoerakker.cgn.wur.nl/or/detail.asp?Nr=1019","2026-09-10"
"1020","Fenouillet Douce","Appel","Zoete Anys, Venkel Appel","","voor","Nee","Nee","Malus domestica","https://deoerakker.cgn.wur.nl/or/detail.asp?Nr=1020","2026-09-10"
"1021","Fenouillet Jaune","Appel","Fenouillet Blanc","","voor","Nee","Nee","Malus domestica","https://deoerakker.cgn.wur.nl/or/detail.asp?Nr=1021","2026-09-10"
"1022","Fenouillet Rouge","Appel","Fenouillet Rouge Musque, Bardin, Court Pendu de la Quintinye, Black Tom, Court Pendu Bardin","","","Nee","Nee","Malus domestica","https://deoerakker.cgn.wur.nl/or/detail.asp?Nr=1022","2026-09-10"
"1023","Fey's Record","Appel","California","","1945","Nee","Nee","Malus domestica","https://deoerakker.cgn.wur.nl/or/detail.asp?Nr=1023","2026-09-10"
"1024","Fiessers Erstling","Appel","","Keukenappel","","Ja","Nee","Malus domestica","https://deoerakker.cgn.wur.nl/or/detail.asp?Nr=1024","2026-09-10"
"1025","Fijne Zoete Goudrenet","Appel","","Hand- En Moesappel","1830","Nee","Nee","Malus domestica","https://deoerakker.cgn.wur.nl/or/detail.asp?Nr=1025","2026-09-10"
"1026","Filippa","Appel","Danskt Filippeapple, Filippa's Aeble, Filippa's Apfe","Handappel","1880","Ja","Nee","Malus domestica","https://deoerakker.cgn.wur.nl/or/detail.asp?Nr=1026","2026-09-10"
"1027","Florianer Rosenapfel","Appel","Florianer Rose, Florianer Rosen, Florianer Rosen Apfel, Gestreifter Rosen, Gestreifter Rosenapfel, Herbst Rosen Apfel, Marbled Roset, Marmorierte Rosette, Marmorirte Rosette, Marmoriste Rosette, Marmorister Rosette, Passe Rose, Passe Rose, Rose D'automne, Rose D'ete, Rose de Saint Florian, Rose de Saint Florian, Rose de St. Florian, Roseau D'automne, Rosette D'automne, Rosette D'ett Marbree, Rosette Marbree, Sommer Rosen Apfel, Strich Rosen Apfel","","1868","Ja","Ja","Malus domestica","https://deoerakker.cgn.wur.nl/or/detail.asp?Nr=1027","2026-09-10"
"1028","Fraa's Sommer Calvill","Appel","Fraas' Weisser Sommer Calvill","Hand- En Keukenappel","1868","Ja","Nee","Malus domestica","https://deoerakker.cgn.wur.nl/or/detail.asp?Nr=1028","2026-09-10"
"1029","Framboos appel","Appel","Framboosappel, Gestreepte Herfst Calville, Calleville D'automne Raye, Calville D'automne Raye, Calville D'automne Rayee, Calville Rayee D'automne, des Quatre Gouts, Erdbeer Apfel, Erdbeerapfel, Framboise D'ete, Framboise D'oberland, Framboos, Framboos Appel, Framboox Apple, Fruher Hainbutterapfel, Gestreifter Herbst Calville, Himbeer Apfel, Himbeerapfel, Malinovoe Oberlandskoe, Malinovoe Oberlyandskoe, Malinovt Hornokrajske, Malinowa Oberlandska, Malinowe Oberlandzkie, Malinowka Oberlandska, Oberlander, Oberlander Himbeer, Oberlander Himbeer Apfel, Oberlander Himbeerapfel, Oberlandskaya Malinovka, Reinette des Quatre Gouts, Roter Herbst Aniscalvill, Salove Jablko","Handappel","1932","Ja","Ja","Malus domestica","https://deoerakker.cgn.wur.nl/or/detail.asp?Nr=1029","2026-09-10"
"1030","Franse Bellefleur","Appel","Dobbel Bellefleur, Double Belle Fleur, Double Bellefleur, Double Bon Pommier, Double Bonne Ente, Franc Bon Pommier, Franc Bon Pommier, Franse Belle Fleur, Franse Bellefleur, French Bellefleur, French Bellflower, Grosse Bonne Ente","Hand- En Moesappel","","Ja","Ja","Malus domestica","https://deoerakker.cgn.wur.nl/or/detail.asp?Nr=1030","2026-09-10"
"1031","Franse Bloemzoet","Appel","","","voor","Nee","Nee","Malus domestica","https://deoerakker.cgn.wur.nl/or/detail.asp?Nr=1031","2026-09-10"
"1032","Franse Guldeling","Appel","Franse Gulderling, Fransche Galling","","","Ja","Nee","Malus domestica","https://deoerakker.cgn.wur.nl/or/detail.asp?Nr=1032","2026-09-10"
"1033","Franse Reinette","Appel","Franse Grauwe Reinette, Grijze Franse Reinette, Reinette de France, Franse Court Pendu, Court Pendu de Tournay Falso, Reinette D orleans Falso, Reinette Blanche","","1853","Ja","Nee","Malus domestica","https://deoerakker.cgn.wur.nl/or/detail.asp?Nr=1033","2026-09-10"
"1034","Franse Sans Pareil","Appel","","","1933","Nee","Nee","Malus domestica","https://deoerakker.cgn.wur.nl/or/detail.asp?Nr=1034","2026-09-10"
"1035","Franse Zure","Appel","Franse Wijnzuur, Keesappel, Franse Zuren, Comtesse D elso","Moesappel","","Ja","Ja","Malus domestica","https://deoerakker.cgn.wur.nl/or/detail.asp?Nr=1035","2026-09-10"
"1036","Freiherr von Berlepsch","Appel","Berlepsch Goudreinette, Baron Barlepsh, Baron de Berlepsch, Berlepsch, Berlepsch's Gold Reinette, Berlepsch's Goldreinette, Berlepschova Reneta, Berlepschs Goldrenette, Freiherr Von Berlepsch Gold Reinette, Gold Reinette Freiherr Von Berlepsch, Goldrenette Freiherr Von Berlepsch, Reinette Dorte de Berlepsch, Reinette Freiherr Von Berlepsch, Renet Berlepsch, Renet Zolotoi Berlepsha","Hand- En Keukenappel","1934","Ja","Ja","Malus domestica","https://deoerakker.cgn.wur.nl/or/detail.asp?Nr=1036","2026-09-10"
"1037","Gaesdonck Reinet","Appel","","","1911","Nee","Nee","Malus domestica","https://deoerakker.cgn.wur.nl/or/detail.asp?Nr=1037","2026-09-10"
"1038","Gamerse Zure","Appel","","Keukenappel","voor","Nee","Ja","Malus domestica","https://deoerakker.cgn.wur.nl/or/detail.asp?Nr=1038","2026-09-10"
"1039","Ganzebout","Appel","","","voor","Nee","Nee","Malus domestica","https://deoerakker.cgn.wur.nl/or/detail.asp?Nr=1039","2026-09-10"
"1040","Gascoynes Scharlachroter","Appel","Cramoisi de Gascoyne, Cramoisie de Gascogne, Cramoisie de Gascoigne, Friedrich August Von Sachesen, Gascoigne's Scarlet, Gascoigne's Seedling, Gascoignes Scharlachapfel, Gascoine, Gascoygne's Scarlet, Gascoygne's Scarlet Seedling, Gascoygne's Seedling, Gascoynes Scarlet, Gascoynes Scarlet Seedling, Gascoynes Scharlachroter, Gascoynes Scharlachroter Samling, Malinovoe Gaskonskoe, Rhum Von England, Schoner Von Rusdorf","Hand- En Keukenappel","1871","Ja","Ja","Malus domestica","https://deoerakker.cgn.wur.nl/or/detail.asp?Nr=1040","2026-09-10"
"1041","Geele Zoete Silverling","Appel","","","","Nee","Nee","Malus domestica","https://deoerakker.cgn.wur.nl/or/detail.asp?Nr=1041","2026-09-10"
"1042","Geelzoet","Appel","","","voor","Nee","Ja","Malus domestica","https://deoerakker.cgn.wur.nl/or/detail.asp?Nr=1042","2026-09-10"
"1043","Geheimrat Dr. Oldenburg","Appel","Geheimrat Oldenburg, Oldenburg, Vruchtappel","Hand- En Keukenappel","1897","Ja","Ja","Malus domestica","https://deoerakker.cgn.wur.nl/or/detail.asp?Nr=1043","2026-09-10"
"1044","Gelber Richard","Appel","","Hand- En Keukenappel","1806","Ja","Ja","Malus domestica","https://deoerakker.cgn.wur.nl/or/detail.asp?Nr=1044","2026-09-10"
"1045","Gelders Kruis","Appel","Kruis van Gelder","","","Nee","Nee","Malus domestica","https://deoerakker.cgn.wur.nl/or/detail.asp?Nr=1045","2026-09-10"
"1046","Gelderse Bellefleur","Appel","","","voor","Nee","Nee","Malus domestica","https://deoerakker.cgn.wur.nl/or/detail.asp?Nr=1046","2026-09-10"
"1047","Gele Engelse Pippeling","Appel","","Handappel","1830","Nee","Nee","Malus domestica","https://deoerakker.cgn.wur.nl/or/detail.asp?Nr=1047","2026-09-10"
"1048","Gele Guldeling","Appel","Fijne Guldeling, Enkele Gulling, Enkele Grauwe Guldeling","","","Nee","Nee","Malus domestica","https://deoerakker.cgn.wur.nl/or/detail.asp?Nr=1048","2026-09-10"
"1049","Gele Keuleman","Appel","Blanke Keuleman","","voor","Nee","Nee","Malus domestica","https://deoerakker.cgn.wur.nl/or/detail.asp?Nr=1049","2026-09-10"
"1050","Gele Renet","Appel","Reinette Jaune, Gele Franse Renet","","","Ja","Nee","Malus domestica","https://deoerakker.cgn.wur.nl/or/detail.asp?Nr=1050","2026-09-10"
"1051","Gele Rozen appel","Appel","","Handappel","1830","Nee","Nee","Malus domestica","https://deoerakker.cgn.wur.nl/or/detail.asp?Nr=1051","2026-09-10"
"1052","Gele Zoete Zilverling","Appel","Gele Soete Silverling","Keukenappel","1758","Ja","Nee","Malus domestica","https://deoerakker.cgn.wur.nl/or/detail.asp?Nr=1052","2026-09-10"
"1053","Gendringse Kroon","Appel","","","voor","Nee","Nee","Malus domestica","https://deoerakker.cgn.wur.nl/or/detail.asp?Nr=1053","2026-09-10"
"1054","Gerrit Roelof","Appel","Gert Roelof, Gerrie Roelof","","","Nee","Ja","Malus domestica","https://deoerakker.cgn.wur.nl/or/detail.asp?Nr=1054","2026-09-10"
"1055","Gestreepte Herfst Calville","Appel","","","","Nee","Nee","Malus domestica","https://deoerakker.cgn.wur.nl/or/detail.asp?Nr=1055","2026-09-10"
"1056","Glas appel","Appel","","Zure Potappel","1830","Nee","Nee","Malus domestica","https://deoerakker.cgn.wur.nl/or/detail.asp?Nr=1056","2026-09-10"
"1057","Gloria Mundi","Appel","American Mammoth, Baltimore, Baltimore Pippin, Belle du Bois And Mere de Mtnage) American Gloria Mundi, Belle Dubois, Belle Josephine, Copp's Mammoth, Glazenwood, Glazenwood Gloria Mundi, Grosse de St. Clement, Grosse de St. Clement, Herrenapfel, Imperatrice Josephine, Josephine, Josephine's Schoner Rambour, Kinderhook Pippin, Mammoth, Mammoth American, Mammoth Pippin, Melon, Messissippi, Mississippi, Monstreuse Pippin, Monstrous Pippin, Monstrueuse Pippin, Monstrueux Pippin, Mountain Flora, Moustrous Pippin, New York Gloria Mundi, New York Gloria Mundi, Ox Apple, Pfundapfel, Pomme Josephine, Pomme Melon, Pound, Ruhm der Welt, Slava Mira, Slava Sveta, Solander Riesen, Spanisch Pippin, Spanish Pippin, Steifmutterchen, Titus Pippin, Vandyne Apple","","1890","Ja","Ja","Malus domestica","https://deoerakker.cgn.wur.nl/or/detail.asp?Nr=1057","2026-09-10"
"1058","Glorie van Holland","Appel","Neerlands Glorie","Hand- En Moesappel","1880","Ja","Ja","Malus domestica","https://deoerakker.cgn.wur.nl/or/detail.asp?Nr=1058","2026-09-10"
"1059","Glorie van 't Gooy","Appel","","","1942","Nee","Nee","Malus domestica","https://deoerakker.cgn.wur.nl/or/detail.asp?Nr=1059","2026-09-10"
"1060","Goelijke Roode","Appel","","","1860","Nee","Nee","Malus domestica","https://deoerakker.cgn.wur.nl/or/detail.asp?Nr=1060","2026-09-10"
"1061","Goldapfel von Kew","Appel","","","1868","Nee","Nee","Malus domestica","https://deoerakker.cgn.wur.nl/or/detail.asp?Nr=1061","2026-09-10"
"1062","Golden Delicious","Appel","Delicious, Arany Delicious, Delicios Auriu, Gelber Kostlicher, Golddelikates, Stark Golden Delicious, Yellow Delicious, Zlatna Prevazhodna, Zolotoe Prevoshodnoe","Handappel","1880","Ja","Ja","Malus domestica","https://deoerakker.cgn.wur.nl/or/detail.asp?Nr=1062","2026-09-10"
"1063","Golden Lady","Appel","","","1854","Nee","Nee","Malus domestica","https://deoerakker.cgn.wur.nl/or/detail.asp?Nr=1063","2026-09-10"
"1064","Golden Noble","Appel","Blagorodnoe Zheltoe, Drap d'Or, Edelapfel Gelbe, Edelapfel Gelber, Galben Nobil, Gelber Edel, Gelber Edel Apfel, Gelber Edelapfel, Gelber Schneibenapfel, Glassapfel, Glassreinette, Glow of The West, Golden Stanger, Golden Stranger, Gough's Seedling, Guldnobel, Ivanhoe, Jioltoe Blagorodnoe, John Peel, Lady Richardson, Lord Clyde, Lord Glyde, Lord Stanwick, Mela Nobile Gialla, Peper's Fall, Plattapfel, Reper's Fall, Rutlandshire Foundling, Szlachetna, Terraughtie Short Meg, Uslechtilt Zlute, Wachsapfel, Zheltoe Blagorodnoe, Zitronenapfel, Zlute Spanile, Zlute Uclechtile, Waltham Abbey Seedling, Doctor Harvey","Keukenappel","voor","Ja","Nee","Malus domestica","https://deoerakker.cgn.wur.nl/or/detail.asp?Nr=1064","2026-09-10"
"1065","Gouden Pippeling","Appel","Goudappel, Golden Pippin , American Plat, American Plate, Angliiskii Pepin, Balgone Golden Pippin, Balgone Pippin, Balgowan, Balgowan Pippin, Balgown, Balgown Pippin, Barford, Barrod Pippin, Bayforbury, Bayford, Bayfordbury Golden Pippin, Bayfordbury Pippin, d'Or, Elford Golden Pippin, Engelsche Goud Pepping, Engelse Goud Pepping, Englis'cher Goldpepping, Englische Gelbe Pipe, Englische Reinette, Englischer Gold Pepping, Englischer Gold Pepping, Englischer Goldpepping, English Golden Pippin, English Goud Pepping, English Reinette, Englishce Goud Pepping, Franc Pepin, Fry's Golden Pippin, Gale Pepin, Gelbe Englische Pipe, Gol Pepin, Gold Pepping, Goldpepping, Goud, Goud Appel, Goud Apple, Goud Pepping, Goudappel, Goudeling's Pepping, Goudelings Peppin, Gouden Pippeling, Gould Pippin, Goulden Pippins, Goule Pepin, Gulden Pepping, Gulden Pipping, Guolden Peppins, Guolden Peppius, Herefordshire Golden Pippin, Kleiner Gold Pepping, Kleiner Goldpepping, Koening's Peppelin, Koening's Pippelin, Koening's Pippeling, Konig's Pippelin, Konig's Pippeling, Koning's Pepelin, Koning's Pippelin, Krymskoe Zolotoe Semechko, Latour's Golden Pippin, Le Petit Pepin d'Or, Litle Pepping, Little Pepping, Little Pippin, London Golden Pippin, Milford Pippin, Milton Golden Pippin, Old Golden Pippin, Pepin D'angleterre, Pepin d'Or, Pepin d'Or (le Petit), Pepin d'Or D'angleterre, Pepin Dore D'angleterre, Pepin Nonpareil, Pepin Zolotoi Angliiskii, Pepinnonpareil, Peppelings, Pepping D'angleterre, Pepping d'Or, Pepping Nonpareil, Petit Pepin d'Or, Petit Pepping, Petit Pepping d'Or, Petite Reinette D'angleterre, Pippin, Pippin d'Or, Plate America, Pomme d'Or, Pomme d'Or D'angleterre, Reinette D'angleterre, Reinette D'angleterre Ancienne, Reinette d'Or, Reinette Doree, Reinette Doree D'angleterre, Reinette Doree de Vitry, Reinette Grise Doree, Reinette Jaune Tardive, Reinette Pepin Dore, Reinette Pomme d'Or, Rousse Jaune Tardive, Rousset Golden Pippin, Russet Gold Pippin, Russet Golden Pippin, Small Golden Peppin, Small Golden Pippin, Small Goldin Pippin, Small Golding Pippin, True Golden Pippin, Warter's Golden Pippin, Warters's Golden Pippin, Water's Golden Pippin","","1860","Ja","Ja","Malus domestica","https://deoerakker.cgn.wur.nl/or/detail.asp?Nr=1065","2026-09-10"
"1066","Goudreinette","Appel","Goudreinet","","","Ja","Nee","Malus domestica","https://deoerakker.cgn.wur.nl/or/detail.asp?Nr=1066","2026-09-10"
"1067","Goudsallurt","Appel","","","1935","Nee","Nee","Malus domestica","https://deoerakker.cgn.wur.nl/or/detail.asp?Nr=1067","2026-09-10"
"1068","Grahams Royal Jubilee","Appel","Graama Iubileinoe, Graham, Graham Royal Jubilee, Graham' S Koenigin Jubilaumsapfel, Graham's Jubilaumsapfel, Graham's Konigin, Graham's Royal Jubilee, Grahamovo, Grahams Jubilaum, Grahams Jubilaumsapfel, Grahams Jubilie Apple, Grahams Konigin, Grahams Koniglicher Jubilaumsapfel, Grahams Koniglicher Jubliaums Apfel, Grahams Kungliga Jubilee, Grahams Royal Jubilee, Graima Iubileinoe, Jubilaumsapfel, Jubilee, Konigin Jubilaumsapfel","Keukenappel","1932","Ja","Nee","Malus domestica","https://deoerakker.cgn.wur.nl/or/detail.asp?Nr=1068","2026-09-10"
"1069","Grauwe Engelse Pippeling","Appel","Grauwe Engelse Peppeling, Pippeling Graauwe Engelsche, Pippeling Kent, Pearmain D' Hiver, Pippin Pearmain D' Hiver, Winter Pearmain, Winter Pearmain Peppin, Pippin Pearmain D' Angleterre, Engelsche Pearmain Peppin, Grauwe of Blanke Pepping van der Laan, Peremenes, Zeeuwsche Pepping, Engelsche Pippeling, Gewurzpepping, Grosser Pepping, Bisamapfel, Koberling, Aromatic Pippin, Carmeliter Reinette, Forellen Reinette, Reinette Truite, Gestreifte Reinette, Limonen Reinette, Ludwigsburger Reinette, Hollander Reinette, Franzosische Gold Reinette, Perlen Reinette, Grune Band Reinette, Parmain D' Hiver, Haken Reinette, Barcelona Pearmain, Speckled Golden Reinette, Speckled Pearmain, Reinette Rousse, Reinette des Carmes, Glace Rouge, Warnana' S Sans Pareille","","1868","Ja","Ja","Malus domestica","https://deoerakker.cgn.wur.nl/or/detail.asp?Nr=1069","2026-09-10"
"1070","Grauwe Guldeling","Appel","Gulderling (grauwe)","","","Ja","Nee","Malus domestica","https://deoerakker.cgn.wur.nl/or/detail.asp?Nr=1070","2026-09-10"
"1071","Grauwe Herfstreinet","Appel","Reinette Marbree, Deutsche Reinette, Deutsche Graue Reinette, Englische Graue Herbst Reinette, Englische Graue Herbstreinette, Englische Herbst Reinette, Grauapfel, Graue Herbst Reinette, Graue Herbst Reinette, Graue Herbstreinette, Graue Reinette, Grind Reinette, Grosse Gelbe Reinette, Grosse Graue Reinette, Grosse Reinette Grise Plate, Grosse Reinette Grise Plate, Grune Grosse Gelbe Reinette, Grune Reinette, Herbst Rabau, Herbst Rabou, Leder Reinette, Lederapfel, Pelz Reinette, Rabau, Rabauw, Grauwe Rabauw, Rauhapfel, Reinette Grise D'angleterre, Reinette Grise D'automne, Reinette Grise D'automne D'angleterre, Reinette Grise Grosse D'automne, Reinette Grise Plate, Renet Seryi Osennii, Reneta Kozena Podzimni, Renetta Grigia D'autunno, Sommer Rabau","","1868","Ja","Ja","Malus domestica","https://deoerakker.cgn.wur.nl/or/detail.asp?Nr=1071","2026-09-10"
"1072","Grauwe Peerappel","Appel","Reinette , Pomme Poire, Peer Zoete (grauwe), Keifers Zoete, Zoete van Dekker","","1929","Nee","Ja","Malus domestica","https://deoerakker.cgn.wur.nl/or/detail.asp?Nr=1072","2026-09-10"
"1073","Grauwe Pepping","Appel","","","","Nee","Nee","Malus domestica","https://deoerakker.cgn.wur.nl/or/detail.asp?Nr=1073","2026-09-10"
"1074","Grauwe Pipping","Appel","","","","Nee","Nee","Malus domestica","https://deoerakker.cgn.wur.nl/or/detail.asp?Nr=1074","2026-09-10"
"1075","Grauwe Ribbert","Appel","Zoete Ribbert, Zoete Kant, Zoete Ribbeling","Moesappel","1830","Nee","Nee","Malus domestica","https://deoerakker.cgn.wur.nl/or/detail.asp?Nr=1075","2026-09-10"
"1076","Gravensteiner","Appel","Gravenstein, Grafenapfel, A. Grafenstein, Almindelig Graasteensaeble, Blumen Calvill, Blumen Calville, Blumencalvill, Calville de Grafenstein, Calville de Gravenstein, Calville Grafensteiner, Calville Gravenstein, Calville Gravensteiner, Danish Graasteen, de Comte, de Gravenstein, de Princesse, der Graefensteiner, Diel's Sommerkonig, Diels Sommer Konig, Diels Sommerkonig, Early Congress, Ernteapfel, Gelber Gravensteiner, Graafen, Graasteen, Graasten, Graastensaeble, Graefenstein, Graefensteiner, Grafen Apfel, Grafen Apfel, Grafenapfel, Grafenshteinskii Kalvil, Grafenshteinskoe Zbeltoe, Grafenstain, Grafensteinskoe, Grafszt Ynek, Grafsztynek Prawdziwy, Graistynek, Grave Slige, Grave Slije, Grave Sliji, Grave Stige, Grave Stigne, Grave Stije, Gravensteen, Gravensteener, Gravenstein Apple, Gravensteiner, Gravensteiner (gul), Gravensteini Alma, Gravensteinsapple, Gravenstener, Gravenstine, Gravstynke, Gravstynskt, Greastener, Gul Graastener, Gult Graasteensaeble, Harryman, Ohio Nonpareil, Pansky Vonac, Petergaard, Petersgaards Graasten, Pomme de Gravenstein, Pomme Graefenstein, Prinzessin Apfel, Prinzessinapfel, Ripp Apfel, Rippapfel, Romarin de Botzen, Sabin, Sabine, Sabine (des Flamands), Sabine (of The Flemings), Sabine of The Flemings, Savine, Sommer Koning, Sommerkonig, Stroemling, Strohmer, Stromerling, Stromling, The Gravenstein Apple, Tom Harryman","Hand- En Moesappel","1760","Ja","Nee","Malus domestica","https://deoerakker.cgn.wur.nl/or/detail.asp?Nr=1076","2026-09-10"
"1077","Grenadier","Appel","Leven Alma (?)","Keukenappel","1862","Ja","Ja","Malus domestica","https://deoerakker.cgn.wur.nl/or/detail.asp?Nr=1077","2026-09-10"
"1078","Grime's Golden Peppin","Appel","Doree de Grimes, Grime's Golden, Grimes, Grimes Goldapfel, Grimes Golden Pippin, Grimes Yellow Pippin, Grimes', Grimes' Golden, Grimes' Golden Pippin, Zolotoe Graima","","","Nee","Ja","Malus domestica","https://deoerakker.cgn.wur.nl/or/detail.asp?Nr=1078","2026-09-10"
"1079","Gro Bondy","Appel","","","","Nee","Nee","Malus domestica","https://deoerakker.cgn.wur.nl/or/detail.asp?Nr=1079","2026-09-10"
"1080","Groninger Kroon","Appel","Zure Kroon","Handappel","1875","Ja","Ja","Malus domestica","https://deoerakker.cgn.wur.nl/or/detail.asp?Nr=1080","2026-09-10"
"1081","Gronsvelder Klumpke","Appel","Rood Klumpke, Sabot de Gronsveld","Hand- En Moesappel","","Ja","Ja","Malus domestica","https://deoerakker.cgn.wur.nl/or/detail.asp?Nr=1081","2026-09-10"
"1082","Gros Faros","Appel","Faros","","","Nee","Nee","Malus domestica","https://deoerakker.cgn.wur.nl/or/detail.asp?Nr=1082","2026-09-10"
"1083","Gros Papa d'Amerique","Appel","","","","Nee","Nee","Malus domestica","https://deoerakker.cgn.wur.nl/or/detail.asp?Nr=1083","2026-09-10"
"1084","Gros Pigeonnet","Appel","Pigeonnet de Rouen","","","Nee","Nee","Malus domestica","https://deoerakker.cgn.wur.nl/or/detail.asp?Nr=1084","2026-09-10"
"1085","Gros Rambour","Appel","Rambour Franc","","","Nee","Nee","Malus domestica","https://deoerakker.cgn.wur.nl/or/detail.asp?Nr=1085","2026-09-10"
"1086","Groszherzog Friedrich von Baden","Appel","Groothertog Friedrich Von Baden, Calville Grosh Fr. V. Baden","Hand- En Keukenappel","","Ja","Nee","Malus domestica","https://deoerakker.cgn.wur.nl/or/detail.asp?Nr=1086","2026-09-10"
"1087","Grote Apis","Appel","","","","Nee","Nee","Malus domestica","https://deoerakker.cgn.wur.nl/or/detail.asp?Nr=1087","2026-09-10"
"1088","Guldborg","Appel","Gul Corgeable, Guldborgaeble, Maglesuary Stribling","Hand- En Keukenappel","","Ja","Ja","Malus domestica","https://deoerakker.cgn.wur.nl/or/detail.asp?Nr=1088","2026-09-10"
"1089","Gulderling","Appel","Guldeling, Gele Gulderling, Fyne Gulling Enkelde Gulling, Goud Appel","","1853","Ja","Nee","Malus domestica","https://deoerakker.cgn.wur.nl/or/detail.asp?Nr=1089","2026-09-10"
"1090","Habledon Deux Ans","Appel","Dauerapfel Von Habledon","","1897","Nee","Nee","Malus domestica","https://deoerakker.cgn.wur.nl/or/detail.asp?Nr=1090","2026-09-10"
"1091","Halberstadter Jungfernapfel","Appel","Halberstadter Jungfern Apfel, Schmuck Apfel","","1885","Nee","Ja","Malus domestica","https://deoerakker.cgn.wur.nl/or/detail.asp?Nr=1091","2026-09-10"
"1092","Hallorenapfel","Appel","","","1906","Nee","Nee","Malus domestica","https://deoerakker.cgn.wur.nl/or/detail.asp?Nr=1092","2026-09-10"
"1093","Haneman","Appel","","","1948","Ja","Nee","Malus domestica","https://deoerakker.cgn.wur.nl/or/detail.asp?Nr=1093","2026-09-10"
"1094","Harberts Reinette","Appel","Harbert Reinette, Harbert's Apfel, Harbert's Rambour Reinette, Harbert's Reinette, Harbert's Reinettenartiger Rambour, Harbertova Reneta, Harberts Rambourreinette, Harberts Reinet, Harberts Reinettenartiger Rambour, Harberts Renett, Reinette de Harbert, Reinette Harbert, Reinette Herberg, Renet Garberta, Stiftsapfel","","voor","Ja","Nee","Malus domestica","https://deoerakker.cgn.wur.nl/or/detail.asp?Nr=1094","2026-09-10"
"1095","Harvey","Appel","Fall Harvey, Doctor Harvey, Doctor Harvey's Apple, Dr. Harvey, Dr. Harvey's Apple, Golden Warrior, Harvey Apple, The Doctor","Keukenappel","voor","Ja","Ja","Malus domestica","https://deoerakker.cgn.wur.nl/or/detail.asp?Nr=1095","2026-09-10"
"1096","Hauptman appel","Appel","","","1925","Nee","Nee","Malus domestica","https://deoerakker.cgn.wur.nl/or/detail.asp?Nr=1096","2026-09-10"
"1097","Hawthornden","Appel","Apfel Aus Hawthornden. Apfel Von Hawthornden, Epine Blanche, Glogowka, Gotornden, Hagedorn Apfel, Hagedornsapfel, Hagendornsapfel, Haley, Hawley, Hawthorden, Hawthorndean, Hawthorndean Red, Hawthorndean White, Hawthornden Blanc, Hawthornden Old, Hawthornden Red, Hawthornden Rouge, Hawthornden White, Hawthorndenske, Hlohovske, Lincolnshire Pippin, Lord Kingston, Old Hawthorndean, Old Hawthornden, Pomme de Hawthornden, Red Hawthorndean, Red Hawthornden, Shoreditch White, Shoreditch Whites, Weeler's Kernel, Weisse Hawthornden Apfel, Weisser Hawthorn Den Apfel, Weisser Hawthornden, Wheeler's Kernel, White, White Apple, White Hawthorndean, White Hawthornden, Apfel Von Hawthornden","Keukenappel","1780","Nee","Ja","Malus domestica","https://deoerakker.cgn.wur.nl/or/detail.asp?Nr=1097","2026-09-10"
"1098","Haye's Gold Pippin","Appel","","","1912","Nee","Nee","Malus domestica","https://deoerakker.cgn.wur.nl/or/detail.asp?Nr=1098","2026-09-10"
"1099","Heer appel","Appel","Grote Heer Appel, Grote Prinsen Appel, Present Royal D'hyver, Winter Present","","","Nee","Nee","Malus domestica","https://deoerakker.cgn.wur.nl/or/detail.asp?Nr=1099","2026-09-10"
"1100","Hendrikappel","Appel","","","1943","Nee","Nee","Malus domestica","https://deoerakker.cgn.wur.nl/or/detail.asp?Nr=1100","2026-09-10"
"1101","Hereford Beefling","Appel","Hereford Beaufin, Hereford Beefing, Herefordshire Beefing, Herefordshire, Herefordshire Beaufin","Keukenappel","eind","Nee","Ja","Malus domestica","https://deoerakker.cgn.wur.nl/or/detail.asp?Nr=1101","2026-09-10"
"1102","Herfst Bloemzoete","Appel","Waterzoetje, Kandijzoete, Goede Zoete, Herfst Sterrenappel, Bloemzoete, Hollandsche Zoete","","1868","Nee","Nee","Malus domestica","https://deoerakker.cgn.wur.nl/or/detail.asp?Nr=1102","2026-09-10"
"1103","Herfst Framboosappel","Appel","Lange Herfst Framboosappel, Gestreifter Herbst Calvil","","1890","Nee","Nee","Malus domestica","https://deoerakker.cgn.wur.nl/or/detail.asp?Nr=1103","2026-09-10"
"1104","Herfst Striepeling","Appel","","","","Nee","Nee","Malus domestica","https://deoerakker.cgn.wur.nl/or/detail.asp?Nr=1104","2026-09-10"
"1105","Heurns Roodje","Appel","","","1943","Nee","Nee","Malus domestica","https://deoerakker.cgn.wur.nl/or/detail.asp?Nr=1105","2026-09-10"
"1106","Himbeerapfel von Holovous","Appel","Himbeerapfel Von Holowaus","","1896","Ja","Nee","Malus domestica","https://deoerakker.cgn.wur.nl/or/detail.asp?Nr=1106","2026-09-10"
"1107","Hollandse Bellefleur","Appel","Spaanse Zuur","Hand- En Keukenappel","1862","Ja","Nee","Malus domestica","https://deoerakker.cgn.wur.nl/or/detail.asp?Nr=1107","2026-09-10"
"1108","Hollandse Pippeling","Appel","","","1896","Nee","Nee","Malus domestica","https://deoerakker.cgn.wur.nl/or/detail.asp?Nr=1108","2026-09-10"
"1109","Holleman","Appel","","","","Nee","Nee","Malus domestica","https://deoerakker.cgn.wur.nl/or/detail.asp?Nr=1109","2026-09-10"
"1110","Honderdmark","Appel","Zoete Honderdmarkt, Zomer Erveling, Honderdmarken ,","","1853","Ja","Nee","Malus domestica","https://deoerakker.cgn.wur.nl/or/detail.asp?Nr=1110","2026-09-10"
"1111","Hondsmuil","Appel","","","1932","Ja","Nee","Malus domestica","https://deoerakker.cgn.wur.nl/or/detail.asp?Nr=1111","2026-09-10"
"1112","Honingzoet","Appel","Honingzoete","","1946","Ja","Ja","Malus domestica","https://deoerakker.cgn.wur.nl/or/detail.asp?Nr=1112","2026-09-10"
"1113","Hooilaar","Appel","","","1942","Nee","Nee","Malus domestica","https://deoerakker.cgn.wur.nl/or/detail.asp?Nr=1113","2026-09-10"
"1114","Howgate Wonder","Appel","","Keukenappel","1936","Ja","Ja","Malus domestica","https://deoerakker.cgn.wur.nl/or/detail.asp?Nr=1114","2026-09-10"
"1115","Hughes Gouden Pippeling","Appel","Hughe's Gold Peping, Hughes's New Golden Pippin","","1868","Nee","Nee","Malus domestica","https://deoerakker.cgn.wur.nl/or/detail.asp?Nr=1115","2026-09-10"
"1116","Huisman Zoet","Appel","Huismanszoet, Huismansappel","","1896","Ja","Nee","Malus domestica","https://deoerakker.cgn.wur.nl/or/detail.asp?Nr=1116","2026-09-10"
"1117","Hunsappel","Appel","","","voor","Nee","Nee","Malus domestica","https://deoerakker.cgn.wur.nl/or/detail.asp?Nr=1117","2026-09-10"
"1118","Ingrid Marie","Appel","Hoed Orange, Ingrid Maries Aeble","Handappel","1910","Ja","Ja","Malus domestica","https://deoerakker.cgn.wur.nl/or/detail.asp?Nr=1118","2026-09-10"
"1119","Irish Peach","Appel","Early Apple, Early Crofton, Irischer Pfirschapfel, Irischer Pfirschenapfel, Irischer Pfirsich Apfel, Irischer Pfirsichapfel, Irish Peach Apple, Irlandi Scher Pfirsich, Irlandischer Pfirsich Apfel, Irlandskoe Persikovoe, Irlandskt Persikapple, Irlandskt Persikeapple, Irlandsktpersikapple, Irsk Ferskenacble, Peach Apple, Peche D'irelande, Peche D'irlande, Persikeapple","Handappel","voor","Ja","Nee","Malus domestica","https://deoerakker.cgn.wur.nl/or/detail.asp?Nr=1119","2026-09-10"
"1120","Jacob Dirk","Appel","Zoete Jacob Dirk","Zoete Stoofappel","1935","Ja","Ja","Malus domestica","https://deoerakker.cgn.wur.nl/or/detail.asp?Nr=1120","2026-09-10"
"1121","Jacques Lebel","Appel","Double des Vosges, Iakob Lebel, Jacob Lebel, Jakob Lebel, Jakobek, Lebel, Lebel Jakob, Lebelovo, Meklenburger Gelber, Monstrueux des Vosges, Zhak Lebel","","1829","Ja","Ja","Malus domestica","https://deoerakker.cgn.wur.nl/or/detail.asp?Nr=1121","2026-09-10"
"1122","James Grieve","Appel","Dzems Griw, Grieve, Jems Griv","Hand- En Keukenappel","1893","Ja","Ja","Malus domestica","https://deoerakker.cgn.wur.nl/or/detail.asp?Nr=1122","2026-09-10"
"1123","Jan Lucas","Appel","","","voor","Nee","Nee","Malus domestica","https://deoerakker.cgn.wur.nl/or/detail.asp?Nr=1123","2026-09-10"
"1124","Jan Mensk","Appel","","","1943","Ja","Nee","Malus domestica","https://deoerakker.cgn.wur.nl/or/detail.asp?Nr=1124","2026-09-10"
"1125","Jansen von Welten","Appel","Couronne des Pommes, Fausen of Wellen, Jansen de Welten, Jansen van Welten, Jansen Von Wetton, Reinette Von Welten, Rosen Apfel Von Welten, Rosenapfel Von Welten","","1868","Ja","Ja","Malus domestica","https://deoerakker.cgn.wur.nl/or/detail.asp?Nr=1125","2026-09-10"
"1126","Jaques Lebel","Appel","","","","Nee","Nee","Malus domestica","https://deoerakker.cgn.wur.nl/or/detail.asp?Nr=1126","2026-09-10"
"1127","Jasappel","Appel","","Zoete Appel","zeer","Ja","Ja","Malus domestica","https://deoerakker.cgn.wur.nl/or/detail.asp?Nr=1127","2026-09-10"
"1128","Jerusalems Appel","Appel","Jerusalem, Coeur de Pigeon, Gros Pigeon Rouge, Gros Pigeonnet Rouge, Gros Coeur de Pigeon, Gros Pigeonnet Rouge, Jerusalem, Pigeon, Pigeon D'hiver, Pigeon Rouge, Pigeonnet de Jerusalem, Pigeonnet Jerusalem, Pigonnet de Jerusalem, Pomme de Jerusalem","Hand- En Keukenappel","1868","Ja","Ja","Malus domestica","https://deoerakker.cgn.wur.nl/or/detail.asp?Nr=1128","2026-09-10"
"1129","Johanna appel","Appel","Johanna","","1942","Nee","Nee","Malus domestica","https://deoerakker.cgn.wur.nl/or/detail.asp?Nr=1129","2026-09-10"
"1130","Jonathan","Appel","Djonathan, Dzhonatan, Dzonetn, Esopus Spitzenberg (new), Johnathan, King Philip, King Philipp, Philip Rick, Philipp Rick, Pomme Jonathan, Ulster, Ulster Seedling","Hand- En Moesappel","1826","Ja","Ja","Malus domestica","https://deoerakker.cgn.wur.nl/or/detail.asp?Nr=1130","2026-09-10"
"1131","Joseph Musch Reinette","Appel","Joseph Mush","Hand- En Keukenappel","1896","Ja","Ja","Malus domestica","https://deoerakker.cgn.wur.nl/or/detail.asp?Nr=1131","2026-09-10"
"1132","Joy Bells","Appel","Joybells","","1936","Nee","Ja","Malus domestica","https://deoerakker.cgn.wur.nl/or/detail.asp?Nr=1132","2026-09-10"
"1133","Judine","Appel","","","","Ja","Nee","Malus domestica","https://deoerakker.cgn.wur.nl/or/detail.asp?Nr=1133","2026-09-10"
"1134","Juffers Kruid appel","Appel","Juffers Kruidling, Juffers Appel","","","Ja","Nee","Malus domestica","https://deoerakker.cgn.wur.nl/or/detail.asp?Nr=1134","2026-09-10"
"1135","Junizoet","Appel","","","1910","Nee","Nee","Malus domestica","https://deoerakker.cgn.wur.nl/or/detail.asp?Nr=1135","2026-09-10"
"1136","Kafappel","Appel","","","","Nee","Nee","Malus domestica","https://deoerakker.cgn.wur.nl/or/detail.asp?Nr=1136","2026-09-10"
"1137","Kaiser Wilhelm","Appel","Cesarz Wilhelm, Emperator Wilhelm, Empereur Guillaume, Imperator Vilgelm, Reneta Czerwona, Vilemovo, Vilgelm, Wilhelmapfel","Handappel","1932","Ja","Ja","Malus domestica","https://deoerakker.cgn.wur.nl/or/detail.asp?Nr=1137","2026-09-10"
"1138","Kanappel","Appel","Zoete Schijveling, Zoete Kanappel","Keukenappel","voor","Ja","Ja","Malus domestica","https://deoerakker.cgn.wur.nl/or/detail.asp?Nr=1138","2026-09-10"
"1139","Kaneelzuur","Appel","","","voor","Nee","Nee","Malus domestica","https://deoerakker.cgn.wur.nl/or/detail.asp?Nr=1139","2026-09-10"
"1140","Kannetjesappel","Appel","","","voor","Nee","Nee","Malus domestica","https://deoerakker.cgn.wur.nl/or/detail.asp?Nr=1140","2026-09-10"
"1141","Kantjes appel","Appel","Zieppel Appel, Kaasjes Appel","","","Nee","Nee","Malus domestica","https://deoerakker.cgn.wur.nl/or/detail.asp?Nr=1141","2026-09-10"
"1142","Karakter Reinette","Appel","Karakter Appel, Reinette Karakter, Netjesappel, Konig Jacob, a Caracteres, Character, Character Apple, Character of Drap D' Or, Characterreinette, Charakter Reinette, Charakter Reinette, Cimetiere, Concombre des Chartreux, de Saintjulien, Drap d'Or, Gestrichte Herbst Reinette, Gestrickte Herbst Reinette, Gestrickte Reinette, Heilige Julian's Apfel, Julien, Karakter Reinette, Netz Reinette, Pomme de Caractere, Pomme de Saint Julien, Pomme de St. Julien, Reinette Brodee, Reinette Caractere, Reinette de Caractere, Reinette Drap d'Or, Reinette Filee, Reinette Valkenier, Saint Julian, Seigneur d'Orsay, Reinette Marbree","","1868","Ja","Nee","Malus domestica","https://deoerakker.cgn.wur.nl/or/detail.asp?Nr=1142","2026-09-10"
"1143","Kedlistone Pippin","Appel","Kedlistones Pippin, Kedliston Pippin","","1868","Nee","Nee","Malus domestica","https://deoerakker.cgn.wur.nl/or/detail.asp?Nr=1143","2026-09-10"
"1144","Keijinsgappel","Appel","","","","Nee","Nee","Malus domestica","https://deoerakker.cgn.wur.nl/or/detail.asp?Nr=1144","2026-09-10"
"1145","Keizer tafelappel","Appel","Kaiser Tafelapfel","","1868","Nee","Nee","Malus domestica","https://deoerakker.cgn.wur.nl/or/detail.asp?Nr=1145","2026-09-10"
"1146","Keizers zoete","Appel","Peer Zoete","","","Nee","Nee","Malus domestica","https://deoerakker.cgn.wur.nl/or/detail.asp?Nr=1146","2026-09-10"
"1147","Kerry Pippeling","Appel","Citroen Pippeling","","voor","Nee","Nee","Malus domestica","https://deoerakker.cgn.wur.nl/or/detail.asp?Nr=1147","2026-09-10"
"1148","Kersappeltje","Appel","John Downie","","1932","Ja","Ja","Malus domestica","https://deoerakker.cgn.wur.nl/or/detail.asp?Nr=1148","2026-09-10"
"1149","Kesterens Wijnzuur","Appel","","Handappel","1927","Ja","Ja","Malus domestica","https://deoerakker.cgn.wur.nl/or/detail.asp?Nr=1149","2026-09-10"
"1150","Keswick Codlin","Appel","Korrel en Kerswyk, Hynstekop, Skieppekoppen, Codlin de Keswick, Codlin de Koswick, Codlin Keswick, Everbearing, Keswick, Keswick Codling, Keswicker Kuchen Apfel, Keswicker Kuchenapfel, Keswicks Codling, Kodlin Kesvikskii, Koswick Codlin, Koswicker Kuchenapfel, Pinder's Apple, White Codlin","Hand- En Moesappel","1790","Ja","Ja","Malus domestica","https://deoerakker.cgn.wur.nl/or/detail.asp?Nr=1150","2026-09-10"
"1151","Keuleman","Appel","","Hand- En Moesappel","1900","Ja","Ja","Malus domestica","https://deoerakker.cgn.wur.nl/or/detail.asp?Nr=1151","2026-09-10"
"1152","Keuls Paradijs","Appel","Pondappel","","voor","Nee","Ja","Malus domestica","https://deoerakker.cgn.wur.nl/or/detail.asp?Nr=1152","2026-09-10"
"1153","Keyingappel","Appel","Keiing, Keien, Groene Keiing, Rode Keiing, Keiing Rouge","Handappel","voor","Ja","Ja","Malus domestica","https://deoerakker.cgn.wur.nl/or/detail.asp?Nr=1153","2026-09-10"
"1154","Klapstaart","Appel","","","1935","Nee","Nee","Malus domestica","https://deoerakker.cgn.wur.nl/or/detail.asp?Nr=1154","2026-09-10"
"1155","Kleiner Steinpepping","Appel","Pearmain Rouge D'hiver D'angleterre, Kleiner Steinpepping","","1868","Nee","Nee","Malus domestica","https://deoerakker.cgn.wur.nl/or/detail.asp?Nr=1155","2026-09-10"
"1156","Koningin Emma","Appel","Lotharinger Rambour; Backapfel; Mere de Menage","Keukenappel","1911","Ja","Nee","Malus domestica","https://deoerakker.cgn.wur.nl/or/detail.asp?Nr=1156","2026-09-10"
"1157","Koningsrood","Appel","","","1900","Nee","Nee","Malus domestica","https://deoerakker.cgn.wur.nl/or/detail.asp?Nr=1157","2026-09-10"
"1158","Koningszuur","Appel","Engelse Bellefleur","Hand- En Moesappel","1840","Ja","Nee","Malus domestica","https://deoerakker.cgn.wur.nl/or/detail.asp?Nr=1158","2026-09-10"
"1159","Koorappel","Appel","","","1943","Nee","Nee","Malus domestica","https://deoerakker.cgn.wur.nl/or/detail.asp?Nr=1159","2026-09-10"
"1160","Kortstelen","Appel","","","1939","Nee","Nee","Malus domestica","https://deoerakker.cgn.wur.nl/or/detail.asp?Nr=1160","2026-09-10"
"1161","Kraker","Appel","","","1943","Nee","Nee","Malus domestica","https://deoerakker.cgn.wur.nl/or/detail.asp?Nr=1161","2026-09-10"
"1162","Krappe Kruin","Appel","Dubbelde Geele Renet, Pomme Durant","","","Nee","Nee","Malus domestica","https://deoerakker.cgn.wur.nl/or/detail.asp?Nr=1162","2026-09-10"
"1163","Kroon appel","Appel","Fyne Kroon, Aagt Appel, Engelsche of Hollandsche Aagt, Lekkerbeetje","","","Nee","Nee","Malus domestica","https://deoerakker.cgn.wur.nl/or/detail.asp?Nr=1163","2026-09-10"
"1164","Kruis appel","Appel","Kruis Appel van Gelder, Gelders Kruis, Bastaard Kroon","","","Nee","Nee","Malus domestica","https://deoerakker.cgn.wur.nl/or/detail.asp?Nr=1164","2026-09-10"
"1165","Kuipers Eersteling","Appel","","","1911","Nee","Nee","Malus domestica","https://deoerakker.cgn.wur.nl/or/detail.asp?Nr=1165","2026-09-10"
"1166","Lady Suddeley","Appel","Lady Sudely, Jacob's Strawberry","Handappel","","Ja","Nee","Malus domestica","https://deoerakker.cgn.wur.nl/or/detail.asp?Nr=1166","2026-09-10"
"1167","Lamb Abbey Pearmain","Appel","Lamb Abbey, Lambe Abbey, Laneb Abbey, Laneb Abbey Pearmain, Parmaene der Abtei Lamb, Pearmain de L'abbaye de Lamb, Pearmain de L'abbey de Lamb, Pearmain Lamb Abbey","","1868","Nee","Ja","Malus domestica","https://deoerakker.cgn.wur.nl/or/detail.asp?Nr=1167","2026-09-10"
"1168","Landsberger Reinette","Appel","Landsberg, Landsberger, Landsberger Reinet, Landsberger Renette, Landsbergerrenett, Landsberska, Landsberska Reneta, Landsburg, Landsburger Reinette, Lansberger Reinette, Reinette de Landsberg, Reinette de Lansberg, Reinette Landsberger, Reinette Lansberger, Renet Landsbergskii, Reneta Gorzawska, Reneta Landsbergera, Reneta Landsberska, Surprise","Hand- En Moesappel","1850","Ja","Ja","Malus domestica","https://deoerakker.cgn.wur.nl/or/detail.asp?Nr=1168","2026-09-10"
"1169","Lane's Prince Albert","Appel","Albert Lanskii, Lane, Lane Prince Albert, Lane's, Lane's Albert, Lane's Albertsapple, Lanes Albertsapple, Lanes Prince Albert, Perkin's A. 1, Perkins A. 1, Perkins' A. 1, Prince Albert, Prince Albert (lane), Prince Albert de Lane, Prinz Albert, Profit, Victoria And Albert","","1857","Ja","Ja","Malus domestica","https://deoerakker.cgn.wur.nl/or/detail.asp?Nr=1169","2026-09-10"
"1170","Lange Framboosappel","Appel","Lange Herfst Framboosappel, Calville D automne Raye, Gestreifter Herbst Calvil","Handappel","1830","Nee","Nee","Malus domestica","https://deoerakker.cgn.wur.nl/or/detail.asp?Nr=1170","2026-09-10"
"1171","Langstelige Borsdorfer","Appel","Borsdorfer","Handappel","1830","Nee","Nee","Malus domestica","https://deoerakker.cgn.wur.nl/or/detail.asp?Nr=1171","2026-09-10"
"1172","Langtons None Such","Appel","Langton's Sondergleichen, Englischer Gestreifter Kurzstiel, Rosmarin Reinette, Mohn Apfel","","1868","Ja","Nee","Malus domestica","https://deoerakker.cgn.wur.nl/or/detail.asp?Nr=1172","2026-09-10"
"1173","Laxton's Exquisite","Appel","Exquisite","Handappel","1902","Nee","Ja","Malus domestica","https://deoerakker.cgn.wur.nl/or/detail.asp?Nr=1173","2026-09-10"
"1174","Laxton's Fortune","Appel","Fortune","Handappel","1904","Ja","Nee","Malus domestica","https://deoerakker.cgn.wur.nl/or/detail.asp?Nr=1174","2026-09-10"
"1175","Laxton's Superb","Appel","Laxton Superb, Laxtons Superb, Superb, Laxton's Supurb","Hand- En Moesappel","1897","Ja","Ja","Malus domestica","https://deoerakker.cgn.wur.nl/or/detail.asp?Nr=1175","2026-09-10"
"1176","Leardman Derfordshire","Appel","","","1868","Nee","Nee","Malus domestica","https://deoerakker.cgn.wur.nl/or/detail.asp?Nr=1176","2026-09-10"
"1177","Lemoenappel","Appel","Limoenappel, Citroen Appel (winter )","Hand- En Moesappel","1885","Ja","Ja","Malus domestica","https://deoerakker.cgn.wur.nl/or/detail.asp?Nr=1177","2026-09-10"
"1179","Lepen d'Or de Bevelingen","Appel","","","1911","Nee","Nee","Malus domestica","https://deoerakker.cgn.wur.nl/or/detail.asp?Nr=1179","2026-09-10"
"1180","Leven Alma","Appel","","","","Ja","Ja","Malus domestica","https://deoerakker.cgn.wur.nl/or/detail.asp?Nr=1180","2026-09-10"
"1181","Leyden Pippin","Appel","Pippin, Leyden","","1875","Nee","Nee","Malus domestica","https://deoerakker.cgn.wur.nl/or/detail.asp?Nr=1181","2026-09-10"
"1182","Lienden's Wijnzuur","Appel","","","1942","Nee","Nee","Malus domestica","https://deoerakker.cgn.wur.nl/or/detail.asp?Nr=1182","2026-09-10"
"1183","Liesappel","Appel","","","1943","Nee","Nee","Malus domestica","https://deoerakker.cgn.wur.nl/or/detail.asp?Nr=1183","2026-09-10"
"1184","Lieve vrouwenappel","Appel","","","","Nee","Nee","Malus domestica","https://deoerakker.cgn.wur.nl/or/detail.asp?Nr=1184","2026-09-10"
"1185","Limburgse Bellefleur","Appel","Noyappel","Hand- En Moesappel","1939","Ja","Ja","Malus domestica","https://deoerakker.cgn.wur.nl/or/detail.asp?Nr=1185","2026-09-10"
"1186","Lindenappel","Appel","","","1939","Nee","Nee","Malus domestica","https://deoerakker.cgn.wur.nl/or/detail.asp?Nr=1186","2026-09-10"
"1187","Loan's Pearmain","Appel","","","1875","Nee","Nee","Malus domestica","https://deoerakker.cgn.wur.nl/or/detail.asp?Nr=1187","2026-09-10"
"1188","Loddington","Appel","Killick's Apple, Loddington (stone's), Loddington Seedling, Mapson's Seedling, Stone, Stone's, Stone's Apple, Stone's Seedling, Stones, Stones's","Hand- En Moesappel","omst","Ja","Nee","Malus domestica","https://deoerakker.cgn.wur.nl/or/detail.asp?Nr=1188","2026-09-10"
"1189","Lombarts Calville","Appel","Witte Winter Lombartscalville, Lombarts Kalvill, Lombartscalville","Hand- En Keukenappel","1906","Ja","Ja","Malus domestica","https://deoerakker.cgn.wur.nl/or/detail.asp?Nr=1189","2026-09-10"
"1190","London Pippin","Appel","Bastard Calvill, Bastard Kalvil, Bastard Calvill, Bastard Calville, Calville de Londres, Calville de Stafa, Calville du Haire, Calville du Roi, Citron D'hiver, de Londres, Fine Crown Pippin, Five Crown, Five Crown Pippin, Five Crowned Peppin, Five Crowned Pippin, Five Crown Pippin, Five Crowned Pippin, Galibro Pippin, Grosse Reinette de Londres, Grune Englischer Calvill, Gruner Englischer Calvill, Jadrnac Londynsky, Kalvil Jioltii, Kalvil Korolevskii, Kalvil Limonni, London, London Golden Pippin, London Peppin, London Pepping, London Pepping, Londoner Grosse Reinette, Londoner Pepping, Londoni Pepin, Londonski Pepin, Londynske, Londynsky Jadernac, Lounden Peppen, New London Pippin, New London Pippin, Old London Pippin, Pepin de Londres, Pepin Londonskii, Pepina Londynska, Peppin de Londres, Pippin de Londres, Pomme de Londres, Popina Londynska, Poppina Di Londra, Reinette de Londres, Royal Somerset, Selvatica Di Londra, Statner Calviller, Werderscher Kalvill, White London Pippin, White Pippin, Winter Citronenapfel, Five Crowned Pippin","Keukenappel","voor","Ja","Ja","Malus domestica","https://deoerakker.cgn.wur.nl/or/detail.asp?Nr=1190","2026-09-10"
"1191","Loofkransen","Appel","","","1943","Nee","Nee","Malus domestica","https://deoerakker.cgn.wur.nl/or/detail.asp?Nr=1191","2026-09-10"
"1192","Lord Derby","Appel","Derby, London Major, London Mayor","Keukenappel","","Nee","Ja","Malus domestica","https://deoerakker.cgn.wur.nl/or/detail.asp?Nr=1192","2026-09-10"
"1193","Lord Grosvenor","Appel","Pigeon (rouge), Grosvenor, Lord Grosvener, Lord Grosvenor Calville, Koniglicher Taubling, Rother Winter Taubenapfel, Donauers Taubenapfel","Keukenappel","","Ja","Ja","Malus domestica","https://deoerakker.cgn.wur.nl/or/detail.asp?Nr=1193","2026-09-10"
"1194","Lord Lambourne","Appel","","Hand- En Moesappel","1907","Ja","Ja","Malus domestica","https://deoerakker.cgn.wur.nl/or/detail.asp?Nr=1194","2026-09-10"
"1195","Lord Suffield","Appel","Bishop's Hero, Lady Suffield, Lady Sutherland, Livesay's Imperial, Livesley's Imperial, Seffild","Keukenappel","1933","Nee","Ja","Malus domestica","https://deoerakker.cgn.wur.nl/or/detail.asp?Nr=1195","2026-09-10"
"1196","Louweris Kruid appel","Appel","Sneeuw Appel","","","Nee","Nee","Malus domestica","https://deoerakker.cgn.wur.nl/or/detail.asp?Nr=1196","2026-09-10"
"1197","Luntersch zoet","Appel","","","1888","Nee","Nee","Malus domestica","https://deoerakker.cgn.wur.nl/or/detail.asp?Nr=1197","2026-09-10"
"1198","Luntersche Pippeling","Appel","Lunterse Pepping, Lunterse Peppeling","Hand- En Moesappel","1900","Ja","Ja","Malus domestica","https://deoerakker.cgn.wur.nl/or/detail.asp?Nr=1198","2026-09-10"
"1199","Luntersche Present","Appel","Present van Lunteren","","","Ja","Ja","Malus domestica","https://deoerakker.cgn.wur.nl/or/detail.asp?Nr=1199","2026-09-10"
"1200","Lunterse Groenappel","Appel","","","1888","Nee","Nee","Malus domestica","https://deoerakker.cgn.wur.nl/or/detail.asp?Nr=1200","2026-09-10"
"1201","Maidenblush","Appel","","","1896","Nee","Nee","Malus domestica","https://deoerakker.cgn.wur.nl/or/detail.asp?Nr=1201","2026-09-10"
"1202","Manks Codlin","Appel","Manks Appel, Belmont, Codlin de Mank, Codlin de Mank's, Codlin de Manks, Codlin de Manx, Codlin Manx, English Pitcher, Eva, Eva Alma, Eva's Calvill, Eve, Eve Apple, Eve Apple (of Scotland), Eve Apple (scottish), Eve Apple of Scotland, Eve of Scotland, Frith Pippin, Frith Pitcher, Iris Codlin, Iris Pitcher, Irish Codlin, Irish Pitcher, Irish Pitscher, Manck's Codlin, Manck's Kuchenapfel, Mank's Codlin, Mank's Kuchen Apfel, Mank's Kuchenapfel, Manks Codling, Manks Kuchenapfel, Manks' Codlin, Manx Codlin, Orme, Pomme D'eve, Rambour Barre, Summer Codlin, The Eve, Winter Saint Lawrence","Hand- En Moesappel","1815","Ja","Nee","Malus domestica","https://deoerakker.cgn.wur.nl/or/detail.asp?Nr=1202","2026-09-10"
"1203","Mannington's Pearmain","Appel","Pearmain Mannington, Mannington Pearmain, Mannington's Parmaene, Mannington's Parmane, Pearmain de Mannington, Pomme de Mannington","","1847","Ja","Ja","Malus domestica","https://deoerakker.cgn.wur.nl/or/detail.asp?Nr=1203","2026-09-10"
"1204","Margrater Reinette","Appel","","","1946","Ja","Nee","Malus domestica","https://deoerakker.cgn.wur.nl/or/detail.asp?Nr=1204","2026-09-10"
"1205","Marie","Appel","Pomme Marie, Marie (van der Vlies)","","1868","Nee","Nee","Malus domestica","https://deoerakker.cgn.wur.nl/or/detail.asp?Nr=1205","2026-09-10"
"1206","Marie Jose d'Othee","Appel","De Fer, Ijzerappel, Marie Jose, Pomme de Deux Ans, Pomme de Fer, Reine Marie D'otlee, Reine Marie Joseph D'othee, Marie Joseph D'othee","Hand- En Keukenappel","1870","Ja","Ja","Malus domestica","https://deoerakker.cgn.wur.nl/or/detail.asp?Nr=1206","2026-09-10"
"1207","May Queen","Appel","","Handappel","1888","Ja","Ja","Malus domestica","https://deoerakker.cgn.wur.nl/or/detail.asp?Nr=1207","2026-09-10"
"1208","Meipippin","Appel","","","1943","Nee","Nee","Malus domestica","https://deoerakker.cgn.wur.nl/or/detail.asp?Nr=1208","2026-09-10"
"1209","Meizoet","Appel","","","1933","Nee","Nee","Malus domestica","https://deoerakker.cgn.wur.nl/or/detail.asp?Nr=1209","2026-09-10"
"1210","Melanie Moerland","Appel","","","1948","Nee","Nee","Malus domestica","https://deoerakker.cgn.wur.nl/or/detail.asp?Nr=1210","2026-09-10"
"1211","Melba","Appel","","Handappel","1898","Ja","Ja","Malus domestica","https://deoerakker.cgn.wur.nl/or/detail.asp?Nr=1211","2026-09-10"
"1212","Melrose","Appel","","Keuken- En Dessertappel","1937","Ja","Nee","Malus domestica","https://deoerakker.cgn.wur.nl/or/detail.asp?Nr=1212","2026-09-10"
"1213","Merveille Parmain","Appel","Dubbelde Parmain","","","Nee","Nee","Malus domestica","https://deoerakker.cgn.wur.nl/or/detail.asp?Nr=1213","2026-09-10"
"1214","Monarch","Appel","","Keukenappel","1888","Nee","Ja","Malus domestica","https://deoerakker.cgn.wur.nl/or/detail.asp?Nr=1214","2026-09-10"
"1215","Monstrueuse d'Amerique","Appel","","","","Nee","Nee","Malus domestica","https://deoerakker.cgn.wur.nl/or/detail.asp?Nr=1215","2026-09-10"
"1216","Mount Rainier","Appel","","Dessertappel","1933","Nee","Ja","Malus domestica","https://deoerakker.cgn.wur.nl/or/detail.asp?Nr=1216","2026-09-10"
"1217","Mr. Gladstone","Appel","Gladston, Jackson's Seedling, Lord Gladstone, Gladstone, Monsieur Gladstone, Mr. Gladstone, Scarlet Pippin, Striped Quarrenden, W. E. Gladsto","","1911","Ja","Nee","Malus domestica","https://deoerakker.cgn.wur.nl/or/detail.asp?Nr=1217","2026-09-10"
"1218","Mulderappel","Appel","","","1946","Nee","Nee","Malus domestica","https://deoerakker.cgn.wur.nl/or/detail.asp?Nr=1218","2026-09-10"
"1219","Muskaat Reinette","Appel","Fail Me Never, Gewurz Reinette, Gezuckerte Bisam Reinette, Gezuckerte Bisam Reinette, Herefordshire Margil, Kleine Granat Reinette, Kleine Granat Reinette, Margil Hook, Margile, Margill, Margille, Monymusk, Munche's Pippin, Munches Pippin, Muscadet, Muscat, Muscat Reinette, Muscat Reinette, Muscate, Muscate Reinette, Muscateller Reinette, Muscateller Reinette, Muscaten Reinette, Muscaten Reinette, Muscatin Reinette, Musckaten Reinette, Muskat Reinette, Muskat Rennet, Muskat Reinette, Muskateller, Muskateller Reinette, Muskaten Reinette, Muskaten Reinette, Muskatova Reneta, Muskirte Reinette, Muskotaly Renet, Musquee, Neue Muskat Reinette, Neue Muskat Reinette, Never Fail, Never Fail, Neverfail, Newer Fail, Reinette D'hiver Musquee, Reinette D'hiver Sucree, Reinette Douce de France, Reinette Douce Et Jaune, Reinette Douce Musquee, Reinette Muscat, Reinette Muscaten, Reinette Musque, Reinette Musquee, Reinette Sucree, Renet Muscat, Renet Muscus, Renet Muskatmi, Renet Muskatnyi, Renet Tamiios, Reneta Muskatova, Reneta Muszkatowa, Renetta Moscata, Renetta Muschiata, Small Ribston, Small Ribston Pippin, Small Ribstone, Sucree D'hiver, White Margil, Reinette Muskaat, Reinette Musquee, Munches Pippin","","1868","Ja","Ja","Malus domestica","https://deoerakker.cgn.wur.nl/or/detail.asp?Nr=1219","2026-09-10"
"1220","Neerlands Glorie","Appel","","Onderstam","1932","Nee","Nee","Malus domestica","https://deoerakker.cgn.wur.nl/or/detail.asp?Nr=1220","2026-09-10"
"1221","Nel Guin","Appel","Dubbele Parmain, Dubbele Gouden Pippeling, Koningsappel, Konings Peerappel, Koningspippeling, Parmain Royal, Engelse Konings of Kings's Pepping, Merveille Parmain, Dubbele Parmain, Reinette Von Breda, Bredai Renet, Cantur Reinette, Doppelte Gold Reinette, Doppelte Gold Reinette, Doppelte Goldpepping, Doppelter Gold Pepping, Doppelter Goldpepping, Double Pepin d'Or, Double Pepin d'Or, Gold Pepping, Gold Pepping, Hieroglyphen Reinette, Kanter Reinette, Konig Jacob, Nelguin, Nelquin, Reinetta Di Campo Trentino, Reinette Aizerna, Reinette D'aizema, Reinette D'aizerna, Reinette de Aizerna, Reinette Nelguin, Reinette van Aizema, Reinette Von Aizema, Reinette Von Aizerna, Reinette Von Breda, Renet Belui Breda, Renet Breda, Reneta Bredanska, Renetta Di Campo Trentino","","","Ja","Nee","Malus domestica","https://deoerakker.cgn.wur.nl/or/detail.asp?Nr=1221","2026-09-10"
"1222","Nelson's Glory","Appel","Nelson's Codlin, Backhouse's Codlin, Nelson, Beaufine Strie,","","1875","Nee","Ja","Malus domestica","https://deoerakker.cgn.wur.nl/or/detail.asp?Nr=1222","2026-09-10"
"1223","Neuer Berner Rosenapfel","Appel","Pigeon (rouge), Berner Rosenapfel, Berner Rosen&#230;ble, Bernska Rozova, Bernske Ru&#382;ove, Bernske Ru&#382;ove Nove, Bernskoe Rozovoe, Bernskt Ruzovt, Nouvelle Rose de Berne, Pomme Rose de Berne, Rose de Berne, Roz de Berna, Rozanka Bernenska, Rozovoe Bernskoe, Berner Rosen","Hand- En Keukenappel","1888","Ja","Nee","Malus domestica","https://deoerakker.cgn.wur.nl/or/detail.asp?Nr=1223","2026-09-10"
"1224","Neustadt's Gold Pippin","Appel","","","1912","Nee","Nee","Malus domestica","https://deoerakker.cgn.wur.nl/or/detail.asp?Nr=1224","2026-09-10"
"1226","Newton Wonder","Appel","","Keukenappel","1887","Nee","Ja","Malus domestica","https://deoerakker.cgn.wur.nl/or/detail.asp?Nr=1226","2026-09-10"
"1225","Newtown Pippin","Appel","Albemarle, Albemarle Pippin, Albermarle, Albermarle Pippin, American Newton Pippin, American Newtown Pippin, Back Creek, Brooke Pippin, Brooke's Pippin, Brookes Pippin, Brookes' Pippin, Coxe's Green Newton Pippin, de New York, Gelber Von Newton, Green Newton Pippin, Green Newtown, Green Newtown Pippin, Green Newtown Pippin, Green Ohio Pippin, Green Winter Pippin, Hampshire Greening, Hunt's Fine Green Pippin, Hunt's Green Newton Pippin, Hunt's Green Newtown Pippin, Kostliche Reinette Von Newtown, Large Green Newtown Pippin, Large Newton Pippin, Large Newtown Pippin, Large Yellow, Large Yellow Newton Pippin, Large Yellow Newtown Pippin, Mountain Pippin, Neujorker Reinette, Neustadt's Gelber Pepping, Neustadt's Grosser Pepping, Neustadts Grosser Pepping, Neustadts Kostliche Reinette, New York, New York Greening, New York Pippin, New York Reinette, New York, Newjorker Reinette, Newton, Newton Green Pippin, Newton Pippin, Newton Yellow Pippin, Newton'pippin, Newton's Pippin, Newtown Green Winter Pippin, Newtown Pippin From New York, Newtown Vert, Ohio Green Pippin, Pepin de Newtown, Pepin Newtona, Pepin Newtown, Pepin Nouvelle Ville, Pepin Vert de Newton, Pepin Vert de Newtown, Pepin Vert de Newton, Peterborough Pippin, Petersburg Pippin, Petersburgh Pippen, Petersburgh Pippin, Pippin, Pippin Newtown Yellow, Reinette de New York, Virginia Pippin, White Newtown Pippin, White's Newtown Pippin, Yellow Newton, Yellow Newton Pippin, Yellow Newton's Pippin, Yellow Newtown, Yellow Newtown Pippin","Handappel","18e","Ja","Nee","Malus domestica","https://deoerakker.cgn.wur.nl/or/detail.asp?Nr=1225","2026-09-10"
"1227","Nieuwe Engelsche Pigeon","Appel","Engelsche Pigeon, Neuer Englischer Pigeon, Grosser Bohmischer Jungfernapfel","Hand- En Keukenappel","1868","Ja","Nee","Malus domestica","https://deoerakker.cgn.wur.nl/or/detail.asp?Nr=1227","2026-09-10"
"1228","Nonpareil Scarlet","Appel","New Scarlet Nonpareil","","1868","Nee","Nee","Malus domestica","https://deoerakker.cgn.wur.nl/or/detail.asp?Nr=1228","2026-09-10"
"1229","Noorderkroon","Appel","","","1930","Ja","Nee","Malus domestica","https://deoerakker.cgn.wur.nl/or/detail.asp?Nr=1229","2026-09-10"
"1230","Norfolk Beauty","Appel","","Keukenappel","1932","Nee","Ja","Malus domestica","https://deoerakker.cgn.wur.nl/or/detail.asp?Nr=1230","2026-09-10"
"1231","Norfolk Royal","Appel","Norfolk Royal (russet Sport)","Handappel","","Nee","Ja","Malus domestica","https://deoerakker.cgn.wur.nl/or/detail.asp?Nr=1231","2026-09-10"
"1232","Northern Spy","Appel","King Apple, King's Apple, Severnui Razvedchik, Severnui Shpion, Spaeher des Nordens, Spaher des Nordens, Spy","Dessertappel","1880","Ja","Nee","Malus domestica","https://deoerakker.cgn.wur.nl/or/detail.asp?Nr=1232","2026-09-10"
"1233","Notarisappel","Appel","Notaris","Hand- En Moesappel","1890","Ja","Ja","Malus domestica","https://deoerakker.cgn.wur.nl/or/detail.asp?Nr=1233","2026-09-10"
"1234","Nouvelle France","Appel","","","1897","Nee","Nee","Malus domestica","https://deoerakker.cgn.wur.nl/or/detail.asp?Nr=1234","2026-09-10"
"1235","Odenwalder","Appel","","","1943","Nee","Nee","Malus domestica","https://deoerakker.cgn.wur.nl/or/detail.asp?Nr=1235","2026-09-10"
"1236","Old Pearmain","Appel","Herefordshire Pearmain, Old Pearmain (of Kelsey), Pearmain Royal, Royal Pearmain, Pearmain, Limonien Reinette, Royale D' Angleterre","","1868","Nee","Ja","Malus domestica","https://deoerakker.cgn.wur.nl/or/detail.asp?Nr=1236","2026-09-10"
"1237","Olivier des Serres","Appel","","","1935","Nee","Nee","Malus domestica","https://deoerakker.cgn.wur.nl/or/detail.asp?Nr=1237","2026-09-10"
"1238","Ontario","Appel","Ontarioapfel","Hand- En Keukenappel","1820","Ja","Nee","Malus domestica","https://deoerakker.cgn.wur.nl/or/detail.asp?Nr=1238","2026-09-10"
"1239","Oostfriesche Calville","Appel","","","1911","Nee","Nee","Malus domestica","https://deoerakker.cgn.wur.nl/or/detail.asp?Nr=1239","2026-09-10"
"1240","Oostindische Compagnie","Appel","Gele Oostindische Compagnie, Reinette Sylvanus, Reinette de Cassel, New Gold Nonpareil, New Nonpareil","","1868","Nee","Nee","Malus domestica","https://deoerakker.cgn.wur.nl/or/detail.asp?Nr=1240","2026-09-10"
"1241","Oranje appel","Appel","Engelsche Oranje Appel","","1888","Nee","Nee","Malus domestica","https://deoerakker.cgn.wur.nl/or/detail.asp?Nr=1241","2026-09-10"
"1242","Oranje Reinet","Appel","Reinette d'Orange, Oranje Appel","","1927","Ja","Nee","Malus domestica","https://deoerakker.cgn.wur.nl/or/detail.asp?Nr=1242","2026-09-10"
"1243","Oranje Reinette van Pomona","Appel","","Dessert- En Keukenappel","","Ja","Nee","Malus domestica","https://deoerakker.cgn.wur.nl/or/detail.asp?Nr=1243","2026-09-10"
"1244","Orleans Reinette","Appel","Wijker Pippeling, Pearman Doree, Reinette Golden, Elisabeth, Megginch Favourite, Dundee, Aurore, Cardinal Pippin, Corneli's Gold Reinette, Corneli's Gold Reinette, Cornellis Gold Reinette, Courpendu Blanc, Courpendu Dore, Court Pendu Blanc, Court Pendu de Tournay, Court Pendu Dore, Court Pendu Doree, Court Pendu Blanc, Court Pendu de Tournay, Court Pendu Dore, Court Pendu Doree, Court Pendu Doree, Crackling Pippin, Dattenfelder Gold Reinette, Dattenfelder Gold Reinette, Doerell's Ananas Reinette, Doerell's Ananas Reinette, Doerell's Grosse Gold Reinette, Doerell's Grosse Gold Reinette, Doerell's Rosmarin Reinette, Doerell's Rosmarin Reinette, Doerells Ananas Reinette, Doerells Grosse Goldreinette, Doerells Rosmarin Reinette, Doppelte Gold Reinette, Doppelte Gold Reinette, Gold Reinette, Gold Reinette Von Sans Souci, Gold Reinette Von Sans Souci, Gold Reinette, Gold Reinette Von Sans Sousi, Gold Reinette Von Sans Souci, Golden Reinette, Goldreinette, Graf Sterenberg's Kostliche Reinette, Graf Sternberg's Kostliche Reinette, Graf Sterneberg's Kostliche Reinette, Gross Wiener Gold Reinette, Grosse Wiener Gold Reinette, Grosser Bohmischer Borsdorfer, Grosser Borsdorfer, Grosser Wiener Gold Reinette, Guldrenett, Harklows Bester, Hollandische Pepping, Hollandsche Pepping, Hollandsk Pippin, Kirke's Golden Reinette, Kirkes Golden Reinette, Kleine Casseler Reinette, Krasnii Safran, Krasnyi Shafran, Madam Calpin, New York Reinette, New Yorker Reinette, New Yorker Reinette, Niuiorska Reneta, Orlean's Reinette, Orleans Reinet, Orleans Reinette, Orleans Renett, Orleansi Renet, Orleanskii Renet, Orleansrenett, Pearmain d'Or, Pepping Paermain, Pepping Pearmain, Pepping Pearmaine, Pepping Von Holland, Perl Reinette, Perl Reinette, Perle Reinette, Princesse Noble, Radauer Reinette, Reinette Belle Fleur, Reinette Bellefleur, Reinette D'aix, Reinette d'Orleans, Reinette de Breil, Reinette de Friesland, Reinette de Spitzemberg, Reinette de Spitzenberg, Reinette de Tournay, Reinette Glasgow, Reinette Golden, Reinette Orleans, Reinette Triomphant, Reinette Triomphante, Reinette Triumphant, Reinette Von Orleans, Renet de Orleans, Renet Orleanskii, Ronde Belle Fleur, Ronde Bellefleur, Schonbrunner Reinette, Shafran, Siegende Reinette, Starklow's Bester, Triumph Reinette, Triumph Reinette, Triumph Teinette, Vyker Pippin, Winter Ribston, Wygers, Wyker Peppeling, Wyker Pepping, Wyker Pippin, Yellow German Reinette, Zimnii Safran, Zimnii Shafran","Dessert- En Keukenappel","1776","Ja","Ja","Malus domestica","https://deoerakker.cgn.wur.nl/or/detail.asp?Nr=1244","2026-09-10"
"1245","Oslin","Appel","Arbroath Oslin, Arbroath Pippin, Arbroth Pippin, Bur Knot, Burr Knot, Burrknot, Golden Apple, Mother, Mother Apple, Orgeline, Orgiline, Orglon, Original Apple, Original Pippin, Orjeline, Oslin Apple, Oslin Pippin, Scotch Oslin, Summer Oslin, The Oslin Apple, White Oslin","","1868","Nee","Ja","Malus domestica","https://deoerakker.cgn.wur.nl/or/detail.asp?Nr=1245","2026-09-10"
"1246","Ossenkop","Appel","Ossekop, Oude Franse, Bellefleur Large Mouche","Hand- En Moesappel","1850","Ja","Ja","Malus domestica","https://deoerakker.cgn.wur.nl/or/detail.asp?Nr=1246","2026-09-10"
"1247","Ostfriescher Calville","Appel","Oost Friese Calville","","1946","Nee","Nee","Malus domestica","https://deoerakker.cgn.wur.nl/or/detail.asp?Nr=1247","2026-09-10"
"1248","Paarskop","Appel","","","1939","Nee","Nee","Malus domestica","https://deoerakker.cgn.wur.nl/or/detail.asp?Nr=1248","2026-09-10"
"1249","Paasch Appel","Appel","","","","Nee","Nee","Malus domestica","https://deoerakker.cgn.wur.nl/or/detail.asp?Nr=1249","2026-09-10"
"1250","Pannekoekappel","Appel","","","1943","Nee","Nee","Malus domestica","https://deoerakker.cgn.wur.nl/or/detail.asp?Nr=1250","2026-09-10"
"1251","Paradijs Zure Zomer","Appel","","","1926","Nee","Nee","Malus domestica","https://deoerakker.cgn.wur.nl/or/detail.asp?Nr=1251","2026-09-10"
"1252","Paradijsappel","Appel","Witte Zomer, Vroege Paradijs Appel, St. Jansappel, Naantjesappel, Enkele Paradijs?","","1865","Nee","Ja","Malus domestica","https://deoerakker.cgn.wur.nl/or/detail.asp?Nr=1252","2026-09-10"
"1253","Parfumer Demisourq","Appel","","","","Nee","Nee","Malus domestica","https://deoerakker.cgn.wur.nl/or/detail.asp?Nr=1253","2026-09-10"
"1254","Parmain d'Ete","Appel","Zomer of Herfst Parmain, Peppin Parmain D'ete.","","","Nee","Nee","Malus domestica","https://deoerakker.cgn.wur.nl/or/detail.asp?Nr=1254","2026-09-10"
"1255","Parmain Royal","Appel","Dubbele Gouden Pippeling, Parmain Royal de Longue Duree, Engelsche Konings of Kings Pepping","","","Nee","Nee","Malus domestica","https://deoerakker.cgn.wur.nl/or/detail.asp?Nr=1255","2026-09-10"
"1256","Pater van den Elsen","Appel","","Keukenappel","1935","Ja","Ja","Malus domestica","https://deoerakker.cgn.wur.nl/or/detail.asp?Nr=1256","2026-09-10"
"1257","Peasgood Nonsuch","Appel","Gold Reinette Von Peasgood, Goldreinette Von Peasgood, Nesravnennoe, Nesravnennoe Pisguda, Niezrdwnane Pisguda, Non Pareille de Peasgood, Peasgood, Peasgood Nonesuch, Peasgood Nonsuch, Peasgood Parotlanja, Peasgood's Goldreinette, Peasgood's Goldrenette, Peasgood's None Such, Peasgood's Nonesuch, Peasgood's Sondergleichen, Peasgood's Unvergleichlicher, Peasgoodova, Peasgoods Goldrenette, Peasgoods Sondergleichen, Reinette Dorte de Peasgood, Reinette Peasgood Nonsuch, Renet Auriu de Peasgood, Renet Pisguda, Renet Zolotoi Pisguda, Sans, Sans Pareil de Peasgood, Sans Pareille de Peasgood, Sans Pareille Peasgood, Sanspareille de Peasgood, Sanspareille Peasgood","Keukenappel","","Ja","Ja","Malus domestica","https://deoerakker.cgn.wur.nl/or/detail.asp?Nr=1257","2026-09-10"
"1258","Peetappel","Appel","","","1945","Nee","Nee","Malus domestica","https://deoerakker.cgn.wur.nl/or/detail.asp?Nr=1258","2026-09-10"
"1259","Pepelingen","Appel","","","1946","Nee","Nee","Malus domestica","https://deoerakker.cgn.wur.nl/or/detail.asp?Nr=1259","2026-09-10"
"1260","Peperappel","Appel","Bristol Reinette, Reinet Tulpa, Reinette de Tulpa","Dessertappel","","Ja","Ja","Malus domestica","https://deoerakker.cgn.wur.nl/or/detail.asp?Nr=1260","2026-09-10"
"1261","Pepping","Appel","Witte Pepping, Blanke Pepping, Pepling","","","Nee","Nee","Malus domestica","https://deoerakker.cgn.wur.nl/or/detail.asp?Nr=1261","2026-09-10"
"1262","Perzik Rode Zomerappel","Appel","Broskwiniowe Letnie, Brzoskwiniowe Letnie, Ferskenrodt Sommeracble, Ferskenrot Sommeraeble, Hedvabne Cervene Letni, Jenaer Rosenapfel, Persikerott Sommerapple, Persikovoe Letnee, Persikrott Sommarapple, Perzikrode Zomerappel, Pfirschenrothe Sommerrosenapfel, Pfirschenrother Sommer Rosenapfel, Pfirschenrother Sommerrosenapfel, Pfirsich Rother Somerapfel, Pfirsichapfel, Pfirsichroter Sommer Apfel, Pfirsichroter Sommer Rosen, Pfirsichroter Sommer Rosenapfel, Pfirsichrother Sommer Rosenapfel, Pfirsichrother Sommer Rosenapfel, Pfirsichrother Sommerapfel, Pomme D'ete Rouge Carmin, Pomme D'ete Rouge de Peche, Pomme D'ete Rougeur de Peche, Rott Sommarpersikapple, Rougeur de Peche, Roz de Vara, Sommer Rosenapfel, Sommer Rosenapfel","Handappel","","Ja","Ja","Malus domestica","https://deoerakker.cgn.wur.nl/or/detail.asp?Nr=1262","2026-09-10"
"1263","Peter Heuskens Goudreinette","Appel","Heuskens Goudreinette","","1896","Nee","Nee","Malus domestica","https://deoerakker.cgn.wur.nl/or/detail.asp?Nr=1263","2026-09-10"
"1264","Peterselieappel","Appel","","","1860","Ja","Ja","Malus domestica","https://deoerakker.cgn.wur.nl/or/detail.asp?Nr=1264","2026-09-10"
"1265","Petit Faros","Appel","","","","Nee","Nee","Malus domestica","https://deoerakker.cgn.wur.nl/or/detail.asp?Nr=1265","2026-09-10"
"1266","Pigeon","Appel","Duif Appel, Passe Pomme","","","Nee","Nee","Malus domestica","https://deoerakker.cgn.wur.nl/or/detail.asp?Nr=1266","2026-09-10"
"1267","Pigeonet Petit","Appel","","","","Nee","Nee","Malus domestica","https://deoerakker.cgn.wur.nl/or/detail.asp?Nr=1267","2026-09-10"
"1268","Pippin Sturmer","Appel","","","1875","Nee","Nee","Malus domestica","https://deoerakker.cgn.wur.nl/or/detail.asp?Nr=1268","2026-09-10"
"1269","Pisang appel","Appel","","","","Nee","Nee","Malus domestica","https://deoerakker.cgn.wur.nl/or/detail.asp?Nr=1269","2026-09-10"
"1270","Pladeiappel","Appel","Pladei","Hand- En Keukenappel","1940","Nee","Ja","Malus domestica","https://deoerakker.cgn.wur.nl/or/detail.asp?Nr=1270","2026-09-10"
"1271","Pomme Chataignier","Appel","","","","Nee","Nee","Malus domestica","https://deoerakker.cgn.wur.nl/or/detail.asp?Nr=1271","2026-09-10"
"1272","Pomme Concombre","Appel","","","","Nee","Nee","Malus domestica","https://deoerakker.cgn.wur.nl/or/detail.asp?Nr=1272","2026-09-10"
"1273","Pomme d'Astracan","Appel","Transparante de Moscovie, Pomme de Glace","","","Nee","Nee","Malus domestica","https://deoerakker.cgn.wur.nl/or/detail.asp?Nr=1273","2026-09-10"
"1274","Pomme de Deux Gouts","Appel","","","","Nee","Nee","Malus domestica","https://deoerakker.cgn.wur.nl/or/detail.asp?Nr=1274","2026-09-10"
"1275","Pomme de Palestina","Appel","","","","Nee","Nee","Malus domestica","https://deoerakker.cgn.wur.nl/or/detail.asp?Nr=1275","2026-09-10"
"1276","Pomme de Sarregeumines","Appel","","","","Nee","Nee","Malus domestica","https://deoerakker.cgn.wur.nl/or/detail.asp?Nr=1276","2026-09-10"
"1277","Pomme de St. Saveur","Appel","","","","Nee","Nee","Malus domestica","https://deoerakker.cgn.wur.nl/or/detail.asp?Nr=1277","2026-09-10"
"1278","Pomme Douce","Appel","","","","Nee","Nee","Malus domestica","https://deoerakker.cgn.wur.nl/or/detail.asp?Nr=1278","2026-09-10"
"1279","Pomme Going","Appel","","","","Nee","Nee","Malus domestica","https://deoerakker.cgn.wur.nl/or/detail.asp?Nr=1279","2026-09-10"
"1280","Pomme Haute Bonte","Appel","Reinette Grise Haute Bonte","","","Nee","Nee","Malus domestica","https://deoerakker.cgn.wur.nl/or/detail.asp?Nr=1280","2026-09-10"
"1281","Pomme Henri","Appel","","","1932","Nee","Ja","Malus domestica","https://deoerakker.cgn.wur.nl/or/detail.asp?Nr=1281","2026-09-10"
"1282","Pomme Maltranche Rouge","Appel","","","","Nee","Nee","Malus domestica","https://deoerakker.cgn.wur.nl/or/detail.asp?Nr=1282","2026-09-10"
"1283","Pomme Rosa","Appel","Smeedse, Smeetse, Belle du Havre","","1940","Ja","Ja","Malus domestica","https://deoerakker.cgn.wur.nl/or/detail.asp?Nr=1283","2026-09-10"
"1284","Pomme Rosa Verbrugh","Appel","Roodjes","","1910","Nee","Nee","Malus domestica","https://deoerakker.cgn.wur.nl/or/detail.asp?Nr=1284","2026-09-10"
"1285","Pomme Rose","Appel","Pomme Rose de France, Franse Roos Appel","","","Ja","Ja","Malus domestica","https://deoerakker.cgn.wur.nl/or/detail.asp?Nr=1285","2026-09-10"
"1286","Postophe d'Ete","Appel","","","","Nee","Nee","Malus domestica","https://deoerakker.cgn.wur.nl/or/detail.asp?Nr=1286","2026-09-10"
"1287","Pott's Seedling","Appel","Dean's Codlin, Deans' Codlin, Holland Pippin, Nott's Seedling, Notts Seedling, Notts' Seedling, Pott's Seedling, Potts Seedling, Potts's Seedling, Pratt's Pudding","Keukenappel","1849","Nee","Ja","Malus domestica","https://deoerakker.cgn.wur.nl/or/detail.asp?Nr=1287","2026-09-10"
"1288","Present Royal d Hiver","Appel","Grote Princen, Heer, Present D hiver, Weissbrod","","voor","Nee","Nee","Malus domestica","https://deoerakker.cgn.wur.nl/or/detail.asp?Nr=1288","2026-09-10"
"1289","Present van Andelst","Appel","Zomer Princesse Noble","","1940","Nee","Nee","Malus domestica","https://deoerakker.cgn.wur.nl/or/detail.asp?Nr=1289","2026-09-10"
"1290","Present van Engeland","Appel","Heerappel","Hand- En Moesappel","1863","Ja","Ja","Malus domestica","https://deoerakker.cgn.wur.nl/or/detail.asp?Nr=1290","2026-09-10"
"1291","Present van Friesland","Appel","","","1920","Ja","Nee","Malus domestica","https://deoerakker.cgn.wur.nl/or/detail.asp?Nr=1291","2026-09-10"
"1292","Present van Holland","Appel","","Handappel","1940","Ja","Nee","Malus domestica","https://deoerakker.cgn.wur.nl/or/detail.asp?Nr=1292","2026-09-10"
"1293","President Defays Dumonceau","Appel","President de Fays","","1890","Nee","Nee","Malus domestica","https://deoerakker.cgn.wur.nl/or/detail.asp?Nr=1293","2026-09-10"
"1294","Princes Appel","Appel","","","","Nee","Nee","Malus domestica","https://deoerakker.cgn.wur.nl/or/detail.asp?Nr=1294","2026-09-10"
"1295","Princes Marie","Appel","","","1896","Nee","Nee","Malus domestica","https://deoerakker.cgn.wur.nl/or/detail.asp?Nr=1295","2026-09-10"
"1296","Princes Willemien","Appel","","","1943","Nee","Nee","Malus domestica","https://deoerakker.cgn.wur.nl/or/detail.asp?Nr=1296","2026-09-10"
"1297","Princesse Adelaide","Appel","","","1854","Nee","Nee","Malus domestica","https://deoerakker.cgn.wur.nl/or/detail.asp?Nr=1297","2026-09-10"
"1298","Princesse Louise","Appel","","Hand- En Keukenappel","1860","Ja","Nee","Malus domestica","https://deoerakker.cgn.wur.nl/or/detail.asp?Nr=1298","2026-09-10"
"1299","Princesse Noble","Appel","Noblesse, Kroonappel, Princes d'Orange, Franse Kroon, Bles Alantappel, Alant Apfel, Grosser Edler Prinzessinapfel, Monchsnase , Pomme Carree, Pomme D'annee","Hand- En Moesappel","1708","Ja","Ja","Malus domestica","https://deoerakker.cgn.wur.nl/or/detail.asp?Nr=1299","2026-09-10"
"1300","Prinsappel","Appel","","","1890","Nee","Nee","Malus domestica","https://deoerakker.cgn.wur.nl/or/detail.asp?Nr=1300","2026-09-10"
"1301","Prinz Albrecht von Preussen","Appel","Albrechtapfel, Albrechtappel, Albrechtsapfel, Prinz Albrecht","Hand- En Keukenappel","1865","Ja","Nee","Malus domestica","https://deoerakker.cgn.wur.nl/or/detail.asp?Nr=1301","2026-09-10"
"1302","Queen","Appel","Die Konigin, Drottningen, Engelskt Drottningapple, Konigin, Koniginapfel, Koroleva, Kralovnino, la Reine, Saltmarsh's Queen, The Claimant, The Queen","Keukenappel","1858","Ja","Ja","Malus domestica","https://deoerakker.cgn.wur.nl/or/detail.asp?Nr=1302","2026-09-10"
"1303","Rambour d'Hiver","Appel","","","","Nee","Ja","Malus domestica","https://deoerakker.cgn.wur.nl/or/detail.asp?Nr=1303","2026-09-10"
"1304","Rambour Mortier","Appel","","","1911","Ja","Ja","Malus domestica","https://deoerakker.cgn.wur.nl/or/detail.asp?Nr=1304","2026-09-10"
"1305","Rambour Papeleu","Appel","Rambour Papelen","Hand- En Keukenappel","1911","Nee","Ja","Malus domestica","https://deoerakker.cgn.wur.nl/or/detail.asp?Nr=1305","2026-09-10"
"1306","Red Victoria","Appel","Red Rover","Keukenappel","1884","Nee","Ja","Malus domestica","https://deoerakker.cgn.wur.nl/or/detail.asp?Nr=1306","2026-09-10"
"1307","Reine de France","Appel","","","1868","Ja","Nee","Malus domestica","https://deoerakker.cgn.wur.nl/or/detail.asp?Nr=1307","2026-09-10"
"1308","Reinete de Cantorberry","Appel","","","","Nee","Nee","Malus domestica","https://deoerakker.cgn.wur.nl/or/detail.asp?Nr=1308","2026-09-10"
"1309","Reinette Baumann","Appel","Bauman's Reinette, Baumana, Baumann, Baumann Renet, Baumann's, Baumann's Red Reinette, Baumann's Red Winter Pearmain, Baumann's Red Winter Reinette, Baumann's Rote Winter Reinette, Baumann's Rothe Winter, Baumann's Rothe Winter Reinette, Baumann's Rothe Winterreinette, Baumann's Winter Reinette, Baumann s Reinette, Baumannova Reneta, Baumanns Reinette, Baumanns Renett, Baumanns Renette, Baumanns Rote Winterrenette, Baumanns Rother Winter Reinette, Baumanova Reneta, Baumans Rother Winter Reinette, Couronne des Dames, Couronne des Dames D'enghien, Krasnyi Renet, Red Winter Reinette, Reinette Bauman, Reinette Baumann, Reinette Baumann's Rother Winter, Reinette Bollwiller, Reinette de Bollviller, Reinette de Bollwiller, Reinette de Bolwiller, Reinette de Bolwillers, Reinette de Bolwyller, Reinette Rouge D'hiver de Baumann, Reinette Rouge de Baumann, Renet Baumana, Renet Baumann, Reneta Baumana, Renetta Baumann, Rote Reinette, Roter Reinette, Rothe Winter","","1905","Ja","Ja","Malus domestica","https://deoerakker.cgn.wur.nl/or/detail.asp?Nr=1309","2026-09-10"
"1310","Reinette Blanche","Appel","Reinette Triumphante, Witte Renet, Blanke Renet, Witte Fransche Renet","","","Nee","Nee","Malus domestica","https://deoerakker.cgn.wur.nl/or/detail.asp?Nr=1310","2026-09-10"
"1311","Reinette Coulon","Appel","","Handappel","1856","Ja","Ja","Malus domestica","https://deoerakker.cgn.wur.nl/or/detail.asp?Nr=1311","2026-09-10"
"1312","Reinette d'Angleterre","Appel","Cadeau du General","","","Nee","Ja","Malus domestica","https://deoerakker.cgn.wur.nl/or/detail.asp?Nr=1312","2026-09-10"
"1313","Reinette de Bretagne","Appel","","","","Nee","Nee","Malus domestica","https://deoerakker.cgn.wur.nl/or/detail.asp?Nr=1313","2026-09-10"
"1314","Reinette de Canada Blanche","Appel","Amerikanischer Romanite, Angleterre Grosse, Bamporta, Bamposta, Bemposta, Canada, Canada Blanc, Canada Blanc (creuse), Canada Pippin, Canada Reinette, Canada Renet, Canadai Renet, Canadarenett, Canadian Reinette, Canadisk Reinet, Canadisk Reinette, Cerina Di Roma, de Bretagne, de Caen, de Canada, Die Haarlemer Reinette, Die Weiberrei Nette, Dittrich's Pracht Reinette, du Canada, Forbes's Large Portugal, Francouzka Reneta, German Green, Gold Reinette, Grose Reinette D'angleterre, Grosse D'angleterre, Grosse Englische Reinette, Grosse Goldreinette, Grosse Reinette D'angleterre, Grosse Reinette du Canada, Grosse Reinette Sts du Canada, Grosse Reinette D'angleterre, Grosse Reinette du Canada, Harlemer Reinette, Hollandische Reinette, Jablko Kminove Sede, Januarea, Janura, Janurea, Kaiser Reinette, Kanada, Kanada Reinette, Kanadai Renet, Kanadarenett, Kanadska Reneta, Kminova Reneta, Macas D'espalis, Mala Janura, Mala Janurea, Mela Januera, Mela Janurea, Mela Januria, Michael Henry Pepping, Murner Reinette, Oesterreichische National Reinette, Oestreichische National Reinette, Osterreichische National Reinette, Parieser Rambour Reinette, Pariser Rambour, Pariser Rambour Reinet, Pariser Rambour Reinette, Pariser Rambour Renett, Pariser Rambour Reinette, Parizka Ramburova Reneta, Parizska Ramburova Reneta, Pomme de Bretagne, Pomme de Caen, Pomme du Caen, Pomme du Canada, Pomme Madame, Portugal, Portugal Apple, Portugal Russet, Pracht Reinette, Praire Rambour Reinette, Rambour de Paris, Reinette a Cotes, Reinette Blanche du Canada, Reinette Canada, Reinette D'andilly, Reinette D'angleterre, Reinette de Bretagne, Reinette de Caen, Reinette de Canada, Reinette de Canada a Cotes, Reinette de Canada Blanche, Reinette de Portugal, Reinette du Caen, Reinette du Canada a Cortes, Reinette du Canada a Cotes, Reinette du Canada a Cotts, Reinette du Canada A'cortes, Reinette du Canada Blanc, Reinette du Canada Blanche, Reinette Grandville, Reinette Grise D'automne, Reinette Grise du Canada, Reinette Grose de Canada, Reinette Grosse D'angleterre, Reinette Grosse de Angleterre, Reinette Grosse de Canada, Reinette Grosse du Canada, Reinette Incomparable, Reinette Monstreuse de Canada, Reinette Monstreuse du Canada, Reinette Monstrueuse du Canada, Reinette Virginale, Reinette Von Canada, Reinette Wahre, Reinette Whare, Reinette Windsor, Renet de Canada, Renet Kanadskii, Reneta Kanadyiska, Reneta Kminova, Renetta Del Canada, Renette Grosse de Angleterre, Riegel Reinette, Rumelin's Reinette, Rumelins Reinette, Russian Portugal, Saint Helena Russet, Saint Helene Russet, Sainte Helena, Sainte Helena, St. Helena Russet, Stern Reinette, Stern Reinette, Sternreinette, Surpass Reinette D'angleterre, Surpasse Reinette D'angleterre, Unvergleichliche Reinette, Wahr Reinette, Wahre Reinette, Weibe Reinette, Weiber Reinette, Weiberreinette, Weisse Antillische Reinette, Weisse Antillische Winter Reinette, Weisse Atillische, Wesse Antillische Winterreinette, White Pippin, Windsor Reinette, Windsor Reinette","Hand- En Keukenappel","1868","Ja","Nee","Malus domestica","https://deoerakker.cgn.wur.nl/or/detail.asp?Nr=1314","2026-09-10"
"1315","Reinette de Champagne","Appel","Bien Attachee, Bovinski, Bumazhnyi Renet, Champagne, Champagnei Renet, Champagner, Champagner Reinette, Champagner Renette, Champagner Reinette, Champaigne Reinette, Drei Jahr Dauernder Mutterapfel, Drei Jahre Dauern der Mutterapfel, Furstlicher Tafelapfel, Gebirgs Taffetiner, Glas Apfel, Glas Reinette, Glas Reinette, Glasapfel, Glattapfel, Herrenapfel, Herrnapfel, Jahrapfel, Kapuziner, Kapuzinerapfel, Kasapfel, Laskrieger, Loskrieger, Loskriger, Mariedl Apfel, Marien Apfel, Niederlandische Weisse Reinette, Pomme Bien Attache, Pomme Bien Attachee, Rabenapfel, Reinette Bien Attachee, Reinette Blanche de Champagne, Reinette de France, Reinette de Friesland, Reinette de Frisland, Reinette de Versailles, Reinette Frisland, Reinette Plate de Champagne, Reinette Von Versailles, Renet Bespodobnyi, Renet Bezpodobnii, Renet Bumajhnyi, Renet Bumajnii, Renet de Champagne, Renet Sampanskii, Renet Sampanskij, Reneta Sampanska, Reneta Szampanska, Sampanska Reneta, Sampanskii Renet, Schmalzapfel, Silberapfel, Soskrieger, Taffetapfel, Taffetinerapfel, Wachsrenette, Weissapfel, Weisse Versailler Reinette, Weisser Zwiebelapfel, Zweijahrling, Zwiebelapfel, Loskrieger, (weiser) Zwiebelapfel","Keukenappel","1770","Ja","Nee","Malus domestica","https://deoerakker.cgn.wur.nl/or/detail.asp?Nr=1315","2026-09-10"
"1316","Reinette de Granville","Appel","Reinette de Grandville, Reinette Granville, Reinette Gris de Granville, Reinette Grise de Grandville, Reinette Grise de Granville, Renet Granvilskii","","1890","Nee","Ja","Malus domestica","https://deoerakker.cgn.wur.nl/or/detail.asp?Nr=1316","2026-09-10"
"1317","Reinette de la Rue","Appel","","","1911","Nee","Nee","Malus domestica","https://deoerakker.cgn.wur.nl/or/detail.asp?Nr=1317","2026-09-10"
"1318","Reinette de Montbron","Appel","","","","Nee","Nee","Malus domestica","https://deoerakker.cgn.wur.nl/or/detail.asp?Nr=1318","2026-09-10"
"1319","Reinette de Vigan","Appel","","","","Nee","Nee","Malus domestica","https://deoerakker.cgn.wur.nl/or/detail.asp?Nr=1319","2026-09-10"
"1320","Reinette Descadre","Appel","Reinette D'escadre, Reinette Descadres, Reinette Discardre, Renet Dekadr","Handappel","1834","Ja","Ja","Malus domestica","https://deoerakker.cgn.wur.nl/or/detail.asp?Nr=1320","2026-09-10"
"1321","Reinette Dessere","Appel","","","1911","Nee","Nee","Malus domestica","https://deoerakker.cgn.wur.nl/or/detail.asp?Nr=1321","2026-09-10"
"1322","Reinette d'Oberdieck","Appel","","","1905","Nee","Nee","Malus domestica","https://deoerakker.cgn.wur.nl/or/detail.asp?Nr=1322","2026-09-10"
"1323","Reinette d'Ontz","Appel","","","1890","Nee","Nee","Malus domestica","https://deoerakker.cgn.wur.nl/or/detail.asp?Nr=1323","2026-09-10"
"1324","Reinette d'Or","Appel","Belle Reinette de Caux, Casseler Reinette, Caux, Christ's Gold Reinette, Christ's Golden Reinette, Contor, Copmanshorpe Crab, Copmanshorpe Russet, Copmansthorp Crab, Copmansthorpe Crab, Copmanthorp Crab, Copmanthorpe Crab, Copmanthorpe Russet, Craft Angry, Croft Angry, de Laak, Duitch Mignonne, Duitsch Mignonne, Duitsche Mignonne, Dutch Mignome, Dutch Mignonne, Dutch Minion, Dutsch Mignon, Grosze Casseler Reinette, Grosse Reinette Rouge Tiquetee, Hollandische Goldreinette, Hollandischer Mignon, Kasseler Reinette, Mignonne de Hollande, Mignonne Hollandaise, Pater Noster Apfel, Paternoster, Paternoster Apfel, Paternoster Apple, Pomme de Laak, Pomme de Lack, Rawle's Reinette, Rawles Reinette, Reinette de Cassel, Reinette de Caux, Reinette de Holland, Reinette Doree, Reinette Doree de Hollande, Reinette Imperatrice, Reinette Von Caux, Stettin Pippin, Stettiner Pepping, Thorpe Grabe, Vermillon D'andalousie","Hand- En Keukenappel","1911","Ja","Nee","Malus domestica","https://deoerakker.cgn.wur.nl/or/detail.asp?Nr=1324","2026-09-10"
"1325","Reinette Doree","Appel","Zure Grauwe Goudreinette, Zure Grauwe Reinette, Jaune Tardive","Handappel","1868","Nee","Ja","Malus domestica","https://deoerakker.cgn.wur.nl/or/detail.asp?Nr=1325","2026-09-10"
"1326","Reinette du Canada Grise","Appel","Reinette Grise de Canada, Royal Russet, Passe Pomme du Canada, Leathercoat, Canada Gris, Graue Canada Reinette, Graue Canada Reinette, Graue Reinette Von Canada, Grise du Canada, Monstrueuse du Canada, Passe Pomme du Canada, Passe Pomme du Canada, Reinette de Canada (grise), Reinette de Canada Grise, Reinette du Canada Grise, Reinette du Canada Platte, Reinette Grise, Reinette Grise de Canada, Renet Cenusiu de Canada, Renet Seryi Kanadskii, Renetta Del Canada Rugginosa, Renetta Grigia Del Canada, Smaragda, Takapuna Russet","Keukenappel","1868","Ja","Nee","Malus domestica","https://deoerakker.cgn.wur.nl/or/detail.asp?Nr=1326","2026-09-10"
"1327","Reinette Francatu","Appel","","","","Nee","Nee","Malus domestica","https://deoerakker.cgn.wur.nl/or/detail.asp?Nr=1327","2026-09-10"
"1328","Reinette Franche","Appel","","","","Nee","Nee","Malus domestica","https://deoerakker.cgn.wur.nl/or/detail.asp?Nr=1328","2026-09-10"
"1329","Reinette Grise Bec de Lievre","Appel","","","","Nee","Nee","Malus domestica","https://deoerakker.cgn.wur.nl/or/detail.asp?Nr=1329","2026-09-10"
"1330","Reinette Jaune","Appel","Gele Renet, Gele Franse Renet","","","Nee","Nee","Malus domestica","https://deoerakker.cgn.wur.nl/or/detail.asp?Nr=1330","2026-09-10"
"1331","Reinette Monstrueux","Appel","Gulden Reinette, Reinette Montforte","","1868","Nee","Nee","Malus domestica","https://deoerakker.cgn.wur.nl/or/detail.asp?Nr=1331","2026-09-10"
"1332","Reinette Naine","Appel","","","","Nee","Nee","Malus domestica","https://deoerakker.cgn.wur.nl/or/detail.asp?Nr=1332","2026-09-10"
"1333","Reinette Nonpareille","Appel","Alter Nonpareil, Bespodobnoe Starinnoe, Duc D'arsel, Duc D'arsell, English Nompareil, English Nonpareil, Golden Russet Nonpareil, Groene Franche Renet, Groene Reinette, Groene Renet, Gruener Reinette, Grune Reinette, Grune Reinette (diel), Hunt's Green Nonpareil, Hunt's Nompareil, Hunt's Nonpareil, Loveden's Pippin, Lovedon's Pippin, Neu Englischer Nonpareil, Neue Englische Nonpareil, Neuer Englischer Nonpareil, Neuer Grosser Englischer Nonpareil, Nom Pareil, Nompareil, Nompareil D'angleterre, Non Pareille, Non Pareille (i'ancienne), Non Pareille Ancienne, Non Pareille, Non Pareille Ancienne, Nonpareil D'angleterre, Nonpareil Old, Nonpareille, Nonpareille Ancienne, Nonpareille D'angleterre, Nouvelle Grosse Non Pareille Anglaise, Nouvelle Grosse Non Pareille Anglaise, Nouvelle Non Pareille Anglaise, Nouvelle Non Pareille Anglaise, Old Nompareil, Old Nonpareil, Original Nompareil, Original Nonpareil, Poire, Pomme Poir, Pomme Poire, Pomme Poire, Reinette Franche, Reinette Nompareille, Reinette Non Pareille, Reinette Non Pareille, Reinette Non Pareil, Reinette Nonpareil, Reinette Nonpareille, Reinette Sans Pareille, Reinette Sans Pareille, Reinette Verte, Sans Pareille, Sans Pareille, Unvergleichliche Reinett","Handappel","","Nee","Ja","Malus domestica","https://deoerakker.cgn.wur.nl/or/detail.asp?Nr=1333","2026-09-10"
"1334","Reinette Tendre","Appel","","","","Nee","Nee","Malus domestica","https://deoerakker.cgn.wur.nl/or/detail.asp?Nr=1334","2026-09-10"
"1335","Reinette van Ekenstein","Appel","Reinette van Eckenstein","","1830","Ja","Nee","Malus domestica","https://deoerakker.cgn.wur.nl/or/detail.asp?Nr=1335","2026-09-10"
"1336","Reinette van Karendsveld","Appel","","","1868","Nee","Nee","Malus domestica","https://deoerakker.cgn.wur.nl/or/detail.asp?Nr=1336","2026-09-10"
"1337","Reinette van Zorgvliet","Appel","Renet van Zorgvliet","","1854","Nee","Ja","Malus domestica","https://deoerakker.cgn.wur.nl/or/detail.asp?Nr=1337","2026-09-10"
"1338","Reinette Verde","Appel","Groene Renet, Groene Fransche Renet","","","Nee","Nee","Malus domestica","https://deoerakker.cgn.wur.nl/or/detail.asp?Nr=1338","2026-09-10"
"1339","Reinette von Zuccamaglio","Appel","Reinette de Zuccalmaglio, Reinette de Zuccamaglio, Reinette Von Zuccalmaglio, Reinette Zuccamaglio, Renet Zuccalmaglio, Renet Zukkalmaglio, Von Zuccalmaglio's Reinette, Von Zuccalmaglio's Renette, Von Zuccalmaglios Reinette, Von Zuccalmaglios Renett, Zuccalmaglio, Zuccalmaglio Reinette, Zuccalmaglios Renett, Zuccalmaglios Renette, Zuccalmagliova Reneta, Zuccamaglios Reinette, Zukalmagliova Reneta","Hand- En Keukenappel","1878","Ja","Nee","Malus domestica","https://deoerakker.cgn.wur.nl/or/detail.asp?Nr=1339","2026-09-10"
"1340","Renet (Zoete Geele of Geel Grauwe)","Appel","Zoete Goudrenet","","","Nee","Nee","Malus domestica","https://deoerakker.cgn.wur.nl/or/detail.asp?Nr=1340","2026-09-10"
"1341","Renet van Aitsema","Appel","","","","Nee","Nee","Malus domestica","https://deoerakker.cgn.wur.nl/or/detail.asp?Nr=1341","2026-09-10"
"1342","Renet van Karelsveld","Appel","","","","Nee","Nee","Malus domestica","https://deoerakker.cgn.wur.nl/or/detail.asp?Nr=1342","2026-09-10"
"1343","Renet van Middelstum","Appel","","","","Nee","Nee","Malus domestica","https://deoerakker.cgn.wur.nl/or/detail.asp?Nr=1343","2026-09-10"
"1344","Renet van Praag","Appel","","","","Nee","Nee","Malus domestica","https://deoerakker.cgn.wur.nl/or/detail.asp?Nr=1344","2026-09-10"
"1345","Renet van Vilsiren","Appel","","","","Nee","Nee","Malus domestica","https://deoerakker.cgn.wur.nl/or/detail.asp?Nr=1345","2026-09-10"
"1346","Reukappel","Appel","","","1890","Ja","Nee","Malus domestica","https://deoerakker.cgn.wur.nl/or/detail.asp?Nr=1346","2026-09-10"
"1347","Reverend Wilks","Appel","Reverend W. Wilks","","1904","Ja","Ja","Malus domestica","https://deoerakker.cgn.wur.nl/or/detail.asp?Nr=1347","2026-09-10"
"1348","Rheinische Winter Rambour","Appel","Rambour D'hiver","","1932","Ja","Nee","Malus domestica","https://deoerakker.cgn.wur.nl/or/detail.asp?Nr=1348","2026-09-10"
"1349","Ribbert of Ribling","Appel","Zuure Ribbert, Zuure Kant Ribbert, Witte Ribbert of Ribling","","","Nee","Nee","Malus domestica","https://deoerakker.cgn.wur.nl/or/detail.asp?Nr=1349","2026-09-10"
"1350","Ribtson Pippin","Appel","Ribson Pippeling, Beautiful Pippin, Englische Granat Reinette, Englische Granat Reinette, Englische Granatreinette, Englische Granatrenette, English Granat Reinette, Essex Pippin, Flory of York, Formosa, Formosa Pepping, Formosa Pippin, Glory of York, Granat Reinette, Granatreinette, Jadrnac Ribstonsky, Kaiser Reinette, Lord Raglan, Nonpareil D'angleterre, Nonpareille, Nonpareille D'angleterre, Pepin de Ribston, Pepin Ribston, Pepin Ribstona, Pepina Ribstona, Pomme Granatee, Pomme Granite, Poppina Ribston, Reinette de Traver, Reinette de Travers, Reinette de Traves, Reinette Grenade Anglaise, Ribsten Renett, Ribston, Ribston Orange, Ribston Pepin, Ribston Pepping, Ribston Pepping, Ribston's Pepping, Ribstone, Ribstone Pippin, Ribstonov Pepin, Ribstonskt, Ribstonsky Jadernac, Ridge, Rockhill's Russet, Traver's, Traver's Apple, Traver's Pippin, Traver's Reinette, Travers, Travers Apple, Travers Peppin, Travers Pippin, Travers Reinette, Travers', Travers' Apfel, Travers' Pippin, Travers's, Travers's Apple, Travers's Reinette","Handappel","1709","Ja","Ja","Malus domestica","https://deoerakker.cgn.wur.nl/or/detail.asp?Nr=1350","2026-09-10"
"1351","Rijnwijnappel","Appel","","","1888","Nee","Nee","Malus domestica","https://deoerakker.cgn.wur.nl/or/detail.asp?Nr=1351","2026-09-10"
"1352","Rijnzoet","Appel","Reinzoete","","1900","Nee","Nee","Malus domestica","https://deoerakker.cgn.wur.nl/or/detail.asp?Nr=1352","2026-09-10"
"1353","Rival","Appel","","Hand- En Keukenappel","1900","Ja","Nee","Malus domestica","https://deoerakker.cgn.wur.nl/or/detail.asp?Nr=1353","2026-09-10"
"1354","Rode Aagt","Appel","Purperroter, Purperroter Cousinot, Agathappel, Badener Reinette, Blutapfel, Buraczek, Carmoisinroter Kastanienapfel, Carmosinroter Kastanien Apfel, Cervent Tvrde, Christkindapfel, Cousinette Rouge Pourpre, Cousinot Purpuriu, Cousinot Rouge D'hiver, Cousinotte Rouge D'hiver, Cousinotte Rouge Pourpre, Cousinotte Rouge Pourpre D'hiver, Cousinotte Rouge Pourpre, Cousinotte Rouge Pourpre D'hiver, Coussinot Pourpre, Doxener Rote Reinette, Doxener Rothe Reinette, Eisen Apfel, Eisenapfel, Englische Buschel Reinette, Englische Buschel Reinette, Englische Buschelreinette, Englische Buschreinette, Gemeine Reinette, Gestreifter Knacker, Gestreifter Weinling, Grosser Kollerapfel, Grosser Roter Pilgrim, Grosser Rother Pilgrim, Heusher, Jablko Cervene Tvrde, Jaegerapfel, Jagd Apfel, Jagdapfel, Jaogerapfel, Jerusalemsaeble, Jerusalemsoeble, Jungfernapfel, Koller Apfel, Kollerapfel, Krvous, Kuxino Purpurovoe, Kuzynek, Mela Di Cuccina Rosso Porporo, Petite Cousinotte D'hiver, Preciosa, Pretiosa, Purpurrod Cousinot, Purpurroter Winter Cousinot, Reinette Rouge, Rhoner, Roode Shager, Roode Zoete, Rote Reinette, Rote Renette, Roter, Roter Henscher, Roter Taffet Apfel, Roter Taffetapfel, Rother Heuscher, Rother Reinette, Rother Taffet, Rother Taffetapfel, Taffetas Rouge, Tvrde Cerven, Veralma, Weinachtsapfel, Winter Cousinot","","1766","Ja","Ja","Malus domestica","https://deoerakker.cgn.wur.nl/or/detail.asp?Nr=1354","2026-09-10"
"1355","Rode Astrakan","Appel","Abe Lincoln, American Red, American Rouge, Anglese Pippin, Anglesea Pippin, Astracan, Astracan Rosso, Astracan Rouge, Astrachan, Astrachan Cerveny, Astrachan Red, Astrachan Rouge, Astrachanskoe Krasnoe, Astrahan Rosu, Astrahanskoe Krasnoe, Astrakan, Astrakan Rouge, Astrakhan, Astrakhan Rouge, Asztrahani Piros, Beauty of Wales, Carmin de Juin, Castle Leno Pippin, Cerven Astrahan, D'astracan, D'astracan Rouge, der Rote Astrachanische Sommerapfel, der Rothe Astrachanische Sommerapfel, Deterding's Early, Deterling's Early, Duke of Devon, Hamper's American, Kaiserlicher Calvill, Krasnoe Astra Hanskoe, Olivka Krasnaya, Oliwka Czerwona, Pomeroy, Pomme D'astracan Rouge, Rau Astrakan, Red Astracan, Red Astrachan Apple, Red Astrakhan, Rod Astrakan, Rod Astrakaner, Roda Astrakanska, Rode Astrakan, Roode Astrachaner, Roter Astrachan, Rother Astracan, Rother Astrachan, Rother Astrakan, Rother Astrakhan, Rouge D'astrachan, Rouge Hative, The Red Astrachan Apple, Transparent Rouge, Transparente Rouge, Vermilion D'ete, Vermillon D'ete, Waterloo","Hand- En Keukenappel","1748","Ja","Ja","Malus domestica","https://deoerakker.cgn.wur.nl/or/detail.asp?Nr=1355","2026-09-10"
"1356","Rode Court Pendu","Appel","Court Pendu Rouge, Edelrother","","","Nee","Nee","Malus domestica","https://deoerakker.cgn.wur.nl/or/detail.asp?Nr=1356","2026-09-10"
"1357","Rode Gekruide Herfst Calville","Appel","","","1932","Nee","Nee","Malus domestica","https://deoerakker.cgn.wur.nl/or/detail.asp?Nr=1357","2026-09-10"
"1358","Rode Gravensteiner","Appel","","Hand- En Moesappel","1858","Ja","Nee","Malus domestica","https://deoerakker.cgn.wur.nl/or/detail.asp?Nr=1358","2026-09-10"
"1359","Rode Gulling","Appel","Rode Guldeling, Gulderling (rode)","","","Nee","Nee","Malus domestica","https://deoerakker.cgn.wur.nl/or/detail.asp?Nr=1359","2026-09-10"
"1360","Rode Herfstcalville","Appel","Calville Rouge D'automne, Roode Wijnappel, Roode Rammelaar, Geldersch Present, Herfst Present, Kroot Appel, Edelkonig, Rother Herbst Calvill, Rother Beerapfel, Grelot, Sonnette, Pomme Violette, Roode Wijnappel(noord Brabant en Groningen), Kroot Appel, Grelot, Sonnette","Hand- En Keukenappel","voor","Ja","Ja","Malus domestica","https://deoerakker.cgn.wur.nl/or/detail.asp?Nr=1360","2026-09-10"
"1361","Rode Jonathan","Appel","","Hand- En Moesappel","","Ja","Nee","Malus domestica","https://deoerakker.cgn.wur.nl/or/detail.asp?Nr=1361","2026-09-10"
"1362","Rode Joop","Appel","Rode Jeup, Roode Tulp, Paradijs, Rode Zoete Pepping","","1927","Nee","Ja","Malus domestica","https://deoerakker.cgn.wur.nl/or/detail.asp?Nr=1362","2026-09-10"
"1363","Rode Keuleman","Appel","","Hand- En Moesappel","","Ja","Nee","Malus domestica","https://deoerakker.cgn.wur.nl/or/detail.asp?Nr=1363","2026-09-10"
"1364","Rode Klumpske","Appel","","","1932","Nee","Nee","Malus domestica","https://deoerakker.cgn.wur.nl/or/detail.asp?Nr=1364","2026-09-10"
"1365","Rode Kromstaart","Appel","","","1932","Nee","Nee","Malus domestica","https://deoerakker.cgn.wur.nl/or/detail.asp?Nr=1365","2026-09-10"
"1366","Rode Kroon appel","Appel","Rode Kroon, Rode Aagt, Tulp Kroon","Hand- En Keukenappel","","Ja","Nee","Malus domestica","https://deoerakker.cgn.wur.nl/or/detail.asp?Nr=1366","2026-09-10"
"1367","Rode Kruis appel","Appel","Rood Gelders Kruis, Rode Bastaard Kroon of Aagt","","","Nee","Nee","Malus domestica","https://deoerakker.cgn.wur.nl/or/detail.asp?Nr=1367","2026-09-10"
"1368","Rode Paradijsappel","Appel","Enkele Paradijs?","","1860","Ja","Nee","Malus domestica","https://deoerakker.cgn.wur.nl/or/detail.asp?Nr=1368","2026-09-10"
"1369","Rode Peppeling","Appel","Rode Pippeling","","1830","Ja","Nee","Malus domestica","https://deoerakker.cgn.wur.nl/or/detail.asp?Nr=1369","2026-09-10"
"1370","Rode Pepping","Appel","","","","Nee","Nee","Malus domestica","https://deoerakker.cgn.wur.nl/or/detail.asp?Nr=1370","2026-09-10"
"1371","Rode Reinette d&#211;r","Appel","Reinette D' Or Rode , Rohte Casseler Reinette","","1868","Nee","Nee","Malus domestica","https://deoerakker.cgn.wur.nl/or/detail.asp?Nr=1371","2026-09-10"
"1372","Rode Rozen appel","Appel","","Handappel","1830","Nee","Nee","Malus domestica","https://deoerakker.cgn.wur.nl/or/detail.asp?Nr=1372","2026-09-10"
"1373","Rode Tulpappel","Appel","Roode Tulpappel; Pieterman; Tafelappel; Mantelappel; Jopen; Rode Zomer Paradijs; Pomme Framboise","Handappel","1760","Ja","Ja","Malus domestica","https://deoerakker.cgn.wur.nl/or/detail.asp?Nr=1373","2026-09-10"
"1374","Rode Wyn Appel","Appel","Dragonder Appel","","","Nee","Nee","Malus domestica","https://deoerakker.cgn.wur.nl/or/detail.asp?Nr=1374","2026-09-10"
"1375","Rode Zoete Joopen","Appel","Rode Zoete Pepping","","","Nee","Nee","Malus domestica","https://deoerakker.cgn.wur.nl/or/detail.asp?Nr=1375","2026-09-10"
"1376","Rode zomer Calville","Appel","","","","Ja","Nee","Malus domestica","https://deoerakker.cgn.wur.nl/or/detail.asp?Nr=1376","2026-09-10"
"1377","Rode zomer Paradijs appel","Appel","Rode St. Jans Appel, Rode Naantjes Appel","","","Nee","Nee","Malus domestica","https://deoerakker.cgn.wur.nl/or/detail.asp?Nr=1377","2026-09-10"
"1378","Rode Zomercalville","Appel","Madelein Rouge, Pigeon Rouge D'etee, Rother Sommercalville, Calville Rouge D'ete, Passe Pomme Rouge D'ete, Fruher Rother Calvill, Sommer Erdbeerapfel, Calville D'ete de Normandie, Calville Hatif, Calville Royal D'ete, Calville, Roode Zomer","","1758","Ja","Ja","Malus domestica","https://deoerakker.cgn.wur.nl/or/detail.asp?Nr=1378","2026-09-10"
"1379","Rode Zure Joopen","Appel","Rode Joopen, Joopen","","","Nee","Nee","Malus domestica","https://deoerakker.cgn.wur.nl/or/detail.asp?Nr=1379","2026-09-10"
"1380","Roem van Holland","Appel","","","1942","Nee","Nee","Malus domestica","https://deoerakker.cgn.wur.nl/or/detail.asp?Nr=1380","2026-09-10"
"1381","Roem van Vianen","Appel","","","1946","Nee","Nee","Malus domestica","https://deoerakker.cgn.wur.nl/or/detail.asp?Nr=1381","2026-09-10"
"1382","Roemelink","Appel","Zoete Roemeling","Keukenappel","1912","Ja","Nee","Malus domestica","https://deoerakker.cgn.wur.nl/or/detail.asp?Nr=1382","2026-09-10"
"1383","Roggezoet","Appel","","","1942","Nee","Nee","Malus domestica","https://deoerakker.cgn.wur.nl/or/detail.asp?Nr=1383","2026-09-10"
"1384","Ronde Bellefleur","Appel","Reinette Bellefleur","","","Nee","Nee","Malus domestica","https://deoerakker.cgn.wur.nl/or/detail.asp?Nr=1384","2026-09-10"
"1385","Roomsche Griet","Appel","Griet (roomsche).","","","Nee","Nee","Malus domestica","https://deoerakker.cgn.wur.nl/or/detail.asp?Nr=1385","2026-09-10"
"1386","Roos appel","Appel","","Moesappel","","Ja","Nee","Malus domestica","https://deoerakker.cgn.wur.nl/or/detail.asp?Nr=1386","2026-09-10"
"1387","Rothbackige Winterpeping","Appel","Pippeling Rothbackige Winter, Rothbackige Winterpippeling","","1868","Nee","Nee","Malus domestica","https://deoerakker.cgn.wur.nl/or/detail.asp?Nr=1387","2026-09-10"
"1388","Rouge Feuillage","Appel","","","","Nee","Nee","Malus domestica","https://deoerakker.cgn.wur.nl/or/detail.asp?Nr=1388","2026-09-10"
"1389","Rousset Nonpareil","Appel","","","1868","Nee","Nee","Malus domestica","https://deoerakker.cgn.wur.nl/or/detail.asp?Nr=1389","2026-09-10"
"1390","Royal d'Angleterre","Appel","","","1911","Nee","Nee","Malus domestica","https://deoerakker.cgn.wur.nl/or/detail.asp?Nr=1390","2026-09-10"
"1391","Royal Jubilee","Appel","","Hand- En Keukenappel","1893","Ja","Nee","Malus domestica","https://deoerakker.cgn.wur.nl/or/detail.asp?Nr=1391","2026-09-10"
"1392","Royal Pearmain","Appel","","","1875","Nee","Nee","Malus domestica","https://deoerakker.cgn.wur.nl/or/detail.asp?Nr=1392","2026-09-10"
"1393","Rozeblaadje","Appel","Rozenblaadje","","1943","Nee","Ja","Malus domestica","https://deoerakker.cgn.wur.nl/or/detail.asp?Nr=1393","2026-09-10"
"1394","Russet Nonpareil","Appel","Nonpareil Russet","","1868","Nee","Nee","Malus domestica","https://deoerakker.cgn.wur.nl/or/detail.asp?Nr=1394","2026-09-10"
"1395","Russische Pippeling","Appel","","Handappel","1830","Nee","Nee","Malus domestica","https://deoerakker.cgn.wur.nl/or/detail.asp?Nr=1395","2026-09-10"
"1396","Saltcote Pippin","Appel","","Handappel","1918","Nee","Ja","Malus domestica","https://deoerakker.cgn.wur.nl/or/detail.asp?Nr=1396","2026-09-10"
"1397","Schaapsneus","Appel","Matappel, Spitzapfel, Apfelmuser, Cat Head, Cat Head Greening, Cat's Head, Cat's Head Apple, Cathead, Cathead Greening, Catshead Greening, Catshead Round, Coustard, Crede's Grosser Wilhelm's Apfel, de Seigneur D'automne, Deutsche Schapsnase, Duke of York, Engelskopf, Green Codlin, Green Costard, Green Leadington, Grenadier, Gros Nez de Mouton, Grosse Gestreifte Schafsnase, Grosse Schafnase, Grosse Schafsnase, Grosse Schafnas, Grosse Schafnase, Grosser Schafsnase, Herefordshire Goose, Herrenapfel, Katzenkopf, Leadington, Leadington Green, Leadington Monstrous, Leichter Mat Apfel, Loggerhead, Monstrous, Monstrous Leadington, Pigs Snout, Pomme de Seigneur D'automne, Rosskopf, Round Catshead, Royal Costard, Schafnase, Schafsnase, Stock Leadington, Stoke Leadington, Tankard, Terwin's Goliath, Tete D'ange, Tete de Chat, Tete de Chat Ronde, Tete de Seigneur, Tete du Chat, Tete du Chat (of Jersey)","","1940","Ja","Ja","Malus domestica","https://deoerakker.cgn.wur.nl/or/detail.asp?Nr=1397","2026-09-10"
"1398","Schageroo","Appel","Skagerrood, Schagerroodje, Lentse Rode","","1890","Ja","Nee","Malus domestica","https://deoerakker.cgn.wur.nl/or/detail.asp?Nr=1398","2026-09-10"
"1399","Schakelroode","Appel","Schakelroodje, Salkaroode","Moesappel","1830","Nee","Nee","Malus domestica","https://deoerakker.cgn.wur.nl/or/detail.asp?Nr=1399","2026-09-10"
"1400","Schellinghouter","Appel","Schellinkhouter, Schellinkhout","","1900","Ja","Ja","Malus domestica","https://deoerakker.cgn.wur.nl/or/detail.asp?Nr=1400","2026-09-10"
"1401","Schijveling, Roode","Appel","Rode Schijveling","","","Nee","Nee","Malus domestica","https://deoerakker.cgn.wur.nl/or/detail.asp?Nr=1401","2026-09-10"
"1402","Schone van Boskoop","Appel","Schoone van Boskoop, Goudrenet, Apfel der Zukunft, Bella Di Boskoop, Belle de Boscoop, Belle of Boskoop, Boschovo Jablko, Boskoop, Boskoopi Szep, Boskoopskaya Krasavitsa, Boskoopske, Boskoopske Rude, Boskopska Hubavita, Boskopskaia Krasavita, Boskopskaya Krasavitsa, Calvill Von Boskoop, Calville de Boskoop, Frumos de Boskoop, Gold Reinette, Goudrenet, Monstrous Reinette, Piekna Z Boskoop, Piekna Z Boskop, Reinette Belle de Boskoop, Reinette Belle Di Boskoop, Reinette de Boskoop, Reinette de Montfoort, Reinette de Montfort, Reinette Monstreuse, Reinette Monstrous, Reinette Monstrueuse, Reinette Von Montfort, Renetta Di Montfort, Schone van Boskoop, Schoner Aus Boskoop, Schoner van Boskoop, Schoner Von Boskoop, Schoone Von Boskoop","Hand- En Moesappel","omst","Ja","Ja","Malus domestica","https://deoerakker.cgn.wur.nl/or/detail.asp?Nr=1402","2026-09-10"
"1403","Schone van Iephof","Appel","Iephof Pippin","","1940","Ja","Nee","Malus domestica","https://deoerakker.cgn.wur.nl/or/detail.asp?Nr=1403","2026-09-10"
"1404","Schoner von Elmpt","Appel","","","1932","Nee","Nee","Malus domestica","https://deoerakker.cgn.wur.nl/or/detail.asp?Nr=1404","2026-09-10"
"1405","Schoner von Nordhausen","Appel","Belle de Nordhausen, Nordgauzenskaya Krasavitsa, Nordhausen, Schoner Aus Nordhausen","Handappel","1892","Ja","Nee","Malus domestica","https://deoerakker.cgn.wur.nl/or/detail.asp?Nr=1405","2026-09-10"
"1406","Schutters Reinette","Appel","Rabau; Schudderingenet","","1921","Ja","Nee","Malus domestica","https://deoerakker.cgn.wur.nl/or/detail.asp?Nr=1406","2026-09-10"
"1407","Schwedischer Rosenhager","Appel","","","1875","Nee","Nee","Malus domestica","https://deoerakker.cgn.wur.nl/or/detail.asp?Nr=1407","2026-09-10"
"1408","Seigneur Guldling","Appel","","","1911","Nee","Nee","Malus domestica","https://deoerakker.cgn.wur.nl/or/detail.asp?Nr=1408","2026-09-10"
"1409","Siberische glasappel","Appel","Succade Appel, Virginischer Rosen Apfel, Virginischer Sommer Rosenapfel, Saint Germain","Handappel","1830","Ja","Nee","Malus domestica","https://deoerakker.cgn.wur.nl/or/detail.asp?Nr=1409","2026-09-10"
"1410","Signe Tillisch","Appel","Signe Tillish, Sini Tillis","Hand- En Keukenappel","1884","Ja","Nee","Malus domestica","https://deoerakker.cgn.wur.nl/or/detail.asp?Nr=1410","2026-09-10"
"1411","Sint Maarten","Appel","","","1939","Nee","Nee","Malus domestica","https://deoerakker.cgn.wur.nl/or/detail.asp?Nr=1411","2026-09-10"
"1412","Sire de Fauquemont","Appel","","","1868","Nee","Nee","Malus domestica","https://deoerakker.cgn.wur.nl/or/detail.asp?Nr=1412","2026-09-10"
"1413","Sneebel","Appel","","Moesappel","1830","Nee","Nee","Malus domestica","https://deoerakker.cgn.wur.nl/or/detail.asp?Nr=1413","2026-09-10"
"1414","Spaans Zuur","Appel","","","1943","Nee","Nee","Malus domestica","https://deoerakker.cgn.wur.nl/or/detail.asp?Nr=1414","2026-09-10"
"1415","Spaanse Gulling","Appel","Gulderling (spaanse) , Winter Framboos Appel, Bramboos Appel","","","Ja","Nee","Malus domestica","https://deoerakker.cgn.wur.nl/or/detail.asp?Nr=1415","2026-09-10"
"1416","Spaanse Zoete","Appel","","","1929","Nee","Nee","Malus domestica","https://deoerakker.cgn.wur.nl/or/detail.asp?Nr=1416","2026-09-10"
"1417","St. Cecilia","Appel","Saint Cecilia","Handappel","1918","Nee","Ja","Malus domestica","https://deoerakker.cgn.wur.nl/or/detail.asp?Nr=1417","2026-09-10"
"1418","St. Everard","Appel","","","1936","Nee","Nee","Malus domestica","https://deoerakker.cgn.wur.nl/or/detail.asp?Nr=1418","2026-09-10"
"1419","St. Jacobs appel","Appel","Witte Kruid Appel, Lange Witte Appel","","","Nee","Nee","Malus domestica","https://deoerakker.cgn.wur.nl/or/detail.asp?Nr=1419","2026-09-10"
"1420","Stark Earliest","Appel","Stark's Earliest","","1944","Ja","Ja","Malus domestica","https://deoerakker.cgn.wur.nl/or/detail.asp?Nr=1420","2026-09-10"
"1421","Stenkyrke (Zweden)","Appel","","","1875","Nee","Nee","Malus domestica","https://deoerakker.cgn.wur.nl/or/detail.asp?Nr=1421","2026-09-10"
"1422","Sterappel","Appel","Rode Reinette, Reinette Rouge Etoilee, Calvill Etoile, Calville Ambree, Calville Etoile, Calville Etoilee, Calville Etoille, Calville Etoillee, Calville Rouge Precoce, Early Red Calville, Etoile, Etoilee, Gwiazdkowe, Herzapfel, Hvezdnata Reneta, Meuser's Rote Herbst Reinette, Meusser's Rote Herbst Reinette, Pomme de Coeur, Pomme Etoilee, Reinette Constellee, Reinette Etoile, Reinette Etoilee, Reinette Rothe Stern, Reinette Saint Lambert, Renet Rosu Stelat, Renet Zvezdchatui, Renet Zvezdciatti, Reneta Gwiazdkowa, Renetta Rossa Stellata, Rote Stern Reinette, Rote Stern Renette, Rote Sternrenette, Roter Stern Reinette, Rothe Sternreinette, Star, Star Reinette, Ster Apfel, Sterappel, Stern Reinette, Sternrenette, Sterreinette, Sterrenet, Zoete Reinette,","Hand- En Keukenappel","1830","Ja","Ja","Malus domestica","https://deoerakker.cgn.wur.nl/or/detail.asp?Nr=1422","2026-09-10"
"1423","Stichtse Bellefleur","Appel","","Hand- En Moesappel","","Ja","Nee","Malus domestica","https://deoerakker.cgn.wur.nl/or/detail.asp?Nr=1423","2026-09-10"
"1424","Stirling Castle","Appel","King Noble, Schloss Stirling, Sterling Castle, Zamok Sterlinga","Keukenappel","1921","Nee","Ja","Malus domestica","https://deoerakker.cgn.wur.nl/or/detail.asp?Nr=1424","2026-09-10"
"1425","Streepjesappel","Appel","Striepkes of Striepjesappel, Zomer Zijdenhempje, Couleur de Chair, Cuisinot, Kuznotsje, Zomer Kroon, Cuisinot D ete, Jagtappel, Pauwtjesappel, Tarweappel","","voor","Ja","Ja","Malus domestica","https://deoerakker.cgn.wur.nl/or/detail.asp?Nr=1425","2026-09-10"
"1426","Sturmer Peppin","Appel","Apple Royal, Creech Pearmain, Moxhay, Pearmain de Sturmer, Pepin de Sturmer, Pepin Iz Shturmera, Royal, Stur1ner's Pepping, Sturmer, Sturmer Pepping, Sturmer's Pippin, Sturmers Pepping","Handappel","","Nee","Ja","Malus domestica","https://deoerakker.cgn.wur.nl/or/detail.asp?Nr=1426","2026-09-10"
"1427","Suiker appel","Appel","Bleijer Bellefleur","","","Ja","Nee","Malus domestica","https://deoerakker.cgn.wur.nl/or/detail.asp?Nr=1427","2026-09-10"
"1428","Suis Lepper","Appel","","","1911","Nee","Nee","Malus domestica","https://deoerakker.cgn.wur.nl/or/detail.asp?Nr=1428","2026-09-10"
"1429","Susanne Fiesser","Appel","","","1911","Nee","Nee","Malus domestica","https://deoerakker.cgn.wur.nl/or/detail.asp?Nr=1429","2026-09-10"
"1430","Swaan appel (Zoete)","Appel","Zoete Swaan Appel","","","Ja","Ja","Malus domestica","https://deoerakker.cgn.wur.nl/or/detail.asp?Nr=1430","2026-09-10"
"1431","Sweden appel","Appel","Sweden","","1890","Ja","Nee","Malus domestica","https://deoerakker.cgn.wur.nl/or/detail.asp?Nr=1431","2026-09-10"
"1432","Sweet Alford","Appel","","","1932","Nee","Nee","Malus domestica","https://deoerakker.cgn.wur.nl/or/detail.asp?Nr=1432","2026-09-10"
"1433","Sweet Woodbin","Appel","","","1932","Nee","Nee","Malus domestica","https://deoerakker.cgn.wur.nl/or/detail.asp?Nr=1433","2026-09-10"
"1434","Syde Hemmetje wit","Appel","Chemise de Soie, Chemise de Soie Blanche, Chemise de Soie, Chemise de Soie Blanche, Chemisette Blanche, Chemisette de Soie, Chemisette de Soie, Das Seidenhemdchen, de Dames, de Demoiselle, de Soie, Horset's Schlotter Apfel, Horset's Schlotterapfel, Pomme de Dames, Pomme de Demoiselle, Pomme de Soie, Rose Soyeuse, Schilgen's Birnformiger Apfel, Seidenhemdchen, Soyette, Syden Hemdje, Zidjen Hemdge, Zijden Hemdje, Weisses Seidenhemdchen","","","Ja","Ja","Malus domestica","https://deoerakker.cgn.wur.nl/or/detail.asp?Nr=1434","2026-09-10"
"1435","Sykehouse Russet","Appel","Angolkorhaz Renet, Culver Russet, D'hopital Anglais, de Syke House, de Syke House, Englische Spital Reinette, Englische Spital Reinette, Englische Spitals Reinette, Englische Spitals Reinette, Englische Spitalsreinette, Englischer Spitals Reinette, English Hospital Reinette, Gelbe Reinette, Grauwe Meniste Renet, Kleine Graue Reinette, Mennonisten Reinette, Mennoniten Reinette, Menonisten Reinette, Pomme de Syke House, Pomme de Syke House, Praagsche Reinette, Prager, Prager Reinette, Reinette Constntia, Reinette D'hopital, Reinette de Hopitaux, Reinette de Syke House, Reinette de Syke House, Reinette des Hopitaux, Renet Iz Saik Gauza, Reneta Anglicka Ze Spitalu, Reneta Szpitalna, Renetta Di Sykehouse, Rousette de Syke House, Roussette de Syke House, Roussette de Sykehouse, Russet Aus Syke House, Sike Pouse, Syke House, Syke House Russet, Sykehouse","","1863","Ja","Ja","Malus domestica","https://deoerakker.cgn.wur.nl/or/detail.asp?Nr=1435","2026-09-10"
"1436","Sypel appel","Appel","Kantjes Appel","","","Nee","Nee","Malus domestica","https://deoerakker.cgn.wur.nl/or/detail.asp?Nr=1436","2026-09-10"
"1437","Tante Dora","Appel","","Handappel","1906","Ja","Nee","Malus domestica","https://deoerakker.cgn.wur.nl/or/detail.asp?Nr=1437","2026-09-10"
"1438","Taunton Cross","Appel","","Handappel","1919","Nee","Nee","Malus domestica","https://deoerakker.cgn.wur.nl/or/detail.asp?Nr=1438","2026-09-10"
"1439","The Premier","Appel","","","1936","Nee","Nee","Malus domestica","https://deoerakker.cgn.wur.nl/or/detail.asp?Nr=1439","2026-09-10"
"1440","Tiels Pomona","Appel","","","1930","Nee","Nee","Malus domestica","https://deoerakker.cgn.wur.nl/or/detail.asp?Nr=1440","2026-09-10"
"1441","Tom Putt","Appel","Coalbrook, Devonshire Nine Square, Izod's Kernel, January Tom Putt, Jeffrey's Seedling, Jeffreys' Seedling, Marrow Bone, Marrow Bone, Ploughman, Thomas Jeffreys, Thos. Jeffreys, Tom Potter, Tom Put","Keukenappel","eind","Nee","Ja","Malus domestica","https://deoerakker.cgn.wur.nl/or/detail.asp?Nr=1441","2026-09-10"
"1442","Tonnetjes","Appel","Tonnekes","","1946","Nee","Nee","Malus domestica","https://deoerakker.cgn.wur.nl/or/detail.asp?Nr=1442","2026-09-10"
"1443","Tranckjaer","Appel","","","1911","Ja","Nee","Malus domestica","https://deoerakker.cgn.wur.nl/or/detail.asp?Nr=1443","2026-09-10"
"1444","Transparante de Cronsels","Appel","Transparente de Croncels","Handappel","1869","Ja","Ja","Malus domestica","https://deoerakker.cgn.wur.nl/or/detail.asp?Nr=1444","2026-09-10"
"1445","Transparente","Appel","Calville Transparente","","","Nee","Nee","Malus domestica","https://deoerakker.cgn.wur.nl/or/detail.asp?Nr=1445","2026-09-10"
"1446","Uitgeesterzoet","Appel","Uitgeester Zoet","Keukenappel","1900","Ja","Nee","Malus domestica","https://deoerakker.cgn.wur.nl/or/detail.asp?Nr=1446","2026-09-10"
"1447","Vaartappel","Appel","","","1943","Nee","Nee","Malus domestica","https://deoerakker.cgn.wur.nl/or/detail.asp?Nr=1447","2026-09-10"
"1448","Vaderzoet","Appel","","Moesappel","1830","Nee","Nee","Malus domestica","https://deoerakker.cgn.wur.nl/or/detail.asp?Nr=1448","2026-09-10"
"1449","Valkappel","Appel","Augustus Appel; Zomer Aagt; Vetappel, Postophe D'ete","Handappel","","Ja","Ja","Malus domestica","https://deoerakker.cgn.wur.nl/or/detail.asp?Nr=1449","2026-09-10"
"1450","Vanenburger","Appel","","Handappel","1830","Nee","Nee","Malus domestica","https://deoerakker.cgn.wur.nl/or/detail.asp?Nr=1450","2026-09-10"
"1451","Veendammer Glorie","Appel","","Handappel","","Ja","Nee","Malus domestica","https://deoerakker.cgn.wur.nl/or/detail.asp?Nr=1451","2026-09-10"
"1452","Vermont Non Pareille","Appel","","","","Nee","Nee","Malus domestica","https://deoerakker.cgn.wur.nl/or/detail.asp?Nr=1452","2026-09-10"
"1453","Vlaamsche Schijveling","Appel","Vlaamse Schijver, Banket Schijver, Fransche Schijver, Doppelter Zwiebelapfel, Court Pendu D'automne, Court Pendu D'ete, Rouelle de Flandre, Pomme de France","Hand- En Keukenappel","","Ja","Nee","Malus domestica","https://deoerakker.cgn.wur.nl/or/detail.asp?Nr=1453","2026-09-10"
"1454","Vlaamse Zoete","Appel","Grauwe Hol Zoete, Grauwe Zoete","Keukenappel","","Ja","Nee","Malus domestica","https://deoerakker.cgn.wur.nl/or/detail.asp?Nr=1454","2026-09-10"
"1455","Vogel Calville","Appel","","Hand- En Keukenappel","1936","Ja","Nee","Malus domestica","https://deoerakker.cgn.wur.nl/or/detail.asp?Nr=1455","2026-09-10"
"1456","Vroege van Afferden","Appel","","","1947","Nee","Nee","Malus domestica","https://deoerakker.cgn.wur.nl/or/detail.asp?Nr=1456","2026-09-10"
"1457","Vroege Zoete Sikkeling","Appel","","Hand- En Moesappel","1830","Nee","Nee","Malus domestica","https://deoerakker.cgn.wur.nl/or/detail.asp?Nr=1457","2026-09-10"
"1458","Warner's King","Appel","Barker's Seedling, D. T. Fisch, D. T. Fish, David T. Fish, Drumlanrig Castle, Fish, Fish D. T. Fish's Rambour, Killick's Apple, Killick's Big Apple, King, King Apple, King's, Kings, Nelson's Glory, Poor Man's Friend, Roi de Warner, Salopian, Silverton Pippin, Veitch's Cluster, Warner's Konigs Apfel, Warner's Konigsapfel, Warner's Seedling, Weavering, Weavering Apple","","1911","Ja","Nee","Malus domestica","https://deoerakker.cgn.wur.nl/or/detail.asp?Nr=1458","2026-09-10"
"1459","Washington","Appel","","","1890","Nee","Nee","Malus domestica","https://deoerakker.cgn.wur.nl/or/detail.asp?Nr=1459","2026-09-10"
"1460","Wealthy","Appel","Lelsy, Plodovodnoe, Uelsi","Handappel","1860","Nee","Ja","Malus domestica","https://deoerakker.cgn.wur.nl/or/detail.asp?Nr=1460","2026-09-10"
"1461","Weisser Sommer Taubenapfel","Appel","Sommer Taubenapfel Weisser","","1868","Nee","Nee","Malus domestica","https://deoerakker.cgn.wur.nl/or/detail.asp?Nr=1461","2026-09-10"
"1462","Weldrager","Appel","Weldragende","","1942","Nee","Ja","Malus domestica","https://deoerakker.cgn.wur.nl/or/detail.asp?Nr=1462","2026-09-10"
"1463","Westlandsche Bellefleur","Appel","Geldersche Bellefleur, Gelderse Blank Zoete, Tulpappel, Tulpers","","","Ja","Nee","Malus domestica","https://deoerakker.cgn.wur.nl/or/detail.asp?Nr=1463","2026-09-10"
"1464","Wienzoern","Appel","Wijnzure","Hand- En Keukenappel","voor","Ja","Nee","Malus domestica","https://deoerakker.cgn.wur.nl/or/detail.asp?Nr=1464","2026-09-10"
"1465","Wijburger","Appel","Eijer Appel","","","Nee","Nee","Malus domestica","https://deoerakker.cgn.wur.nl/or/detail.asp?Nr=1465","2026-09-10"
"1466","Wildjes Appel","Appel","Wildjesappel","","","Nee","Nee","Malus domestica","https://deoerakker.cgn.wur.nl/or/detail.asp?Nr=1466","2026-09-10"
"1467","Willem Balk","Appel","","","1936","Nee","Nee","Malus domestica","https://deoerakker.cgn.wur.nl/or/detail.asp?Nr=1467","2026-09-10"
"1468","Willem III","Appel","","","1943","Ja","Nee","Malus domestica","https://deoerakker.cgn.wur.nl/or/detail.asp?Nr=1468","2026-09-10"
"1469","Wilson's Red June","Appel","","","1936","Nee","Nee","Malus domestica","https://deoerakker.cgn.wur.nl/or/detail.asp?Nr=1469","2026-09-10"
"1470","Winschoter Glorie","Appel","","Handappel","1943","Ja","Nee","Malus domestica","https://deoerakker.cgn.wur.nl/or/detail.asp?Nr=1470","2026-09-10"
"1471","Winston","Appel","Wintercheer, Cox D'hiver, Winter King,","Handappel","1920","Ja","Ja","Malus domestica","https://deoerakker.cgn.wur.nl/or/detail.asp?Nr=1471","2026-09-10"
"1472","Winter Banana","Appel","Banan Zimnii, Banana, Banana de Iarna, Banane, Banane D'hiver, Bananove Zimni, Bananovoe, Flory, Teli Banan, Zimna Bananova, Zimnee Bananovoe","Hand- En Keukenappel","1890","Ja","Ja","Malus domestica","https://deoerakker.cgn.wur.nl/or/detail.asp?Nr=1472","2026-09-10"
"1473","Winter Banket appel","Appel","","Handappel","1830","Nee","Nee","Malus domestica","https://deoerakker.cgn.wur.nl/or/detail.asp?Nr=1473","2026-09-10"
"1474","Winter Bloeme","Appel","Winterbloemzoet, Winter Goede Zoete","","1927","Ja","Nee","Malus domestica","https://deoerakker.cgn.wur.nl/or/detail.asp?Nr=1474","2026-09-10"
"1475","Winter Erveling","Appel","","","","Nee","Nee","Malus domestica","https://deoerakker.cgn.wur.nl/or/detail.asp?Nr=1475","2026-09-10"
"1476","Winter Peach","Appel","Amerikanischer Pfirschenapfel, Peach Bloom, Peche D'hiver","Hand- En Keukenappel","1868","Nee","Ja","Malus domestica","https://deoerakker.cgn.wur.nl/or/detail.asp?Nr=1476","2026-09-10"
"1477","Winter Postoph","Appel","Postophe D' Hiver","","1868","Nee","Nee","Malus domestica","https://deoerakker.cgn.wur.nl/or/detail.asp?Nr=1477","2026-09-10"
"1478","Winter Striepeling","Appel","","","","Nee","Nee","Malus domestica","https://deoerakker.cgn.wur.nl/or/detail.asp?Nr=1478","2026-09-10"
"1479","Winter Zijden Hemdje","Appel","Pigeon Rouge, Roode Poom, Roode Pigeon, Duivenappel (rode), Jerusalems Appel, Lekkerbeetje, Rother Winter Tauben Apfel, Koniglicher Taubling, Coeur de Pigeon, Pomme de Jerusalem, Mandel Apfel, Mandel Taubchen, Schonnettchen (saksen), Buschnettchen, Marienhemdchen, Pigeon","","1868","Ja","Nee","Malus domestica","https://deoerakker.cgn.wur.nl/or/detail.asp?Nr=1479","2026-09-10"
"1480","Witte Astrakan","Appel","Witte Astrakaner, Weiszer Astrakan, Jacobi Apfel, Mela D'astrakan, White Astrachan, Konstantinopel Apfel, Glace de Zelande, Glace de Moskovie, Moskowoter Eis Apfel, Russian Ice Apple, Naliwi Jacblowsky, Baleborodova","Hand- En Keukenappel","1854","Ja","Ja","Malus domestica","https://deoerakker.cgn.wur.nl/or/detail.asp?Nr=1480","2026-09-10"
"1481","Witte Bloemzoet","Appel","Witte Bloemzoete","","","Ja","Nee","Malus domestica","https://deoerakker.cgn.wur.nl/or/detail.asp?Nr=1481","2026-09-10"
"1482","Witte Court Pendu","Appel","","","","Nee","Nee","Malus domestica","https://deoerakker.cgn.wur.nl/or/detail.asp?Nr=1482","2026-09-10"
"1483","Witte Platte","Appel","Witting, Witling","","","Nee","Nee","Malus domestica","https://deoerakker.cgn.wur.nl/or/detail.asp?Nr=1483","2026-09-10"
"1484","Witte Renet met Stippen","Appel","","","","Nee","Nee","Malus domestica","https://deoerakker.cgn.wur.nl/or/detail.asp?Nr=1484","2026-09-10"
"1485","Witte Wijnappel","Appel","Grote Wijnappel","","1854","Ja","Nee","Malus domestica","https://deoerakker.cgn.wur.nl/or/detail.asp?Nr=1485","2026-09-10"
"1486","Witte Winter Calville","Appel","Witte Aardbessen Appel, Calville Blanche a Cotes, White Winter Calville, a Frire, Admirable Blanche, Admirable Blanche, American White Winter Calville, Bial Zimen Kalvil, Bily Zimni Hranac, Blanche de Zurich, Blanche des Wurtembergeois, Blandureau D'auvergne, Bonnet Caree, Bonnet Carre, Bonnet Carret, Bonnet Carre, Caleville Blanche, Caleville de Gascogne, Caleville Tardif, Calleville, Calleville Blanc, Calleville Blanc D'hiver, Calleville Blanche, Calvil Alb de Iarna, Calvill Weisser Winter, Calvilla Alba, Calvilla Bianca D'inverno, Calville a Cotes, Calville Acoute, Calville Blanc, Calville Blanc a Cotes, Calville Blanche, Calville Blanche a Cotes, Calville Blanche D'automne, Calville Blanche D'hiver, Calville Blanche D'hyver, Calville Blanche Melonne a Cotes, Calville de Gascogne, Calville de Paris, Calville Tardive, Calville White Winter, Calville Withe Winter, Calvine, Calvire, Catogna, Cotogna, de Calville, de Coign, de Coing, de Fraise, Eck Apfel, Eckapfel, Eggerling, Ekkeling, Englischer Winter Calville, Englisher Weisser Winter Calville, Fraise D'hiver, Framboise D'hiver, Franzosischer Quitten Apfel, Franzosischer Quittenapfel, Gelber Winter Calvill, Gelber Winter Calville, Glace, Gros Rambour a Cotes, Gros Rambour a Cotes, Gross Pomme de Zurich, Grosse Pomme de Zurich, Grosse Pomme Blanche du Wurtemberg, Hvid Vinterkalville, Hvit Vintercalvill, Kalvil Belii Zimnii, Kalvil Bily Zimni, Malus Calvilla Alba, Melonen Apfel, Melonenapfel, Melonne, Melonne a Cotes, Niger, Ostenapfel, Oster Apfel, Paasch Apfel, Paaschapfel, Paradies Apfel, Paradiesapfel, Parijskii Kalvil, Paris Apple, Parisapfel, Pome de Fraise, Pomme de Caleville, Pomme de Calleville, Pomme de Calville, Pomme de Coign, Pomme de Coin, Pomme de Fraise, Pomme de Framboise, Pomme de Glace, Pomme Glace, Quitten Apfel, Quittenapfel, Rambour a Cotes Gros, Rambour a Cotes Grosses, Reinette a Cotes, Reinette Cotelee, Reinnette a Cotes, Stern Apfel, Stern Reinette, Sternapfel, Sternreinette, Taponelle, Taponne, Taponnelle, Tapounelle, Teli Feher Kalvil, Vit Vinterkalvil, Vit Vinterkalvill, Wahrer Winter Calville, Weiss Zurich, Weisse Winter Calvill, Weisse Winter Calville, Weisser Erdbeerapfel, Weisser Himbeer, Weisser Himbeer Apfel, Weisser Himbeerapfel, Weisser Winter Calvill, Weisser Winter Calville, Weisser Winter Calvill, Weisser Winterkalwil, Weisser Zurich Apfel, Weisser Zurichapfel, Weiszer Erdbeerapfel, Weiszer Himbeerapfel, Weiszer Wintercalville, White Autumn Calville, White Calville, White Winter Calville, Winter Calville, Winter Quitten Apfel, Winter Quittenapfel, Winter White, Winter White Calville, Winter Wite Calvile, Withe Calville,","Handappel","1830","Ja","Nee","Malus domestica","https://deoerakker.cgn.wur.nl/or/detail.asp?Nr=1486","2026-09-10"
"1487","Witte Wyn Appel","Appel","Grote Wyn Appel","","","Nee","Nee","Malus domestica","https://deoerakker.cgn.wur.nl/or/detail.asp?Nr=1487","2026-09-10"
"1488","Witte Zoete Jopen","Appel","Zoete Neven, Water Zoete","","","Nee","Nee","Malus domestica","https://deoerakker.cgn.wur.nl/or/detail.asp?Nr=1488","2026-09-10"
"1489","Witte Zoete Silverling","Appel","Witte Zoete, Blanke Zoete","","","Nee","Nee","Malus domestica","https://deoerakker.cgn.wur.nl/or/detail.asp?Nr=1489","2026-09-10"
"1490","Witte zomer Calville","Appel","","","","Ja","Ja","Malus domestica","https://deoerakker.cgn.wur.nl/or/detail.asp?Nr=1490","2026-09-10"
"1491","Yellow Bellflower","Appel","Gele Bellefleur, Belfiore Giallo, Belfler Zheltyi, Bell Flower, Bell Flower, Belle Fleur Jaune, Belle Flavoise, Belle Fleur, Belle Flower, Belle Flavoise, Belle Fleur, Belle Fleur Jaune, Belle Fleur Yellow, Belle Flower, Bellefleur Jaune, Bellefleur Yellow, Belleflour Jaune, Bellflower, Bishop's Pippin, Bishop's Pippin of Nova Scotia, Calville Metzger, Connecticut Seek No Further, Frumos Galben, Gelber Belle Fleur, Gelber Belle Fleur, Gelber Bellefleur, Gelber Englischer Schon Bluhender Apfel, Gelber Englischer Schonbluhender, Gelber Englischer Schonbluhender Apfel, Gold Calvill, Gul Bellefleur, Gul Bellflor, Jalt Belflior, Jellow Belle Flower, Jioltti Belflior, Krasokvet Americky, Krasokvet Zluty, Krasotvet, Lady Washington, Lincoln Pippin, Lineous Pippin, Linnaeus Pippin, Linneous Peppin, Linneous Pippin, Linneusza, Linnoeus Pippin, Linocus Pippin, Linous Pippin, Metzger Apfel, Metzger Calvill, Metzger Calville, Metzger's Calvill, Metzgerapfel, Metzgers Calvill, Metzgers Calville, Metzgers Kalvill, Mrs. Barron, Pepin de Linne, Pepina Lineusza, Pepina Linneusza, Pepina Linneyo, Reinette Musc, Reinette Musque, Reinette Musquee, Sarga Belle Fleur, Sarga Szopviragu, Seek No Further, The Bishop Pippin, Warren Pippin, Weisser Metzger Apfel, Weisser Metzgerapfel, Westfield Seek No Further, White Belle Flower, White Bellflower, White Detroit, Yellow Belle Fleur, Yellow Bellflower, Yellow Belle Fleur, Yellow Bellefleur, Yellow Bellfleur, Zluty Kveton","","1875","Ja","Ja","Malus domestica","https://deoerakker.cgn.wur.nl/or/detail.asp?Nr=1491","2026-09-10"
"1492","Yellow Transparant","Appel","Transparante Jaune, Transparent Blanc, Weiser Klar Appel","Hand- En Keukenappel","1905","Ja","Nee","Malus domestica","https://deoerakker.cgn.wur.nl/or/detail.asp?Nr=1492","2026-09-10"
"1493","Zeeuwshe Guldeling","Appel","Zeeuwsche Gulderling, Vrouwtjes Appel, Zeeuwse Gulling, Pomme Notre Dame, Engelse Paradijs Appel","","","Nee","Nee","Malus domestica","https://deoerakker.cgn.wur.nl/or/detail.asp?Nr=1493","2026-09-10"
"1494","Zigeunerin","Appel","Rote Zigeunerin, Zigeunerinapfel","Hand- En Moesappel","1900","Ja","Ja","Malus domestica","https://deoerakker.cgn.wur.nl/or/detail.asp?Nr=1494","2026-09-10"
"1495","Zoete Aagt","Appel","","Moes- En Droogappel","","Ja","Ja","Malus domestica","https://deoerakker.cgn.wur.nl/or/detail.asp?Nr=1495","2026-09-10"
"1496","Zoete Bellefleur","Appel","Dolfijn, Zoete Dolfijn, Zoete Pigeon, Bellefleur Douce, Dolphijn, Dolphijn Triomphale, Late Winter Bellefleur, Late Zoete Bellefleur, Zoete Passe Pomme","Zoete Appel","1942","Ja","Ja","Malus domestica","https://deoerakker.cgn.wur.nl/or/detail.asp?Nr=1496","2026-09-10"
"1497","Zoete Brandappel","Appel","","","","Nee","Nee","Malus domestica","https://deoerakker.cgn.wur.nl/or/detail.asp?Nr=1497","2026-09-10"
"1498","Zoete Campagner","Appel","Campagne Zoet, Zoete Campagne, Blauswiete, Blauswitte","Zoete Appel","1850","Ja","Nee","Malus domestica","https://deoerakker.cgn.wur.nl/or/detail.asp?Nr=1498","2026-09-10"
"1500","Zoete Dobbert","Appel","Zoete Bobbert, Dobbert Zoet, Zoete Dobber","Keuken, Zoete Appel","1948","Ja","Nee","Malus domestica","https://deoerakker.cgn.wur.nl/or/detail.asp?Nr=1500","2026-09-10"
"1501","Zoete Enkhuizer appel","Appel","","","","Nee","Nee","Malus domestica","https://deoerakker.cgn.wur.nl/or/detail.asp?Nr=1501","2026-09-10"
"1502","Zoete Ermgaard","Appel","Zoete Ermgaarde, Ermgaarde, Armgaard, Pearmain de Worcester, Worcester, Worcester Parmaene, Worcester Parman, Worcester Parmane, Worcester Parman, Worchester Parmane","Zoete Appel","1864","Ja","Ja","Malus domestica","https://deoerakker.cgn.wur.nl/or/detail.asp?Nr=1502","2026-09-10"
"1503","Zoete Erveling","Appel","","Zoete Appel","1890","Ja","Nee","Malus domestica","https://deoerakker.cgn.wur.nl/or/detail.asp?Nr=1503","2026-09-10"
"1504","Zoete Goudreinette","Appel","","","1932","Nee","Nee","Malus domestica","https://deoerakker.cgn.wur.nl/or/detail.asp?Nr=1504","2026-09-10"
"1505","Zoete Grauwe Holaart","Appel","Gorinchemsche Holaart, Holaart Zoete Graauwe Gorinchemsche, Zoete Graauwe Gorinchemsche Holaart","Keuken, Zoete Appel","1905","Ja","Nee","Malus domestica","https://deoerakker.cgn.wur.nl/or/detail.asp?Nr=1505","2026-09-10"
"1506","Zoete Grauwe Reinette","Appel","Reinette Grise Musque, Zoete Fransche Renet, Zoete Reinette, Pomme D orange, Kaneelzoete, Zoete Pippeling, Zoete Kafappel, Blanke Zoet Reinette, Holaart Doux, Tuinzoet, Zoete Goudreinette","Keuken, Zoete Moesappel","1868","Ja","Ja","Malus domestica","https://deoerakker.cgn.wur.nl/or/detail.asp?Nr=1506","2026-09-10"
"1507","Zoete Gulderling","Appel","","Keuken, Zoete Appel","1890","Ja","Nee","Malus domestica","https://deoerakker.cgn.wur.nl/or/detail.asp?Nr=1507","2026-09-10"
"1508","Zoete Hermingard","Appel","Mogelijk Synoniem Voor Zoete Ermgaard","","1868","Nee","Nee","Malus domestica","https://deoerakker.cgn.wur.nl/or/detail.asp?Nr=1508","2026-09-10"
"1509","Zoete Hollaert","Appel","Zoete Holaert, Zoete Holaart, Binder Zoete, Benderzoet, Kaneel Zoete","Zoete Appel","1933","Ja","Nee","Malus domestica","https://deoerakker.cgn.wur.nl/or/detail.asp?Nr=1509","2026-09-10"
"1510","Zoete Jacob Dirk","Appel","","","1932","Nee","Nee","Malus domestica","https://deoerakker.cgn.wur.nl/or/detail.asp?Nr=1510","2026-09-10"
"1511","Zoete Kandy","Appel","Kandijzoet","Keuken, Zoete Appel","1935","Ja","Nee","Malus domestica","https://deoerakker.cgn.wur.nl/or/detail.asp?Nr=1511","2026-09-10"
"1512","Zoete Kantjes Appel","Appel","","","","Nee","Nee","Malus domestica","https://deoerakker.cgn.wur.nl/or/detail.asp?Nr=1512","2026-09-10"
"1513","Zoete Kroon","Appel","Zoete Winterkroon, Zoete Groninger Kroon","Zoete Appel","1870","Ja","Ja","Malus domestica","https://deoerakker.cgn.wur.nl/or/detail.asp?Nr=1513","2026-09-10"
"1514","Zoete Kroons appel","Appel","Zoete Aagt","","","Nee","Nee","Malus domestica","https://deoerakker.cgn.wur.nl/or/detail.asp?Nr=1514","2026-09-10"
"1515","Zoete Paradijs","Appel","Paradijs Zoete, Drentse Paradijs, Pandiezen, Zwartgat","Zoete Appel","","Ja","Nee","Malus domestica","https://deoerakker.cgn.wur.nl/or/detail.asp?Nr=1515","2026-09-10"
"1516","Zoete Passe Pomme","Appel","","","","Nee","Nee","Malus domestica","https://deoerakker.cgn.wur.nl/or/detail.asp?Nr=1516","2026-09-10"
"1517","Zoete Pippeling","Appel","Zoete Peppeling, Zoete Pippeling, Tiunzoet, Zoete v/d Bent, Kaneelzoet, v/d Bents Zoete, Zoete Kafappel, Blanke Zoete Reinette","Keuken, Zoete Appel","","Ja","Nee","Malus domestica","https://deoerakker.cgn.wur.nl/or/detail.asp?Nr=1517","2026-09-10"
"1518","Zoete Princes Appel","Appel","","","","Nee","Nee","Malus domestica","https://deoerakker.cgn.wur.nl/or/detail.asp?Nr=1518","2026-09-10"
"1519","Zoete Princesse Noble","Appel","Grosser Susser Alantapfel","Keuken, Zoete Moesappel","1905","Ja","Nee","Malus domestica","https://deoerakker.cgn.wur.nl/or/detail.asp?Nr=1519","2026-09-10"
"1520","Zoete Ribbert","Appel","Zoete Ribbeling","Keuken, Zoete Moesappel","1830","Ja","Nee","Malus domestica","https://deoerakker.cgn.wur.nl/or/detail.asp?Nr=1520","2026-09-10"
"1521","Zoete Ribbert of Ribling","Appel","Zoete Kant Ribbert","","","Nee","Nee","Malus domestica","https://deoerakker.cgn.wur.nl/or/detail.asp?Nr=1521","2026-09-10"
"1522","Zoete Roemeling","Appel","","Keuken, Zoete Appel","1932","Ja","Nee","Malus domestica","https://deoerakker.cgn.wur.nl/or/detail.asp?Nr=1522","2026-09-10"
"1523","Zoete Ruster","Appel","","","1940","Nee","Nee","Malus domestica","https://deoerakker.cgn.wur.nl/or/detail.asp?Nr=1523","2026-09-10"
"1524","Zoete Schijveling","Appel","Zoete Kantjes Appel","","","Nee","Nee","Malus domestica","https://deoerakker.cgn.wur.nl/or/detail.asp?Nr=1524","2026-09-10"
"1525","Zoete Spaanse","Appel","","","","Nee","Nee","Malus domestica","https://deoerakker.cgn.wur.nl/or/detail.asp?Nr=1525","2026-09-10"
"1526","Zoete Striepeling","Appel","","","","Nee","Nee","Malus domestica","https://deoerakker.cgn.wur.nl/or/detail.asp?Nr=1526","2026-09-10"
"278","Zoete Veentje","Appel","Zoete Veen, Veen Zoete, Veentjes Appel, Veen Appel","Keuken, Zoete Appel","1927","Ja","Nee","Malus domestica","https://deoerakker.cgn.wur.nl/or/detail.asp?Nr=278","2026-09-10"
"279","Zoete Veger","Appel","","Zoete Appel","","Ja","Nee","Malus domestica","https://deoerakker.cgn.wur.nl/or/detail.asp?Nr=279","2026-09-10"
"280","Zoete Zomer Aagt","Appel","Zoete Tulpappel","Keuken, Zoete Appel","1868","Ja","Nee","Malus domestica","https://deoerakker.cgn.wur.nl/or/detail.asp?Nr=280","2026-09-10"
"281","Zoete Zon appel","Appel","Zon Appel (zoete).","","","Ja","Nee","Malus domestica","https://deoerakker.cgn.wur.nl/or/detail.asp?Nr=281","2026-09-10"
"282","Zoete Zwaan appel","Appel","","","","Nee","Nee","Malus domestica","https://deoerakker.cgn.wur.nl/or/detail.asp?Nr=282","2026-09-10"
"7106","Zomer Aagt","Appel","","","1868","Nee","Nee","Malus domestica","https://deoerakker.cgn.wur.nl/or/detail.asp?Nr=7106","2026-09-10"
"283","Zomer Citroen appel","Appel","","","","Nee","Nee","Malus domestica","https://deoerakker.cgn.wur.nl/or/detail.asp?Nr=283","2026-09-10"
"284","Zomer Erveling","Appel","Herfst Erveling","","","Nee","Nee","Malus domestica","https://deoerakker.cgn.wur.nl/or/detail.asp?Nr=284","2026-09-10"
"285","Zomer Framboos","Appel","","Handappel","1830","Nee","Nee","Malus domestica","https://deoerakker.cgn.wur.nl/or/detail.asp?Nr=285","2026-09-10"
"286","Zomer Kroon","Appel","Cuisinot D'ete, Cuisinot Tulpe, Quisinot","","","Nee","Nee","Malus domestica","https://deoerakker.cgn.wur.nl/or/detail.asp?Nr=286","2026-09-10"
"287","Zomer of Herfst Parmain Pepping","Appel","","","","Nee","Nee","Malus domestica","https://deoerakker.cgn.wur.nl/or/detail.asp?Nr=287","2026-09-10"
"288","Zomer Striepeling","Appel","","","","Nee","Nee","Malus domestica","https://deoerakker.cgn.wur.nl/or/detail.asp?Nr=288","2026-09-10"
"289","Zuccamaglio Renette","Appel","Reinette de Zuccalmaglio, Reinette de Zuccamaglio, Reinette Von Zuccalmaglio, Reinette Zuccamaglio, Renet Zuccalmaglio, Renet Zukkalmaglio, Von Zuccalmaglio's Reinette, Von Zuccalmaglio's Renette, Von Zuccalmaglios Reinette, Von Zuccalmaglios Renett, Zuccalmaglio, Zuccalmaglio Reinette, Zuccalmaglios Renett, Zuccalmaglios Renette, Zuccalmagliova Reneta, Zuccamaglios Reinette, Zukalmagliova Reneta","Handappel","1878","Ja","Nee","Malus domestica","https://deoerakker.cgn.wur.nl/or/detail.asp?Nr=289","2026-09-10"
"1527","Zure Brabantsche Bellefleur","Appel","","","1905","Nee","Nee","Malus domestica","https://deoerakker.cgn.wur.nl/or/detail.asp?Nr=1527","2026-09-10"
"1528","Zure Grauwe Goud Reinette","Appel","Jaune Tardive, Rienette Doree","","1868","Nee","Nee","Malus domestica","https://deoerakker.cgn.wur.nl/or/detail.asp?Nr=1528","2026-09-10"
"1529","Zure Leyenberger","Appel","","Moes En Droogappel","1830","Nee","Nee","Malus domestica","https://deoerakker.cgn.wur.nl/or/detail.asp?Nr=1529","2026-09-10"
"1530","Zure Reinette","Appel","Zure Renet, Franz Graf Von Eggers Reinette, de Grawe Foos Renet, Franz Graf Von Eggers Reinette, Franz Joseph Von Eggers Reinette, Franzosische Gold Reinette, Franzosische Goldereinette, Gold Reinette, Graawe Foos Renet, Graawe Fos Renet, Grau Osnabrucker Reinette, Graue Osnabrucker, Graue Osnabrucker Reinette, Graue Reinette Von Canada, Osnabrucker Grau Uberzogene Reinette, Osnabrucker Grau Uberzogene Reinette, Osnobrucker Reinette, Reinette Aigre, Reinette D'osnabruck, Reinette de Osnabruck, Reinette Grise D'osnabruck, Renet Osnabrukskii, Rotgraue Kelch Reinette, Rotgraue Kelch Reinette, Rothgraue Kelchreinette","","1868","Nee","Ja","Malus domestica","https://deoerakker.cgn.wur.nl/or/detail.asp?Nr=1530","2026-09-10"
"1531","Zure Spaanse","Appel","","","","Nee","Nee","Malus domestica","https://deoerakker.cgn.wur.nl/or/detail.asp?Nr=1531","2026-09-10"
"1532","Zure Veen","Appel","","","1890","Nee","Nee","Malus domestica","https://deoerakker.cgn.wur.nl/or/detail.asp?Nr=1532","2026-09-10"
"1533","Zure Zomer Paradijs","Appel","","","1932","Nee","Nee","Malus domestica","https://deoerakker.cgn.wur.nl/or/detail.asp?Nr=1533","2026-09-10"
"1534","Zure Zon appel","Appel","Zon Appel (zuure)","Moesappel","1830","Ja","Nee","Malus domestica","https://deoerakker.cgn.wur.nl/or/detail.asp?Nr=1534","2026-09-10"
"1535","Zwarte Apis","Appel","","","","Nee","Nee","Malus domestica","https://deoerakker.cgn.wur.nl/or/detail.asp?Nr=1535","2026-09-10"
"1536","Zwartgat","Appel","Bruindeling","","","Nee","Nee","Malus domestica","https://deoerakker.cgn.wur.nl/or/detail.asp?Nr=1536","2026-09-10"
"1537","Zwolse Griet, Zeeuwse Griet","Appel","Griet (enkelde)","","","Nee","Nee","Malus domestica","https://deoerakker.cgn.wur.nl/or/detail.asp?Nr=1537","2026-09-10"
"3851","Admiraal","Peer","","","<1758","Nee","Nee","Pyrus communis","https://deoerakker.cgn.wur.nl/or/detail.asp?Nr=3851","2026-09-10"
"3852","Alexander Bivort","Peer","","","1887","Nee","Nee","Pyrus communis","https://deoerakker.cgn.wur.nl/or/detail.asp?Nr=3852","2026-09-10"
"3853","Alexandria","Peer","","","<1887","Nee","Nee","Pyrus communis","https://deoerakker.cgn.wur.nl/or/detail.asp?Nr=3853","2026-09-10"
"3854","Alexandrine Douillard","Peer","","Handpeer","1849","Ja","Ja","Pyrus communis","https://deoerakker.cgn.wur.nl/or/detail.asp?Nr=3854","2026-09-10"
"3855","Aline Richald (Bivort)","Peer","","","<1850","Nee","Nee","Pyrus communis","https://deoerakker.cgn.wur.nl/or/detail.asp?Nr=3855","2026-09-10"
"3856","Amanlis Butterbirn","Peer","Wilhelmine, Poire d'Amanlis, Beurre d'Amanlis, Beurre d'Amalis, Hubard, D'Albert","Handpeer","<1850","Nee","Ja","Pyrus communis","https://deoerakker.cgn.wur.nl/or/detail.asp?Nr=3856","2026-09-10"
"3857","Ambrette d'Hiver","Peer","Ambrette grise, Ambre gris Belle Gabrielle, Trompe Valet","","<1758","Nee","Nee","Pyrus communis","https://deoerakker.cgn.wur.nl/or/detail.asp?Nr=3857","2026-09-10"
"3858","Ambrette d'Hiver","Peer","Ambrette Grise, Ambre Gris, Belle Brielle, Trompe Valet","","<1850","Nee","Nee","Pyrus communis","https://deoerakker.cgn.wur.nl/or/detail.asp?Nr=3858","2026-09-10"
"3859","America","Peer","","","<1887","Nee","Nee","Pyrus communis","https://deoerakker.cgn.wur.nl/or/detail.asp?Nr=3859","2026-09-10"
"3860","Amire Joannet","Peer","Petit Saint Jean","","<1850","Nee","Nee","Pyrus communis","https://deoerakker.cgn.wur.nl/or/detail.asp?Nr=3860","2026-09-10"
"3861","Ananas de Courtrai","Peer","Ananasbirne von Courtray, Ananas de Courtray","Handpeer","1826","Ja","Ja","Pyrus communis","https://deoerakker.cgn.wur.nl/or/detail.asp?Nr=3861","2026-09-10"
"3862","Andre Desportes","Peer","Dr. Desportes","Handpeer","1854","Ja","Ja","Pyrus communis","https://deoerakker.cgn.wur.nl/or/detail.asp?Nr=3862","2026-09-10"
"3863","Angelique","Peer","Angelique de Bordeaux, St. Martial","","<1758","Nee","Nee","Pyrus communis","https://deoerakker.cgn.wur.nl/or/detail.asp?Nr=3863","2026-09-10"
"3864","Angelique de Rome","Peer","","","<1850","Nee","Nee","Pyrus communis","https://deoerakker.cgn.wur.nl/or/detail.asp?Nr=3864","2026-09-10"
"3865","Angleterre","Peer","","","<1850","Nee","Nee","Pyrus communis","https://deoerakker.cgn.wur.nl/or/detail.asp?Nr=3865","2026-09-10"
"3866","Angleterre D'Hiver","Peer","","","<1850","Nee","Nee","Pyrus communis","https://deoerakker.cgn.wur.nl/or/detail.asp?Nr=3866","2026-09-10"
"3867","Arbre Courbe","Peer","","","<1850","Nee","Nee","Pyrus communis","https://deoerakker.cgn.wur.nl/or/detail.asp?Nr=3867","2026-09-10"
"3868","Arbre courbe","Peer","Amiral, Colmar Charnay, Krummholz Birne","","<1850","Nee","Nee","Pyrus communis","https://deoerakker.cgn.wur.nl/or/detail.asp?Nr=3868","2026-09-10"
"3869","Archiduc Charles","Peer","","","<1850","Nee","Nee","Pyrus communis","https://deoerakker.cgn.wur.nl/or/detail.asp?Nr=3869","2026-09-10"
"3870","Assumerpeer","Peer","","Handpeer","","Ja","Nee","Pyrus communis","https://deoerakker.cgn.wur.nl/or/detail.asp?Nr=3870","2026-09-10"
"3871","Audusson","Peer","","","<1850","Nee","Nee","Pyrus communis","https://deoerakker.cgn.wur.nl/or/detail.asp?Nr=3871","2026-09-10"
"3872","Augustine Lelieur","Peer","","","<1850","Nee","Nee","Pyrus communis","https://deoerakker.cgn.wur.nl/or/detail.asp?Nr=3872","2026-09-10"
"3873","Aurate","Peer","Orate","","<1850","Nee","Nee","Pyrus communis","https://deoerakker.cgn.wur.nl/or/detail.asp?Nr=3873","2026-09-10"
"3874","Azerolle","Peer","","","<1850","Nee","Nee","Pyrus communis","https://deoerakker.cgn.wur.nl/or/detail.asp?Nr=3874","2026-09-10"
"3875","Beauvalot (Sageret)","Peer","","","<1850","Nee","Nee","Pyrus communis","https://deoerakker.cgn.wur.nl/or/detail.asp?Nr=3875","2026-09-10"
"3876","Belle Angevine","Peer","Belle de Angevine, Belle de Jersey","Stoofpeer","<1887","Nee","Ja","Pyrus communis","https://deoerakker.cgn.wur.nl/or/detail.asp?Nr=3876","2026-09-10"
"3877","Belle d' Aout","Peer","","","<1887","Nee","Nee","Pyrus communis","https://deoerakker.cgn.wur.nl/or/detail.asp?Nr=3877","2026-09-10"
"3878","Belle de Berry","Peer","Poire de Cure","","<1850","Nee","Nee","Pyrus communis","https://deoerakker.cgn.wur.nl/or/detail.asp?Nr=3878","2026-09-10"
"3879","Belle de Bruxelles","Peer","Ronde Perzikpeer, Dubbele Oranjepeer, Double Orange, Poire Peche, Deutsche Nationalbergamotte, Schone und Gute, Belle et bonne, Birne ohne Kerne, Poire sans pepins, Bergamotte de Bruxelles, Perzikpeer, Ronde, Belle d'Aout, Belle de Luxembourg, Fanfareau, Beuzard, Belle sans pepins, Bergamotte des paysans, Grosse Bergamotte d'Ete, Gracieuse","Handpeer, stoofpeer","1810","Ja","Ja","Pyrus communis","https://deoerakker.cgn.wur.nl/or/detail.asp?Nr=3879","2026-09-10"
"3880","Belle de Noel","Peer","","","<1850","Nee","Nee","Pyrus communis","https://deoerakker.cgn.wur.nl/or/detail.asp?Nr=3880","2026-09-10"
"3881","Belle de Thouarce","Peer","","","<1850","Nee","Nee","Pyrus communis","https://deoerakker.cgn.wur.nl/or/detail.asp?Nr=3881","2026-09-10"
"3882","Belle des Forets","Peer","","","<1850","Nee","Nee","Pyrus communis","https://deoerakker.cgn.wur.nl/or/detail.asp?Nr=3882","2026-09-10"
"3883","Belle Heloise","Peer","","","<1850","Nee","Nee","Pyrus communis","https://deoerakker.cgn.wur.nl/or/detail.asp?Nr=3883","2026-09-10"
"3884","Bellissime de Jardin","Peer","","","<1850","Nee","Nee","Pyrus communis","https://deoerakker.cgn.wur.nl/or/detail.asp?Nr=3884","2026-09-10"
"3885","Bequesne","Peer","","","<1850","Nee","Nee","Pyrus communis","https://deoerakker.cgn.wur.nl/or/detail.asp?Nr=3885","2026-09-10"
"3886","Bergamote d' Esperen","Peer","Bergamotte d'Esperen, Esperens Bergamotte, Bergamotte Esperen, Poire Esperen, Winterbergamotte","Handpeer","1830","Ja","Ja","Pyrus communis","https://deoerakker.cgn.wur.nl/or/detail.asp?Nr=3886","2026-09-10"
"3887","Bergamotte a Paques","Peer","","","<1898","Nee","Nee","Pyrus communis","https://deoerakker.cgn.wur.nl/or/detail.asp?Nr=3887","2026-09-10"
"3888","Bergamotte Cadette","Peer","Poire de Cadet","","<1850","Nee","Nee","Pyrus communis","https://deoerakker.cgn.wur.nl/or/detail.asp?Nr=3888","2026-09-10"
"3889","Bergamotte de Nice","Peer","","","<1850","Nee","Nee","Pyrus communis","https://deoerakker.cgn.wur.nl/or/detail.asp?Nr=3889","2026-09-10"
"3890","Bergamotte d'ete","Peer","Zomer bergamot, Vroege Bergamot, Dubbele Bergamot, Grote Bergamot, de la Beuviere, Milan Blanc","","<1850","Nee","Nee","Pyrus communis","https://deoerakker.cgn.wur.nl/or/detail.asp?Nr=3890","2026-09-10"
"3891","Bergamotte D'Hollande","Peer","D'Alencon","","<1850","Nee","Nee","Pyrus communis","https://deoerakker.cgn.wur.nl/or/detail.asp?Nr=3891","2026-09-10"
"3892","Bergamotte Doree","Peer","Bergamotte Musquee","","<1850","Nee","Nee","Pyrus communis","https://deoerakker.cgn.wur.nl/or/detail.asp?Nr=3892","2026-09-10"
"3893","Bergamotte Drouet","Peer","","","<1850","Nee","Nee","Pyrus communis","https://deoerakker.cgn.wur.nl/or/detail.asp?Nr=3893","2026-09-10"
"3894","Bergamotte Drouineau","Peer","","","<1850","Nee","Nee","Pyrus communis","https://deoerakker.cgn.wur.nl/or/detail.asp?Nr=3894","2026-09-10"
"3895","Bergamotte Nemours","Peer","","","<1850","Nee","Nee","Pyrus communis","https://deoerakker.cgn.wur.nl/or/detail.asp?Nr=3895","2026-09-10"
"3896","Bergamotte passe","Peer","","","<1898","Nee","Nee","Pyrus communis","https://deoerakker.cgn.wur.nl/or/detail.asp?Nr=3896","2026-09-10"
"3897","Bergamotte Rouge","Peer","","","<1850","Nee","Nee","Pyrus communis","https://deoerakker.cgn.wur.nl/or/detail.asp?Nr=3897","2026-09-10"
"3898","Bergamotte Sannier","Peer","","Handpeer","<1887","Nee","Ja","Pyrus communis","https://deoerakker.cgn.wur.nl/or/detail.asp?Nr=3898","2026-09-10"
"3899","Bergamotte Soulers","Peer","","","<1850","Ja","Nee","Pyrus communis","https://deoerakker.cgn.wur.nl/or/detail.asp?Nr=3899","2026-09-10"
"3900","Bergamotte Suisse Ronde","Peer","Bergamotte Panachee, Bergamotte Marbree, Bonte Bergamot","","<1850","Nee","Nee","Pyrus communis","https://deoerakker.cgn.wur.nl/or/detail.asp?Nr=3900","2026-09-10"
"3901","Besi de la Motte","Peer","","","<1887","Nee","Nee","Pyrus communis","https://deoerakker.cgn.wur.nl/or/detail.asp?Nr=3901","2026-09-10"
"3902","Besi van Schonauen","Peer","Winter vijgenpeer","Handpeer, stoofpeer","<1887","Ja","Nee","Pyrus communis","https://deoerakker.cgn.wur.nl/or/detail.asp?Nr=3902","2026-09-10"
"3903","Beucke's Butterbirn","Peer","Beuckes Butterbirne, Beurre Beuke","Handpeer","<1931","Ja","Nee","Pyrus communis","https://deoerakker.cgn.wur.nl/or/detail.asp?Nr=3903","2026-09-10"
"3251","Beurre Alexander Lucas","Peer","Beurre Alexandre Lucas","Handpeer","1836","Ja","Nee","Pyrus communis","https://deoerakker.cgn.wur.nl/or/detail.asp?Nr=3251","2026-09-10"
"3252","Beurre Antoinette (Bivort)","Peer","","","<1850","Nee","Nee","Pyrus communis","https://deoerakker.cgn.wur.nl/or/detail.asp?Nr=3252","2026-09-10"
"3253","Beurre Bachelier","Peer","","","<1887","Nee","Nee","Pyrus communis","https://deoerakker.cgn.wur.nl/or/detail.asp?Nr=3253","2026-09-10"
"3254","Beurre Benner (Bivort)","Peer","","","<1850","Nee","Nee","Pyrus communis","https://deoerakker.cgn.wur.nl/or/detail.asp?Nr=3254","2026-09-10"
"3255","Beurre Beuke","Peer","","","1936","Nee","Nee","Pyrus communis","https://deoerakker.cgn.wur.nl/or/detail.asp?Nr=3255","2026-09-10"
"3256","Beurre Bretonneau","Peer","Docteur Bretonneau, Calebasse d'hiver, Doctor Bretonneau","","<1868","Nee","Nee","Pyrus communis","https://deoerakker.cgn.wur.nl/or/detail.asp?Nr=3256","2026-09-10"
"3257","Beurre Capiaumont","Peer","Beurre de Capiaumont, Die Capiaumont, Cartheuserin, Capiaumonts Herbst Butterbirn, Calebasse Vasse, Poire Aurore, de la Glaciere, Capiaumont","","1787","Ja","Ja","Pyrus communis","https://deoerakker.cgn.wur.nl/or/detail.asp?Nr=3257","2026-09-10"
"3258","Beurre Caplaumont","Peer","","","<1887","Nee","Nee","Pyrus communis","https://deoerakker.cgn.wur.nl/or/detail.asp?Nr=3258","2026-09-10"
"3259","Beurre Chaboceau","Peer","Beurre Chaboceu, Jefkespeer, Jefkenspeer","","1888","Ja","Nee","Pyrus communis","https://deoerakker.cgn.wur.nl/or/detail.asp?Nr=3259","2026-09-10"
"3260","Beurre Clairgeau","Peer","Beurre Clairgeau, Clairgeau, Clairgeau's Butterbirne","Handpeer","1832","Ja","Ja","Pyrus communis","https://deoerakker.cgn.wur.nl/or/detail.asp?Nr=3260","2026-09-10"
"3261","Beurre Colonne","Peer","","","<1898","Nee","Nee","Pyrus communis","https://deoerakker.cgn.wur.nl/or/detail.asp?Nr=3261","2026-09-10"
"3262","Beurre d' Angleterre.","Peer","","","<1898","Nee","Nee","Pyrus communis","https://deoerakker.cgn.wur.nl/or/detail.asp?Nr=3262","2026-09-10"
"3263","Beurre D Auguste Benoit","Peer","","","<1850","Nee","Nee","Pyrus communis","https://deoerakker.cgn.wur.nl/or/detail.asp?Nr=3263","2026-09-10"
"3264","Beurre d'Amanlis","Peer","Wilhelmine, Poire d'Amanlis, Amanlis Butterbirn, Beurre d'Amalis, Hangebirne","Handpeer","1800","Ja","Ja","Pyrus communis","https://deoerakker.cgn.wur.nl/or/detail.asp?Nr=3264","2026-09-10"
"3265","Beurre d'Amanlis Panache","Peer","","","","Nee","Ja","Pyrus communis","https://deoerakker.cgn.wur.nl/or/detail.asp?Nr=3265","2026-09-10"
"3266","Beurre d'Anjou","Peer","Nec plus Meuris, Die Winter Meuris","","","Ja","Ja","Pyrus communis","https://deoerakker.cgn.wur.nl/or/detail.asp?Nr=3266","2026-09-10"
"3267","Beurre d'Arenberg","Peer","Poire Orpheline d'Enghien, Arenberg Parfait, Orpheline d'Enghien, Beurre des Orphelins, Colmar Dechamps, Crassane Steven, Delices des Orphelins, Duc d' Arenberg, de Parmentier, Petit Beurre d'Hardenpont, Die Arenberg","","<1887","Nee","Ja","Pyrus communis","https://deoerakker.cgn.wur.nl/or/detail.asp?Nr=3267","2026-09-10"
"3268","Beurre de Jonghe","Peer","","","<1865","Nee","Ja","Pyrus communis","https://deoerakker.cgn.wur.nl/or/detail.asp?Nr=3268","2026-09-10"
"3269","Beurre de l'Assomption","Peer","Himmelfahrts Birn, Mariae Himmelfahrts Birn","","1863","Nee","Ja","Pyrus communis","https://deoerakker.cgn.wur.nl/or/detail.asp?Nr=3269","2026-09-10"
"3904","Beurre de Merode","Peer","Dubbele Flip, Double Philippe, Die Doppelte Philippsbirne, Beurre de Merode Westerloo, Beurre de Westerloo, Doyenne Boussoch, Nouvelle Boussoch","","","Ja","Ja","Pyrus communis","https://deoerakker.cgn.wur.nl/or/detail.asp?Nr=3904","2026-09-10"
"3905","Beurre d'Hardenpont","Peer","Glou Morceau, Goulu Morceau de Cambron, Beurre d Aremberg, Beurre de Cambron, Beurre de Kent, Beurre d'Hardenpont de Cambron, Beurre Duval, Beurre Lombard, Hardenponts Winterbutterbirn, Linden d'automne, Fondante jaune superbe et d'hiver, Beurre d'hiver nouvelle et des Belges, Kronprinz Ferdinand von Oesterreich, Schinkenbirn, Amalia von Brabant, Bon Chretien fondante, Colmar d'hiver, Got Luc de Cambron","Handpeer","1759","Ja","Ja","Pyrus communis","https://deoerakker.cgn.wur.nl/or/detail.asp?Nr=3905","2026-09-10"
"3906","Beurre Diel","Peer","Meloenpeer, Diels Butterbirne, Melon de Knoop, Drijtoren, Dorothee, Guillaume de Nassau, Beurre Royal, Celeste, Beurre de Gelle, Beurre Magnifique, Beurre incomparable, Beurre du Roi","Handpeer","1805","Ja","Ja","Pyrus communis","https://deoerakker.cgn.wur.nl/or/detail.asp?Nr=3906","2026-09-10"
"3907","Beurre Dilly","Peer","","Handpeer","1848","Ja","Ja","Pyrus communis","https://deoerakker.cgn.wur.nl/or/detail.asp?Nr=3907","2026-09-10"
"3908","Beurre Dubuisson","Peer","","Handpeer","1834","Nee","Ja","Pyrus communis","https://deoerakker.cgn.wur.nl/or/detail.asp?Nr=3908","2026-09-10"
"3909","Beurre Dumortier","Peer","Dumortiers Butterbirne, Beurre Quetelet, Fondante de Tirlemont","","<1868","Nee","Nee","Pyrus communis","https://deoerakker.cgn.wur.nl/or/detail.asp?Nr=3909","2026-09-10"
"3910","Beurre Durondeau","Peer","Birne von Tongern, de Tongres, Durandeau, Poire de Tongre","","1811","Nee","Ja","Pyrus communis","https://deoerakker.cgn.wur.nl/or/detail.asp?Nr=3910","2026-09-10"
"3911","Beurre Giffard","Peer","Giffard's Butterbirne, Blanke Jut","Handpeer","1825","Ja","Ja","Pyrus communis","https://deoerakker.cgn.wur.nl/or/detail.asp?Nr=3911","2026-09-10"
"3912","Beurre Goubault","Peer","Poire Goubault, Goubault's Butterbirn, Goubaultsbirne, Goubaults Butterbirne","","<1868","Ja","Nee","Pyrus communis","https://deoerakker.cgn.wur.nl/or/detail.asp?Nr=3912","2026-09-10"
"3913","Beurre gris d' hiver nouveau","Peer","Poire de Lu&#231;on, St. Michel d'hiver, Beurre gris d'hiver, Beurre de Lu&#231;on, Beurre gris d'hiver superieur, Doyenne marbre, Graue Winterbutterbirne, Beurre de Lu&#231;on","","<1868","Nee","Ja","Pyrus communis","https://deoerakker.cgn.wur.nl/or/detail.asp?Nr=3913","2026-09-10"
"3914","Beurre Gris Ou Vert","Peer","Grauwe Boterpeer, Groene Boterpeer, Poire de Vendome","","<1850","Nee","Nee","Pyrus communis","https://deoerakker.cgn.wur.nl/or/detail.asp?Nr=3914","2026-09-10"
"3915","Beurre Hardy","Peer","Gellert's Butterbirn, Poire Hardy","Handpeer","1840","Ja","Ja","Pyrus communis","https://deoerakker.cgn.wur.nl/or/detail.asp?Nr=3915","2026-09-10"
"3916","Beurre Kennes","Peer","","","<1868","Nee","Nee","Pyrus communis","https://deoerakker.cgn.wur.nl/or/detail.asp?Nr=3916","2026-09-10"
"3917","Beurre Lebrun","Peer","Beurre Le Brun","Handpeer","1856","Ja","Ja","Pyrus communis","https://deoerakker.cgn.wur.nl/or/detail.asp?Nr=3917","2026-09-10"
"3918","Beurre Mondelle","Peer","Beurre Mondell's","","<1868","Ja","Nee","Pyrus communis","https://deoerakker.cgn.wur.nl/or/detail.asp?Nr=3918","2026-09-10"
"3919","Beurre Napoleon","Peer","Napoleon, Napoleons Butterbirn, Grosse grune Mailanderin, Milan grand, Grote Milan, Bon Chretien Napoleon, Poire Liard, Poire Medaille, Poire l'Empereur, Captif de St. Helene, Bonaparte, Gloire de l'Empereur, Charles X, Charles d'Autriche, Belle Canaise, Mabille, Beurre Autien, Napoleon d'hiver, Sucree doree, Wurtemburg","","1887","Ja","Ja","Pyrus communis","https://deoerakker.cgn.wur.nl/or/detail.asp?Nr=3919","2026-09-10"
"3920","Beurre Perpetuel","Peer","","","<1887","Nee","Nee","Pyrus communis","https://deoerakker.cgn.wur.nl/or/detail.asp?Nr=3920","2026-09-10"
"3921","Beurre Rance","Peer","Beurre de Rance","","1762","Nee","Ja","Pyrus communis","https://deoerakker.cgn.wur.nl/or/detail.asp?Nr=3921","2026-09-10"
"3922","Beurre St. Nicolas","Peer","","","<1887","Nee","Nee","Pyrus communis","https://deoerakker.cgn.wur.nl/or/detail.asp?Nr=3922","2026-09-10"
"3923","Beurre Stappaert (van Mons)","Peer","","","<1850","Nee","Nee","Pyrus communis","https://deoerakker.cgn.wur.nl/or/detail.asp?Nr=3923","2026-09-10"
"3924","Beurre Sterckmans","Peer","Sterkmanns Butterbirne, Doyenne Sterkmanns","","<1820","Ja","Ja","Pyrus communis","https://deoerakker.cgn.wur.nl/or/detail.asp?Nr=3924","2026-09-10"
"3925","Beurre Superfin","Peer","Hochfeine Butterbirne, Graslin, Dathis, Bergamotte superfin","Handpeer, stoofpeer, inmaak","1837","Ja","Ja","Pyrus communis","https://deoerakker.cgn.wur.nl/or/detail.asp?Nr=3925","2026-09-10"
"3926","Beurre Tougard (Bivort)","Peer","","","<1850","Nee","Nee","Pyrus communis","https://deoerakker.cgn.wur.nl/or/detail.asp?Nr=3926","2026-09-10"
"3927","Beurre van den Ham","Peer","Zwaanhalsje","","Eind","Ja","Ja","Pyrus communis","https://deoerakker.cgn.wur.nl/or/detail.asp?Nr=3927","2026-09-10"
"3928","Beurrede Montgeron","Peer","Poire de Montgeron, Vermillon d'Espagne, Butterbirne von Montgeron, Frederic de Wurttemberg","","<1868","Nee","Nee","Pyrus communis","https://deoerakker.cgn.wur.nl/or/detail.asp?Nr=3928","2026-09-10"
"3929","Bezi de la Motte","Peer","","","<1850","Nee","Nee","Pyrus communis","https://deoerakker.cgn.wur.nl/or/detail.asp?Nr=3929","2026-09-10"
"3930","Bezi de Montigny","Peer","","","<1850","Nee","Nee","Pyrus communis","https://deoerakker.cgn.wur.nl/or/detail.asp?Nr=3930","2026-09-10"
"3931","Bezi de Quessoy","Peer","Roussette D'Anjou","","<1850","Nee","Nee","Pyrus communis","https://deoerakker.cgn.wur.nl/or/detail.asp?Nr=3931","2026-09-10"
"3932","Bezy de Kresetitz","Peer","Graf Canal von Malabaila, Graf Canal, Graf Canal von Malabaia, Graf Canals Butterbirne","","<1868","Nee","Nee","Pyrus communis","https://deoerakker.cgn.wur.nl/or/detail.asp?Nr=3932","2026-09-10"
"3933","Bezy Dehery","Peer","Residerie, Carwey peer","","<1850","Nee","Nee","Pyrus communis","https://deoerakker.cgn.wur.nl/or/detail.asp?Nr=3933","2026-09-10"
"3934","Bezy Vachette","Peer","","","<1850","Nee","Nee","Pyrus communis","https://deoerakker.cgn.wur.nl/or/detail.asp?Nr=3934","2026-09-10"
"3935","Bezy van Schonauwen","Peer","Winter vijgenpeer","","<1868","Ja","Nee","Pyrus communis","https://deoerakker.cgn.wur.nl/or/detail.asp?Nr=3935","2026-09-10"
"3936","Bezy Waat","Peer","Bezy Waet","","<1850","Nee","Nee","Pyrus communis","https://deoerakker.cgn.wur.nl/or/detail.asp?Nr=3936","2026-09-10"
"3937","Bichops Thumbs","Peer","","","<1850","Nee","Nee","Pyrus communis","https://deoerakker.cgn.wur.nl/or/detail.asp?Nr=3937","2026-09-10"
"3938","Bienvenue (Esperen)","Peer","","","<1850","Nee","Nee","Pyrus communis","https://deoerakker.cgn.wur.nl/or/detail.asp?Nr=3938","2026-09-10"
"3939","Birn von Fontenay","Peer","","","<1868","Nee","Nee","Pyrus communis","https://deoerakker.cgn.wur.nl/or/detail.asp?Nr=3939","2026-09-10"
"3940","Blanc Pance","Peer","","","<1850","Nee","Nee","Pyrus communis","https://deoerakker.cgn.wur.nl/or/detail.asp?Nr=3940","2026-09-10"
"3941","Blanke Keizerin","Peer","","","<1830","Nee","Nee","Pyrus communis","https://deoerakker.cgn.wur.nl/or/detail.asp?Nr=3941","2026-09-10"
"3942","Blanke Koningin","Peer","","","<1830","Nee","Nee","Pyrus communis","https://deoerakker.cgn.wur.nl/or/detail.asp?Nr=3942","2026-09-10"
"3943","Bloed peer","Peer","Granaat peer, Bloedpeer, Sanguine, Blutbirne","Handpeer, stoofpeer, compote","<1830","Ja","Ja","Pyrus communis","https://deoerakker.cgn.wur.nl/or/detail.asp?Nr=3943","2026-09-10"
"3944","Boerengroen","Peer","Boerengroentje","","<1905","Ja","Nee","Pyrus communis","https://deoerakker.cgn.wur.nl/or/detail.asp?Nr=3944","2026-09-10"
"3945","Bohmische Winter Muscateller","Peer","","","<1868","Nee","Nee","Pyrus communis","https://deoerakker.cgn.wur.nl/or/detail.asp?Nr=3945","2026-09-10"
"3946","Bon Chretien d' Espagne","Peer","","","<1898","Nee","Nee","Pyrus communis","https://deoerakker.cgn.wur.nl/or/detail.asp?Nr=3946","2026-09-10"
"3947","Bon Chretien d'Automne","Peer","President D'Espagne, Safran d'Espagne, Gratiole d""Automne, Bon Chretien D'Espagne, Herfst Bon Chretien, Herfst Saffraan peer, Herfst Graciola, van Dijks peer","","<1850","Nee","Nee","Pyrus communis","https://deoerakker.cgn.wur.nl/or/detail.asp?Nr=3947","2026-09-10"
"3948","Bon Chretien d'Ete","Peer","Saffraan peer, Safran d'Ete, Zomer Bon Chretien, Zomer Safraan Peer, Gratiole d'Ete, Gratiole di Roma, Zomer Gratiole, Brabantse Gratiole, Suyker kandy Peer, Kanjuweel, Kruid Kanjuweel, Marsepein Peer, Malvasier Peer, Schagermaagd, Apothekers Peer, Apothekerbirne, Canelle, Kaneel Peer","","","Ja","Ja","Pyrus communis","https://deoerakker.cgn.wur.nl/or/detail.asp?Nr=3948","2026-09-10"
"3950","Bon Chretien D'Hiver","Peer","Winter chretien, Poire Angoise, Anguise peer","","<1850","Nee","Ja","Pyrus communis","https://deoerakker.cgn.wur.nl/or/detail.asp?Nr=3950","2026-09-10"
"3949","Bon Chretien d'Hiver","Peer","Poire Angoise, Winter Chretien, Anguise peer","","<1850","Nee","Nee","Pyrus communis","https://deoerakker.cgn.wur.nl/or/detail.asp?Nr=3949","2026-09-10"
"3951","Bon Chretien Turc","Peer","Bon Chretien de Vernois","","<1850","Nee","Nee","Pyrus communis","https://deoerakker.cgn.wur.nl/or/detail.asp?Nr=3951","2026-09-10"
"3952","Bon Cretien D'Auch","Peer","","","<1850","Nee","Nee","Pyrus communis","https://deoerakker.cgn.wur.nl/or/detail.asp?Nr=3952","2026-09-10"
"3953","Bon Cretien D'&#200;te Musque","Peer","","","<1850","Nee","Nee","Pyrus communis","https://deoerakker.cgn.wur.nl/or/detail.asp?Nr=3953","2026-09-10"
"3954","Bon Gustave","Peer","","","<1850","Nee","Nee","Pyrus communis","https://deoerakker.cgn.wur.nl/or/detail.asp?Nr=3954","2026-09-10"
"3955","Bonne d'Ezee","Peer","","Handpeer","1838","Nee","Ja","Pyrus communis","https://deoerakker.cgn.wur.nl/or/detail.asp?Nr=3955","2026-09-10"
"3956","Bonne Louise d'Avranches","Peer","Louise bonne d'Avranches, Louise bonne of Jersey, Poire de Jersey, Bonne de Longueval, Beurre of Bonne Louise d'Araudore, William the Fourth, Gute Louise von Avranches, Prince Germain","Handpeer","1870","Ja","Ja","Pyrus communis","https://deoerakker.cgn.wur.nl/or/detail.asp?Nr=3956","2026-09-10"
"3957","Bonneserre de St. Denis","Peer","","Handpeer","<1931","Nee","Nee","Pyrus communis","https://deoerakker.cgn.wur.nl/or/detail.asp?Nr=3957","2026-09-10"
"3958","Bonnissime de la Sarthe","Peer","","","<1850","Nee","Nee","Pyrus communis","https://deoerakker.cgn.wur.nl/or/detail.asp?Nr=3958","2026-09-10"
"3959","Bourdon","Peer","Bourdon Musque, Gros Muscat Rond","","<1850","Nee","Nee","Pyrus communis","https://deoerakker.cgn.wur.nl/or/detail.asp?Nr=3959","2026-09-10"
"3960","Bourgmestre (Bouvier)","Peer","","","<1850","Nee","Nee","Pyrus communis","https://deoerakker.cgn.wur.nl/or/detail.asp?Nr=3960","2026-09-10"
"3961","Bouvier D'Automne (van Mons)","Peer","","","<1850","Nee","Nee","Pyrus communis","https://deoerakker.cgn.wur.nl/or/detail.asp?Nr=3961","2026-09-10"
"3962","Brandywine","Peer","","Handpeer","<1931","Nee","Nee","Pyrus communis","https://deoerakker.cgn.wur.nl/or/detail.asp?Nr=3962","2026-09-10"
"3963","Brederode","Peer","Echte Brederode, Zure Brederode, Groene Brederode, Dikkop","Stoofpeer","<1983","Ja","Nee","Pyrus communis","https://deoerakker.cgn.wur.nl/or/detail.asp?Nr=3963","2026-09-10"
"3964","Broompark","Peer","","","<1850","Nee","Ja","Pyrus communis","https://deoerakker.cgn.wur.nl/or/detail.asp?Nr=3964","2026-09-10"
"3965","Buerre Rouge","Peer","Buerre d'Amboise, Buerre Roux, Buerre d'Or, Buerre D'Anjou, Isambert, Ysambert Lebon, Gisambert, Rode Boteroeer, Rosse Botepeer","","<1850","Nee","Nee","Pyrus communis","https://deoerakker.cgn.wur.nl/or/detail.asp?Nr=3965","2026-09-10"
"3966","Cadillac","Peer","","","<1868","Nee","Nee","Pyrus communis","https://deoerakker.cgn.wur.nl/or/detail.asp?Nr=3966","2026-09-10"
"3967","Caillou Rosat","Peer","","","<1850","Nee","Nee","Pyrus communis","https://deoerakker.cgn.wur.nl/or/detail.asp?Nr=3967","2026-09-10"
"3968","Calabasse d' ete","Peer","","","<1898","Nee","Nee","Pyrus communis","https://deoerakker.cgn.wur.nl/or/detail.asp?Nr=3968","2026-09-10"
"3969","Calebasse Bosc","Peer","Beurre Bosc, Kaiser Alexander, Alexanderbirne, Kaiserkrone, Beurree d Apremont, Boscs Flaschenbirne","Handpeer","1887","Ja","Nee","Pyrus communis","https://deoerakker.cgn.wur.nl/or/detail.asp?Nr=3969","2026-09-10"
"3970","Calebasse de Nerckman","Peer","","","<1850","Nee","Nee","Pyrus communis","https://deoerakker.cgn.wur.nl/or/detail.asp?Nr=3970","2026-09-10"
"3971","Calebasse de Tirlemont","Peer","","Handpeer","Eind","Ja","Ja","Pyrus communis","https://deoerakker.cgn.wur.nl/or/detail.asp?Nr=3971","2026-09-10"
"3972","Callabas musque","Peer","Calbas Peer, Poire de Venus","","<1758","Nee","Nee","Pyrus communis","https://deoerakker.cgn.wur.nl/or/detail.asp?Nr=3972","2026-09-10"
"3973","Campanile","Peer","Klokkenpeer","","<1868","Nee","Nee","Pyrus communis","https://deoerakker.cgn.wur.nl/or/detail.asp?Nr=3973","2026-09-10"
"3974","Campernil","Peer","","","<1898","Nee","Nee","Pyrus communis","https://deoerakker.cgn.wur.nl/or/detail.asp?Nr=3974","2026-09-10"
"3975","Cassolette Muscat Vert","Peer","Tate Ribaut, Friolet, Poire de Sillebie, Verdasse","","<1850","Nee","Nee","Pyrus communis","https://deoerakker.cgn.wur.nl/or/detail.asp?Nr=3975","2026-09-10"
"3976","Catinka","Peer","","","<1850","Nee","Nee","Pyrus communis","https://deoerakker.cgn.wur.nl/or/detail.asp?Nr=3976","2026-09-10"
"3977","Chair a Dame","Peer","Chair a dame Ronde, Chair a Fille, Poire de Prince, Prince peer, Rousselet d'Anjou, Dubbele Muscadelle, Madera peer, Milan Rond","","<1850","Nee","Nee","Pyrus communis","https://deoerakker.cgn.wur.nl/or/detail.asp?Nr=3977","2026-09-10"
"3978","Chaptal","Peer","","","<1850","Nee","Nee","Pyrus communis","https://deoerakker.cgn.wur.nl/or/detail.asp?Nr=3978","2026-09-10"
"3979","Charlotte de Brouwer","Peer","","","<1850","Nee","Nee","Pyrus communis","https://deoerakker.cgn.wur.nl/or/detail.asp?Nr=3979","2026-09-10"
"3980","Chasserie","Peer","L'Echassery, Besy de Chassery, Besy de Landry, Besy d'Hery Landry, Verde Longue d'Hyver, Jagt Peer","","<1830","Nee","Nee","Pyrus communis","https://deoerakker.cgn.wur.nl/or/detail.asp?Nr=3980","2026-09-10"
"3981","Chat Brule","Peer","","","<1850","Nee","Nee","Pyrus communis","https://deoerakker.cgn.wur.nl/or/detail.asp?Nr=3981","2026-09-10"
"3982","Chaumontel","Peer","Besy de Chaumontel, Poire de Chaumontel, Beurre d'Hyver, Winter Beurre, Winter Boter Peer.","Handpeer","1660","Nee","Ja","Pyrus communis","https://deoerakker.cgn.wur.nl/or/detail.asp?Nr=3982","2026-09-10"
"3983","Chretien d'automme","Peer","Bon Chretien d'Espagne, Safran d'Automne, Gratiole d'Automne, de Janvry, President d'Espagne, Herfst Bon Chretien, Herfst Safraan Peer, Herfst Gratiole, van Dyks Peer","","<1758","Nee","Nee","Pyrus communis","https://deoerakker.cgn.wur.nl/or/detail.asp?Nr=3983","2026-09-10"
"3984","Citroenpeer","Peer","Zitronenbirne","","<1868","Nee","Ja","Pyrus communis","https://deoerakker.cgn.wur.nl/or/detail.asp?Nr=3984","2026-09-10"
"3985","Citron de Sirene","Peer","Citroen koleurspeer, Vroege Hagenaar, Vroege Wijnpeer, Vroege Katelijne, Abraham Katelijne, Citroenpeer, Sirenen Citroenpeer, Limon","","<1868","Nee","Nee","Pyrus communis","https://deoerakker.cgn.wur.nl/or/detail.asp?Nr=3985","2026-09-10"
"3986","Citron des Carmes","Peer","Sint Magdalene, Fransche Keizerin, Imperatrice, Grune Magdalene, Grune Sommer Magdalene, Glasbirn, Grune Margarethenbirn, Grosse fruhe Jacobibirn, Rose Angle Early, Petite Madeleine, Saint Jean","Handpeer","<1868","Ja","Ja","Pyrus communis","https://deoerakker.cgn.wur.nl/or/detail.asp?Nr=3986","2026-09-10"
"3987","Clapps Favorite","Peer","Clapp's Liebling, Clapp's Lieblingsbirn, Favorite de Clapp","Handpeer","<1876","Ja","Ja","Pyrus communis","https://deoerakker.cgn.wur.nl/or/detail.asp?Nr=3987","2026-09-10"
"3988","Close (Doctor)","Peer","","","<1850","Nee","Nee","Pyrus communis","https://deoerakker.cgn.wur.nl/or/detail.asp?Nr=3988","2026-09-10"
"3989","Colmar","Peer","Kolmer peer, Roskammer peer, Bergamotte Tardive, Poire Manne, Incomparable","","<1850","Nee","Nee","Pyrus communis","https://deoerakker.cgn.wur.nl/or/detail.asp?Nr=3989","2026-09-10"
"3990","Colmar","Peer","Roskammer, Kolmer peer, Roskammer peer, Bergamotte tardive, Poire Manne, Incomparable","","<1850","Nee","Nee","Pyrus communis","https://deoerakker.cgn.wur.nl/or/detail.asp?Nr=3990","2026-09-10"
"3991","Colmar Dore","Peer","","","<1850","Nee","Nee","Pyrus communis","https://deoerakker.cgn.wur.nl/or/detail.asp?Nr=3991","2026-09-10"
"3992","Coloma's Herbstbutterbirne","Peer","Urbaniste, Beurre Piquery, Louise d'Orleans, Saint Marc","","<1876","Nee","Ja","Pyrus communis","https://deoerakker.cgn.wur.nl/or/detail.asp?Nr=3992","2026-09-10"
"3993","Coloree de Juillet","Peer","Bunte Julibirne","Handpeer","<1887","Ja","Nee","Pyrus communis","https://deoerakker.cgn.wur.nl/or/detail.asp?Nr=3993","2026-09-10"
"3994","Columbia","Peer","","","<1887","Nee","Nee","Pyrus communis","https://deoerakker.cgn.wur.nl/or/detail.asp?Nr=3994","2026-09-10"
"3995","Comperette","Peer","Die Comperette, Die Ananasbirn, Ananas, Ananas d'Ete, Poire d'Ananas, Angleterre","","<1868","Nee","Nee","Pyrus communis","https://deoerakker.cgn.wur.nl/or/detail.asp?Nr=3995","2026-09-10"
"3996","Comte de Chambord","Peer","Comtese de Chambord","Handpeer","<1942","Ja","Nee","Pyrus communis","https://deoerakker.cgn.wur.nl/or/detail.asp?Nr=3996","2026-09-10"
"3997","Comte de Flandre","Peer","","","<1887","Nee","Nee","Pyrus communis","https://deoerakker.cgn.wur.nl/or/detail.asp?Nr=3997","2026-09-10"
"3998","Comtesse de Paris","Peer","Grafin von Paris","","Omst","Ja","Ja","Pyrus communis","https://deoerakker.cgn.wur.nl/or/detail.asp?Nr=3998","2026-09-10"
"3999","Conference","Peer","Konferenzbirne","Handpeer","1894","Ja","Ja","Pyrus communis","https://deoerakker.cgn.wur.nl/or/detail.asp?Nr=3999","2026-09-10"
"4000","Conseiller Aulique","Peer","","","<1850","Nee","Nee","Pyrus communis","https://deoerakker.cgn.wur.nl/or/detail.asp?Nr=4000","2026-09-10"
"4001","Conseiller de la cour","Peer","Duc d'Orleans, Marechal de cour, Bo de la cour, Beau de la cour, Grosse Marie, Marechal de la cour, Marechal Decours, Hofrathsbirne","Handpeer","1840","Ja","Ja","Pyrus communis","https://deoerakker.cgn.wur.nl/or/detail.asp?Nr=4001","2026-09-10"
"4002","Crassane Althorp","Peer","Althorp Crasanne, Althorp's Crasanne","","<1868","Ja","Nee","Pyrus communis","https://deoerakker.cgn.wur.nl/or/detail.asp?Nr=4002","2026-09-10"
"4003","Cuisse Madame","Peer","Poire de Rives, Poire de Fusce, Wadelbirne","","<1868","Nee","Ja","Pyrus communis","https://deoerakker.cgn.wur.nl/or/detail.asp?Nr=4003","2026-09-10"
"4004","Cure","Peer","Poire du Cure, de Clion, Monsieur, Monsieur le Cure, Bon Papa, Belle Andreine, Belle Adrianne, Belle Adrienne, Belle de Berry, Cueillette d'hiver, Belle Heloise, Grosse allongee, du Pradel, Vicar of Wakefield, Comice de Toulon, Vicar of Winkfield, Dumas, Paternoster, Anne du Bourg, Pastoorpeer","","<1868","Nee","Ja","Pyrus communis","https://deoerakker.cgn.wur.nl/or/detail.asp?Nr=4004","2026-09-10"
"4005","De Clion","Peer","","","<1868","Nee","Nee","Pyrus communis","https://deoerakker.cgn.wur.nl/or/detail.asp?Nr=4005","2026-09-10"
"4006","Delices de Chaumont","Peer","","","<1850","Nee","Nee","Pyrus communis","https://deoerakker.cgn.wur.nl/or/detail.asp?Nr=4006","2026-09-10"
"4007","Delices de Jodoigne","Peer","Jodoigner Lekkerbissen","","1826","Ja","Nee","Pyrus communis","https://deoerakker.cgn.wur.nl/or/detail.asp?Nr=4007","2026-09-10"
"4008","Delices de Lavien Jau","Peer","","","<1850","Nee","Nee","Pyrus communis","https://deoerakker.cgn.wur.nl/or/detail.asp?Nr=4008","2026-09-10"
"4009","Delices d'Hardonpont d'Angers","Peer","Fondante du Panisel, Delices d'Hardonpont","","<1887","Nee","Nee","Pyrus communis","https://deoerakker.cgn.wur.nl/or/detail.asp?Nr=4009","2026-09-10"
"4010","Des Chartriers","Peer","","","<1850","Nee","Nee","Pyrus communis","https://deoerakker.cgn.wur.nl/or/detail.asp?Nr=4010","2026-09-10"
"4011","Des deux Soeurs","Peer","Die Schwesterbirne, Deux Soeurs, Poire deux Soeurs","","<1868","Ja","Ja","Pyrus communis","https://deoerakker.cgn.wur.nl/or/detail.asp?Nr=4011","2026-09-10"
"4012","Desire Cornelis","Peer","Desire Cornelis, Docteur Cornelis","Handpeer","1858","Ja","Nee","Pyrus communis","https://deoerakker.cgn.wur.nl/or/detail.asp?Nr=4012","2026-09-10"
"4013","Diamant gris","Peer","","","<1898","Nee","Nee","Pyrus communis","https://deoerakker.cgn.wur.nl/or/detail.asp?Nr=4013","2026-09-10"
"4014","Directeur Hardy","Peer","","Handpeer","1893","Ja","Ja","Pyrus communis","https://deoerakker.cgn.wur.nl/or/detail.asp?Nr=4014","2026-09-10"
"4015","Dirkjes","Peer","Dirkjes peer","Stoofpeer","<1887","Ja","Ja","Pyrus communis","https://deoerakker.cgn.wur.nl/or/detail.asp?Nr=4015","2026-09-10"
"4016","Dodoigner Lekkerbissen","Peer","","","<1868","Nee","Nee","Pyrus communis","https://deoerakker.cgn.wur.nl/or/detail.asp?Nr=4016","2026-09-10"
"4017","Double Fleur","Peer","","","<1850","Nee","Nee","Pyrus communis","https://deoerakker.cgn.wur.nl/or/detail.asp?Nr=4017","2026-09-10"
"4018","Double Phillipe","Peer","","Handpeer","1800","Nee","Nee","Pyrus communis","https://deoerakker.cgn.wur.nl/or/detail.asp?Nr=4018","2026-09-10"
"4019","Doyenne d'Alen&#231;on","Peer","","Handpeer","<1905","Ja","Ja","Pyrus communis","https://deoerakker.cgn.wur.nl/or/detail.asp?Nr=4019","2026-09-10"
"4020","Doyenne de Juillet","Peer","Doyenne d'ete, Saint Michel d'ete, Leroi Jolimont, Poire de Juillet, Joli mont, Roi Jolimont, Summer Doyenne, Duchesse de Berry d'ete, Julius dechantsbirne","Handpeer","<1868","Nee","Ja","Pyrus communis","https://deoerakker.cgn.wur.nl/or/detail.asp?Nr=4020","2026-09-10"
"4021","Doyenne d'hiver","Peer","Easter Beurre, Bergamotte de Pentecote, Doyenne de printemps, Seigneur d'hiver, Bergamotte de Paques, Poire du Patre, Beurre Roupp, Canning d'hiver, Merveille de la Nature, Pastorale d'hiver, Pastorale de Louvain, Capucine de Louvain, Beurre d'Austerlitz, Soldat, Paddington, Philippe d'hiver, Philippe de Paques, Easter Beurre, Beurre de la Pentecote, Beurre d'Anglaise, Beurre de Paques, Beurre d'hiver de Bruxelles, Bergamotte d'hiver, Bergamotte tardive, Seigneur d'hiver, Besi Chaumontel tres gros, Chaumontel tres gros, Winterdechantsbirn, Grune Winter Herrnbirn, Lauers englische Osterbutterbirn, Hildesheimer Winterbergamotte, Pfingstbergamotte, Sylvagne d'hiver, Poire Anglaise, Bergamotte Crassane d'hiver","","","Ja","Ja","Pyrus communis","https://deoerakker.cgn.wur.nl/or/detail.asp?Nr=4021","2026-09-10"
"4022","Doyenne du Comice","Peer","Du Comice, Vereins Dechantsbirn","","1858","Ja","Ja","Pyrus communis","https://deoerakker.cgn.wur.nl/or/detail.asp?Nr=4022","2026-09-10"
"4023","Doyenne Galeux","Peer","","","<1850","Nee","Nee","Pyrus communis","https://deoerakker.cgn.wur.nl/or/detail.asp?Nr=4023","2026-09-10"
"4024","Doyenne Goubault","Peer","Goubaults Dechantsbirne, Goubaults Dechantsbirn","","","Nee","Nee","Pyrus communis","https://deoerakker.cgn.wur.nl/or/detail.asp?Nr=4024","2026-09-10"
"4025","Doyenne gris","Peer","Doyenne d'automne, Doyenne roux, Graue Dechantsbirne, Vergoldete weisse Butterbirne, Poire Crottee, Graue Dechantsbirne, Red Doyenne, Saint Michel gris","","<1887","Nee","Ja","Pyrus communis","https://deoerakker.cgn.wur.nl/or/detail.asp?Nr=4025","2026-09-10"
"4026","Doynene Defais","Peer","","","<1850","Nee","Nee","Pyrus communis","https://deoerakker.cgn.wur.nl/or/detail.asp?Nr=4026","2026-09-10"
"4027","Dr. Jules Guyot","Peer","","Handpeer","1870","Ja","Ja","Pyrus communis","https://deoerakker.cgn.wur.nl/or/detail.asp?Nr=4027","2026-09-10"
"4028","Dr. Trousseau","Peer","Belle d'Atout","","<1876","Nee","Nee","Pyrus communis","https://deoerakker.cgn.wur.nl/or/detail.asp?Nr=4028","2026-09-10"
"4029","Drielsche groene","Peer","","","<1887","Ja","Nee","Pyrus communis","https://deoerakker.cgn.wur.nl/or/detail.asp?Nr=4029","2026-09-10"
"4030","Dubbele Bergamot","Peer","Dubbelde Bergamot, Blanke Diamantpeer, Bergamotte d'Alen&#231;on, Prinsenpeer","","<1868","Ja","Nee","Pyrus communis","https://deoerakker.cgn.wur.nl/or/detail.asp?Nr=4030","2026-09-10"
"4031","Duc de Nemours","Peer","Herzog von Nemours, Walter Scott","","<1850","Nee","Ja","Pyrus communis","https://deoerakker.cgn.wur.nl/or/detail.asp?Nr=4031","2026-09-10"
"4032","Duchesse d'Angouleme","Peer","Des Eparonnais, de Pezenas, Duchesse d'Angouleme, Herzogin von Angouleme","Handpeer","1809","Ja","Ja","Pyrus communis","https://deoerakker.cgn.wur.nl/or/detail.asp?Nr=4032","2026-09-10"
"4033","Duchesse d'hiver","Peer","","","<1887","Nee","Nee","Pyrus communis","https://deoerakker.cgn.wur.nl/or/detail.asp?Nr=4033","2026-09-10"
"4034","Durandeau","Peer","De Tongres, Beurre Durandeau, Poire de Tongre, Birne von Tongres","Handpeer","1811","Ja","Ja","Pyrus communis","https://deoerakker.cgn.wur.nl/or/detail.asp?Nr=4034","2026-09-10"
"4035","Duverny","Peer","Duvernay","","<1850","Nee","Nee","Pyrus communis","https://deoerakker.cgn.wur.nl/or/detail.asp?Nr=4035","2026-09-10"
"4036","Eleonie Bouvier","Peer","","","<1868","Nee","Nee","Pyrus communis","https://deoerakker.cgn.wur.nl/or/detail.asp?Nr=4036","2026-09-10"
"4037","Emile d'Heyst","Peer","Heyst Emile'd, Emil Heyst","","1845","Ja","Ja","Pyrus communis","https://deoerakker.cgn.wur.nl/or/detail.asp?Nr=4037","2026-09-10"
"4038","Engelsche Koninginnepeer","Peer","","","<1850","Nee","Nee","Pyrus communis","https://deoerakker.cgn.wur.nl/or/detail.asp?Nr=4038","2026-09-10"
"4039","English Caillot Rosat","Peer","King Pear","","<1868","Nee","Ja","Pyrus communis","https://deoerakker.cgn.wur.nl/or/detail.asp?Nr=4039","2026-09-10"
"4040","Enkele Fransche Suikerpeer","Peer","","","<1898","Nee","Nee","Pyrus communis","https://deoerakker.cgn.wur.nl/or/detail.asp?Nr=4040","2026-09-10"
"4041","Epargne st Samson","Peer","Beau Present","","<1850","Nee","Nee","Pyrus communis","https://deoerakker.cgn.wur.nl/or/detail.asp?Nr=4041","2026-09-10"
"4042","Epine d'Ete Fondante","Peer","Musque, Saint vert","","<1850","Nee","Nee","Pyrus communis","https://deoerakker.cgn.wur.nl/or/detail.asp?Nr=4042","2026-09-10"
"4043","Epine du Mas","Peer","Belle epine Dumas, Colmar du Lot, Duc de Bordeaux, Dumas Herbstdorn, du Mas, du Mas de Rochefort, de Rochechouart, Epine de Rochois (Prevost), Epine de Rochoir, Belle Epine de Limoges, Limousine, Beurre St. Louis, Comte de Limoges, Emile de Rochois, Epine de Rochechouart","","<1868","Nee","Ja","Pyrus communis","https://deoerakker.cgn.wur.nl/or/detail.asp?Nr=4043","2026-09-10"
"4044","Epine Rose","Peer","","","<1850","Nee","Nee","Pyrus communis","https://deoerakker.cgn.wur.nl/or/detail.asp?Nr=4044","2026-09-10"
"4045","Esperine (van Mons)","Peer","","","<1850","Nee","Nee","Pyrus communis","https://deoerakker.cgn.wur.nl/or/detail.asp?Nr=4045","2026-09-10"
"4046","Eva Baltet","Peer","","Handpeer","1890","Ja","Ja","Pyrus communis","https://deoerakker.cgn.wur.nl/or/detail.asp?Nr=4046","2026-09-10"
"4047","Extra Nova van Mons","Peer","","","<1898","Nee","Nee","Pyrus communis","https://deoerakker.cgn.wur.nl/or/detail.asp?Nr=4047","2026-09-10"
"4048","Eyewood","Peer","Aquenwald","","<1876","Nee","Ja","Pyrus communis","https://deoerakker.cgn.wur.nl/or/detail.asp?Nr=4048","2026-09-10"
"4049","Fauce (de)","Peer","","","<1850","Nee","Nee","Pyrus communis","https://deoerakker.cgn.wur.nl/or/detail.asp?Nr=4049","2026-09-10"
"4050","Fertility improved","Peer","","","1927","Ja","Nee","Pyrus communis","https://deoerakker.cgn.wur.nl/or/detail.asp?Nr=4050","2026-09-10"
"4051","Fertillon","Peer","","Stoofpeer","1930","Ja","Nee","Pyrus communis","https://deoerakker.cgn.wur.nl/or/detail.asp?Nr=4051","2026-09-10"
"4052","Figue d'Alen&#231;on","Peer","Bonissime de la Sarthe, Figue d'hiver, Silvange d'hiver","","<1887","Nee","Ja","Pyrus communis","https://deoerakker.cgn.wur.nl/or/detail.asp?Nr=4052","2026-09-10"
"4053","Fils du Giffard","Peer","","Handpeer","<1931","Nee","Nee","Pyrus communis","https://deoerakker.cgn.wur.nl/or/detail.asp?Nr=4053","2026-09-10"
"4054","Fin or de Septembre","Peer","","","<1850","Nee","Nee","Pyrus communis","https://deoerakker.cgn.wur.nl/or/detail.asp?Nr=4054","2026-09-10"
"4055","Findling von Hohensaaten","Peer","","","1933","Nee","Nee","Pyrus communis","https://deoerakker.cgn.wur.nl/or/detail.asp?Nr=4055","2026-09-10"
"4056","Fleur de Neige","Peer","","","<1850","Nee","Nee","Pyrus communis","https://deoerakker.cgn.wur.nl/or/detail.asp?Nr=4056","2026-09-10"
"4057","Fondante","Peer","Fondante de Brest, Beurre Hatif, Beurre D'Aout Ronde, Coule Soif, Inconnue de Cheneau, Franc Royal d'Ete, Gros Michet d'Ete, Franse Kaneelpeer","","<1850","Nee","Nee","Pyrus communis","https://deoerakker.cgn.wur.nl/or/detail.asp?Nr=4057","2026-09-10"
"4058","Fondante de Charneu","Peer","Poire de Charneu, Fondante de Charneux, Belle excellente, Beurre des Charneuses, Desiree van Mons, Duc de Brabant, de Legipont, Miel de Waterloo, Jamin, Waterloo, Kostliche von Charneu, Doyenne Robin, Maria Stuart","Handpeer","1800","Ja","Ja","Pyrus communis","https://deoerakker.cgn.wur.nl/or/detail.asp?Nr=4058","2026-09-10"
"4059","Fondante de Millot","Peer","","","<1850","Nee","Nee","Pyrus communis","https://deoerakker.cgn.wur.nl/or/detail.asp?Nr=4059","2026-09-10"
"4060","Fondante de Septembre (van Mons)","Peer","","","<1850","Nee","Nee","Pyrus communis","https://deoerakker.cgn.wur.nl/or/detail.asp?Nr=4060","2026-09-10"
"4061","Fondante des Bois","Peer","Bospeer, Holzfarbige Butterbirne, Belle de Flandre, Flemish Beauty, Holzfarbige Butterbirn, Verlaine d'ete, Liegers Dechants birn, Beurre Davy, Beurre Deftinghem","Handpeer","1887","Ja","Ja","Pyrus communis","https://deoerakker.cgn.wur.nl/or/detail.asp?Nr=4061","2026-09-10"
"4062","Fondante Thirriot","Peer","Fondante Thiriot, Triomphe des Ardennes","Handpeer","1858","Ja","Ja","Pyrus communis","https://deoerakker.cgn.wur.nl/or/detail.asp?Nr=4062","2026-09-10"
"4063","Foppenpeer","Peer","Fasenpeer, Vexierbirne, Poire de la Force, Sirooppeer","Stoofpeer","<1868","Ja","Nee","Pyrus communis","https://deoerakker.cgn.wur.nl/or/detail.asp?Nr=4063","2026-09-10"
"4064","Forellenpeer","Peer","Forellenbirn, Poire truitee, Trout, Truit, Petit Corail, Corail, Corail, Forelle, Corille","","<1868","Ja","Ja","Pyrus communis","https://deoerakker.cgn.wur.nl/or/detail.asp?Nr=4064","2026-09-10"
"4065","Franpigane","Peer","","","<1850","Nee","Ja","Pyrus communis","https://deoerakker.cgn.wur.nl/or/detail.asp?Nr=4065","2026-09-10"
"4066","Fransche Zottebel","Peer","","","<1830","Nee","Nee","Pyrus communis","https://deoerakker.cgn.wur.nl/or/detail.asp?Nr=4066","2026-09-10"
"4067","Franse wijnpeer","Peer","Calebasse a la Reine","","<1983","Ja","Nee","Pyrus communis","https://deoerakker.cgn.wur.nl/or/detail.asp?Nr=4067","2026-09-10"
"4068","Frederic van Wurtemberg","Peer","Medaille d'or, Frederic de Wurtemberg, Herbstsylvester, Konig von Wurttemberg, Sylvestre d'hiver, Sylvestre d'automne","","<1868","Nee","Ja","Pyrus communis","https://deoerakker.cgn.wur.nl/or/detail.asp?Nr=4068","2026-09-10"
"4069","Frontignac peer","Peer","","","<1850","Nee","Nee","Pyrus communis","https://deoerakker.cgn.wur.nl/or/detail.asp?Nr=4069","2026-09-10"
"4070","Gaillot Rosat","Peer","English Gaillot Rosat, King Pear","","<1868","Nee","Nee","Pyrus communis","https://deoerakker.cgn.wur.nl/or/detail.asp?Nr=4070","2026-09-10"
"4071","General Dutilleul (Bivort)","Peer","","","<1850","Nee","Nee","Pyrus communis","https://deoerakker.cgn.wur.nl/or/detail.asp?Nr=4071","2026-09-10"
"4072","General Todtleben","Peer","","","<1887","Ja","Ja","Pyrus communis","https://deoerakker.cgn.wur.nl/or/detail.asp?Nr=4072","2026-09-10"
"4073","Gieser Wildemans","Peer","Gieser Wildeman, Giesser Wildemanspeer, Agaathpeer, Wildemanspeer","Stoofpeer","<1876","Ja","Ja","Pyrus communis","https://deoerakker.cgn.wur.nl/or/detail.asp?Nr=4073","2026-09-10"
"4074","Gile o Gile","Peer","Gros Gobet","","<1850","Nee","Nee","Pyrus communis","https://deoerakker.cgn.wur.nl/or/detail.asp?Nr=4074","2026-09-10"
"4075","Goudbal","Peer","","","<1830","Ja","Nee","Pyrus communis","https://deoerakker.cgn.wur.nl/or/detail.asp?Nr=4075","2026-09-10"
"4076","Gracioli de Jersey","Peer","","","<1887","Nee","Nee","Pyrus communis","https://deoerakker.cgn.wur.nl/or/detail.asp?Nr=4076","2026-09-10"
"4077","Granaat Peer","Peer","Bloed Peer, Sanguinole","","<1758","Ja","Nee","Pyrus communis","https://deoerakker.cgn.wur.nl/or/detail.asp?Nr=4077","2026-09-10"
"4078","Grande Bretagne","Peer","","","<1898","Nee","Nee","Pyrus communis","https://deoerakker.cgn.wur.nl/or/detail.asp?Nr=4078","2026-09-10"
"4079","Grauwe Beurre","Peer","","","<1830","Nee","Nee","Pyrus communis","https://deoerakker.cgn.wur.nl/or/detail.asp?Nr=4079","2026-09-10"
"4080","Grauwe Suiker Peer","Peer","Suikerey grauwe","","<1758","Nee","Nee","Pyrus communis","https://deoerakker.cgn.wur.nl/or/detail.asp?Nr=4080","2026-09-10"
"4081","Groninger juttepeer","Peer","","Handpeer","1943","Nee","Nee","Pyrus communis","https://deoerakker.cgn.wur.nl/or/detail.asp?Nr=4081","2026-09-10"
"4082","Gros Blanquet","Peer","Kortstelige Suiker Peer, Blanquet a courte queue, Gros Blanquet, Grote Blanket, Blanchette, Muscat d'Anjou, Suikerey kortstelig","","<1758","Nee","Ja","Pyrus communis","https://deoerakker.cgn.wur.nl/or/detail.asp?Nr=4082","2026-09-10"
"4083","Gros Hativeau","Peer","Hativeau","","<1850","Nee","Nee","Pyrus communis","https://deoerakker.cgn.wur.nl/or/detail.asp?Nr=4083","2026-09-10"
"4084","Gros Rousselet d'Aout","Peer","","","<1876","Nee","Nee","Pyrus communis","https://deoerakker.cgn.wur.nl/or/detail.asp?Nr=4084","2026-09-10"
"4085","Grosse Angleterre de Noisette","Peer","","","<1850","Nee","Nee","Pyrus communis","https://deoerakker.cgn.wur.nl/or/detail.asp?Nr=4085","2026-09-10"
"4086","Hallamine","Peer","Hallemine Bonne, Ongeente Peer","","<1758","Nee","Nee","Pyrus communis","https://deoerakker.cgn.wur.nl/or/detail.asp?Nr=4086","2026-09-10"
"4087","Heerepeer","Peer","Stichtsche Heerepeer, Stichtsche","Stoofpeer","<1887","Ja","Nee","Pyrus communis","https://deoerakker.cgn.wur.nl/or/detail.asp?Nr=4087","2026-09-10"
"4088","Herfst Citroen peer","Peer","","","<1830","Nee","Nee","Pyrus communis","https://deoerakker.cgn.wur.nl/or/detail.asp?Nr=4088","2026-09-10"
"4089","Herfst of late Bergamot","Peer","Bergamotte D'Automne, Hollandse Bergamot, Sappig groentje, Maatjes peer, Heere peer","","<1850","Ja","Nee","Pyrus communis","https://deoerakker.cgn.wur.nl/or/detail.asp?Nr=4089","2026-09-10"
"4090","Herfst Suikerpeer","Peer","","","<1898","Nee","Nee","Pyrus communis","https://deoerakker.cgn.wur.nl/or/detail.asp?Nr=4090","2026-09-10"
"4091","Herfstpeer van Geulle","Peer","","","<1983","Nee","Nee","Pyrus communis","https://deoerakker.cgn.wur.nl/or/detail.asp?Nr=4091","2026-09-10"
"4092","Herzogin Elsa","Peer","Duchesse Elsa","Handpeer","1885","Ja","Ja","Pyrus communis","https://deoerakker.cgn.wur.nl/or/detail.asp?Nr=4092","2026-09-10"
"4093","Hoelanger hoe liever","Peer","Schone vrouwen peer, Hoere peer, Tijsjes Peer","","<1850","Nee","Nee","Pyrus communis","https://deoerakker.cgn.wur.nl/or/detail.asp?Nr=4093","2026-09-10"
"4094","Honigpeer","Peer","Honigbirne, Honig Birnen","Handpeer","<1830","Nee","Ja","Pyrus communis","https://deoerakker.cgn.wur.nl/or/detail.asp?Nr=4094","2026-09-10"
"4095","Howell","Peer","","","<1887","Nee","Nee","Pyrus communis","https://deoerakker.cgn.wur.nl/or/detail.asp?Nr=4095","2026-09-10"
"4096","Huijshe's Prince of Wales","Peer","","","<1887","Nee","Nee","Pyrus communis","https://deoerakker.cgn.wur.nl/or/detail.asp?Nr=4096","2026-09-10"
"4097","Huyshe's Prince Consort","Peer","Huishe's Prince Consort","","<1876","Ja","Nee","Pyrus communis","https://deoerakker.cgn.wur.nl/or/detail.asp?Nr=4097","2026-09-10"
"4098","Huyshe's Victoria","Peer","Victoria (Huyshe's)","Handpeer","<1887","Nee","Ja","Pyrus communis","https://deoerakker.cgn.wur.nl/or/detail.asp?Nr=4098","2026-09-10"
"4099","IJsbout","Peer","","Stoofpeer","16e","Ja","Nee","Pyrus communis","https://deoerakker.cgn.wur.nl/or/detail.asp?Nr=4099","2026-09-10"
"4100","Ijsendijker","Peer","Baden peer","","<1830","Nee","Nee","Pyrus communis","https://deoerakker.cgn.wur.nl/or/detail.asp?Nr=4100","2026-09-10"
"4101","Imperiale a Feuilles de Chene","Peer","","","<1850","Nee","Nee","Pyrus communis","https://deoerakker.cgn.wur.nl/or/detail.asp?Nr=4101","2026-09-10"
"4102","Isambert","Peer","Ysambert, Beurre Rouge, Beurre Roux, Beurre d'Or, Beurre d'Anjou, Beurre d'Amboise, Ysambert Lebon, Gisambert, Rode Boterpeer, Rosse Boterpeer","","<1850","Nee","Ja","Pyrus communis","https://deoerakker.cgn.wur.nl/or/detail.asp?Nr=4102","2026-09-10"
"4103","Jalouisie","Peer","","","<1850","Nee","Nee","Pyrus communis","https://deoerakker.cgn.wur.nl/or/detail.asp?Nr=4103","2026-09-10"
"4104","Jalousie de Fontenay,","Peer","Poire de Fontenay, Vendee, Birn von Fontenay, Jalousie de Fontenay Vendee, Belle d'Esquermes","","<1868","Nee","Nee","Pyrus communis","https://deoerakker.cgn.wur.nl/or/detail.asp?Nr=4104","2026-09-10"
"4105","Jaminette","Peer","Poire Sabine","","<1850","Nee","Nee","Pyrus communis","https://deoerakker.cgn.wur.nl/or/detail.asp?Nr=4105","2026-09-10"
"4106","Janbaasje","Peer","Jan Baas, Janbaas","Stoofpeer","<1931","Ja","Nee","Pyrus communis","https://deoerakker.cgn.wur.nl/or/detail.asp?Nr=4106","2026-09-10"
"4107","Jargonelle (Engelsche)","Peer","Brusselsche peer, Madame de France, Beurre d'Aout, Lange Lijsje, Sparbirn, Epargne, Beau present d'Ete, Poire Madame, Belle Vierge, Beurre de Paris, Chopine, de Fosse, Sweet Summer, Saint Lambert, St. Samson, Grosse Kaiserin, Supreme, Lange Lijs","Handpeer","<1868","Ja","Ja","Pyrus communis","https://deoerakker.cgn.wur.nl/or/detail.asp?Nr=4107","2026-09-10"
"4108","Jaure (Saint)","Peer","","","<1850","Nee","Nee","Pyrus communis","https://deoerakker.cgn.wur.nl/or/detail.asp?Nr=4108","2026-09-10"
"4109","Jeanne d'Arc","Peer","","Handpeer","1893","Ja","Ja","Pyrus communis","https://deoerakker.cgn.wur.nl/or/detail.asp?Nr=4109","2026-09-10"
"4110","Jefferson (van Mons)","Peer","","","<1850","Nee","Nee","Pyrus communis","https://deoerakker.cgn.wur.nl/or/detail.asp?Nr=4110","2026-09-10"
"4111","Jodepeer","Peer","Blanke Sistermijn, Jodenpeer, Louise Bonne Duhamel, Amsterdamse Suikerpeer","Handpeer","<1942","Ja","Nee","Pyrus communis","https://deoerakker.cgn.wur.nl/or/detail.asp?Nr=4111","2026-09-10"
"4112","Josephine de Malines","Peer","Josephine aus Mechelen, Winterkonigin, K&#248;onigliche Winterbirne","","1830","Ja","Ja","Pyrus communis","https://deoerakker.cgn.wur.nl/or/detail.asp?Nr=4112","2026-09-10"
"4113","Juive (La)","Peer","","","<1850","Nee","Nee","Pyrus communis","https://deoerakker.cgn.wur.nl/or/detail.asp?Nr=4113","2026-09-10"
"4114","Jules d'Airoles","Peer","Jules d'Airolles","Handpeer","<1931","Ja","Ja","Pyrus communis","https://deoerakker.cgn.wur.nl/or/detail.asp?Nr=4114","2026-09-10"
"4115","Jut","Peer","Juttepeer","Handpeer","Zeer","Ja","Nee","Pyrus communis","https://deoerakker.cgn.wur.nl/or/detail.asp?Nr=4115","2026-09-10"
"4116","Kampervenus","Peer","Kamperveen","Stoofpeer","<1887","Ja","Nee","Pyrus communis","https://deoerakker.cgn.wur.nl/or/detail.asp?Nr=4116","2026-09-10"
"4117","Keizerin (enkelde)","Peer","Zoete Keizerin, Lange Keizerin, Grote Kalmer, Kalmer Peer van Danzig, Danziger Peer, Dubbelde Keizerin, Witte Keizerin, Commandeurs Peer, Kolmer","","<1758","Ja","Nee","Pyrus communis","https://deoerakker.cgn.wur.nl/or/detail.asp?Nr=4117","2026-09-10"
"4118","Kleermaker","Peer","Winterjut","","1927","Ja","Nee","Pyrus communis","https://deoerakker.cgn.wur.nl/or/detail.asp?Nr=4118","2026-09-10"
"4119","Knigt's Monarch","Peer","","","<1887","Nee","Nee","Pyrus communis","https://deoerakker.cgn.wur.nl/or/detail.asp?Nr=4119","2026-09-10"
"4120","Kreeftenpeer","Peer","Dubbele Kreeftpeer, Double de Guerre","","1936","Ja","Ja","Pyrus communis","https://deoerakker.cgn.wur.nl/or/detail.asp?Nr=4120","2026-09-10"
"4121","Kriekenpeer","Peer","","","1888","Nee","Nee","Pyrus communis","https://deoerakker.cgn.wur.nl/or/detail.asp?Nr=4121","2026-09-10"
"4122","Kruidenierspeer","Peer","Oomskinderenpeer","Handpeer","1918","Ja","Nee","Pyrus communis","https://deoerakker.cgn.wur.nl/or/detail.asp?Nr=4122","2026-09-10"
"4123","La Belgique","Peer","","Handpeer","<1931","Nee","Nee","Pyrus communis","https://deoerakker.cgn.wur.nl/or/detail.asp?Nr=4123","2026-09-10"
"4124","La France","Peer","","Handpeer","<1931","Nee","Ja","Pyrus communis","https://deoerakker.cgn.wur.nl/or/detail.asp?Nr=4124","2026-09-10"
"4125","Lange Gratiole","Peer","Lange Gratiool","","<1868","Ja","Nee","Pyrus communis","https://deoerakker.cgn.wur.nl/or/detail.asp?Nr=4125","2026-09-10"
"4126","Lange Perzikpeer","Peer","","","<1887","Ja","Nee","Pyrus communis","https://deoerakker.cgn.wur.nl/or/detail.asp?Nr=4126","2026-09-10"
"4127","Langstaart","Peer","Rottestaart, Langstiel","","<1758","Nee","Ja","Pyrus communis","https://deoerakker.cgn.wur.nl/or/detail.asp?Nr=4127","2026-09-10"
"4128","Langsteelde winter Bergamotte","Peer","","","","Nee","Nee","Pyrus communis","https://deoerakker.cgn.wur.nl/or/detail.asp?Nr=4128","2026-09-10"
"4129","Lansac","Peer","","","<1850","Nee","Nee","Pyrus communis","https://deoerakker.cgn.wur.nl/or/detail.asp?Nr=4129","2026-09-10"
"4130","Laxton's Superb","Peer","","Handpeer","<1942","Nee","Ja","Pyrus communis","https://deoerakker.cgn.wur.nl/or/detail.asp?Nr=4130","2026-09-10"
"4131","Le Lectier","Peer","","Handpeer","1882","Ja","Ja","Pyrus communis","https://deoerakker.cgn.wur.nl/or/detail.asp?Nr=4131","2026-09-10"
"4132","Legipond Fond de Charneux","Peer","","","1936","Nee","Nee","Pyrus communis","https://deoerakker.cgn.wur.nl/or/detail.asp?Nr=4132","2026-09-10"
"4133","Legipont","Peer","Fondante de Charneau, Waterloo, Miel de Waterloo, Duc de Brabant, Burgermeisterbirne, Kostliche von Charneu, Fondante Charneuse, de Charneu, Desiree","Handpeer","1800","Ja","Ja","Pyrus communis","https://deoerakker.cgn.wur.nl/or/detail.asp?Nr=4133","2026-09-10"
"4134","Leon Le Clerc","Peer","","","<1850","Nee","Nee","Pyrus communis","https://deoerakker.cgn.wur.nl/or/detail.asp?Nr=4134","2026-09-10"
"4135","Leon Leclercq","Peer","","","<1898","Nee","Nee","Pyrus communis","https://deoerakker.cgn.wur.nl/or/detail.asp?Nr=4135","2026-09-10"
"4136","Leon Pon&#231;aint","Peer","","","1936","Nee","Nee","Pyrus communis","https://deoerakker.cgn.wur.nl/or/detail.asp?Nr=4136","2026-09-10"
"4137","Leopold","Peer","","Handpeer","1800","Nee","Nee","Pyrus communis","https://deoerakker.cgn.wur.nl/or/detail.asp?Nr=4137","2026-09-10"
"4138","Leurs","Peer","","","<1850","Nee","Nee","Pyrus communis","https://deoerakker.cgn.wur.nl/or/detail.asp?Nr=4138","2026-09-10"
"4139","Lezain (St)","Peer","","","<1850","Nee","Nee","Pyrus communis","https://deoerakker.cgn.wur.nl/or/detail.asp?Nr=4139","2026-09-10"
"4140","Liegels Winterbutterbirn","Peer","Liegels Butterbirne, Kopertsche furstliche Tafelbirn, Winterhuberin, Weinhuberin, Graf Sternbergs Winterbutterbirn, Postelbergerbirn, Furst Schwarzenberg, Bischoff Milde, Poire unique musquee, Herzogin Caroline Amalia, Coloma's Kostliche, Supreme Coloma, Winter Muscateller, Princiere, Wussin's Butterbirn, Kopitsche Birn, Weinhuber Birn, Beurre Fischer, Beurre Liegel, Poire princiere de Kopetsch, Kopertscher","","<1868","Ja","Ja","Pyrus communis","https://deoerakker.cgn.wur.nl/or/detail.asp?Nr=4140","2026-09-10"
"4141","Louis Gregoire (M. Gregoire)","Peer","","","<1850","Nee","Ja","Pyrus communis","https://deoerakker.cgn.wur.nl/or/detail.asp?Nr=4141","2026-09-10"
"4142","Louise Bonne Sannier","Peer","","Handpeer","1868","Nee","Ja","Pyrus communis","https://deoerakker.cgn.wur.nl/or/detail.asp?Nr=4142","2026-09-10"
"4143","Louise de Russe","Peer","","","<1876","Nee","Nee","Pyrus communis","https://deoerakker.cgn.wur.nl/or/detail.asp?Nr=4143","2026-09-10"
"4144","Louise Dupont","Peer","","","<1876","Nee","Nee","Pyrus communis","https://deoerakker.cgn.wur.nl/or/detail.asp?Nr=4144","2026-09-10"
"4145","Louwtjes Peer","Peer","Bruine Louwtjes Peer, Winterlouwtje, Late Groentjes, Rosmarin Birne, Stergonette","Stoofpeer","<1758","Ja","Nee","Pyrus communis","https://deoerakker.cgn.wur.nl/or/detail.asp?Nr=4145","2026-09-10"
"4146","Lucne Hative","Peer","","","<1850","Nee","Nee","Pyrus communis","https://deoerakker.cgn.wur.nl/or/detail.asp?Nr=4146","2026-09-10"
"4147","Maagdenpeer","Peer","Maagdepeer","","1887","Ja","Nee","Pyrus communis","https://deoerakker.cgn.wur.nl/or/detail.asp?Nr=4147","2026-09-10"
"4148","Madame Bonnefond","Peer","Madame Bonneford","Handpeer","1848","Ja","Ja","Pyrus communis","https://deoerakker.cgn.wur.nl/or/detail.asp?Nr=4148","2026-09-10"
"4149","Madame Delmotte","Peer","","","<1887","Nee","Nee","Pyrus communis","https://deoerakker.cgn.wur.nl/or/detail.asp?Nr=4149","2026-09-10"
"4150","Madame Durieux (Bivort)","Peer","","","<1850","Nee","Nee","Pyrus communis","https://deoerakker.cgn.wur.nl/or/detail.asp?Nr=4150","2026-09-10"
"4151","Madame Gregoire","Peer","","Handpeer","1860","Ja","Nee","Pyrus communis","https://deoerakker.cgn.wur.nl/or/detail.asp?Nr=4151","2026-09-10"
"4152","Madame Treijve (Souvenir de)","Peer","Souvenir de Madame Treijve, Madame Treyve","","1858","Nee","Ja","Pyrus communis","https://deoerakker.cgn.wur.nl/or/detail.asp?Nr=4152","2026-09-10"
"4153","Madame von Siebold","Peer","","","<1876","Nee","Nee","Pyrus communis","https://deoerakker.cgn.wur.nl/or/detail.asp?Nr=4153","2026-09-10"
"4154","Mal Connaitre","Peer","","","<1850","Nee","Nee","Pyrus communis","https://deoerakker.cgn.wur.nl/or/detail.asp?Nr=4154","2026-09-10"
"4155","Mansuette","Peer","","","<1850","Nee","Nee","Pyrus communis","https://deoerakker.cgn.wur.nl/or/detail.asp?Nr=4155","2026-09-10"
"4156","Marechal d'Orleans","Peer","Marechal d'Orleans","","<1830","Nee","Nee","Pyrus communis","https://deoerakker.cgn.wur.nl/or/detail.asp?Nr=4156","2026-09-10"
"4157","Marguerite Marillat","Peer","","Handpeer","1870","Ja","Nee","Pyrus communis","https://deoerakker.cgn.wur.nl/or/detail.asp?Nr=4157","2026-09-10"
"4158","Marie Guisse","Peer","","","<1887","Nee","Nee","Pyrus communis","https://deoerakker.cgn.wur.nl/or/detail.asp?Nr=4158","2026-09-10"
"4159","Marie Louise","Peer","Marie Louise Duquesne, Marie Louise Nouvelle, Von Humboldts Butterbirne, Braddick's Field Standard, Marie Chretienne, Marie Louise Delcourt, Napoleon III, Princesse de Parme, van Donckelaar, Marie Louise nova","Handpeer","1809","Ja","Ja","Pyrus communis","https://deoerakker.cgn.wur.nl/or/detail.asp?Nr=4159","2026-09-10"
"4160","Marie Louise d'Uccle","Peer","","","<1887","Nee","Nee","Pyrus communis","https://deoerakker.cgn.wur.nl/or/detail.asp?Nr=4160","2026-09-10"
"4161","Mariquise","Peer","Markiezinne Peer","","<1850","Nee","Nee","Pyrus communis","https://deoerakker.cgn.wur.nl/or/detail.asp?Nr=4161","2026-09-10"
"4162","Marquis d'Hem","Peer","Poire sans peau d'Ete, Peer zonder Schil, Fleur de Guinge, Rousselet hatif, Vroege Rousselet","","<1758","Nee","Nee","Pyrus communis","https://deoerakker.cgn.wur.nl/or/detail.asp?Nr=4162","2026-09-10"
"4163","Martin Sec (d'hiver)","Peer","Martin Sec de Provence, Martin Sec de Champagne","","<1850","Nee","Ja","Pyrus communis","https://deoerakker.cgn.wur.nl/or/detail.asp?Nr=4163","2026-09-10"
"4164","Martin Sibe","Peer","De Bonville","","<1850","Nee","Nee","Pyrus communis","https://deoerakker.cgn.wur.nl/or/detail.asp?Nr=4164","2026-09-10"
"4165","Melle Solange","Peer","","","1888","Nee","Nee","Pyrus communis","https://deoerakker.cgn.wur.nl/or/detail.asp?Nr=4165","2026-09-10"
"4166","Meloen peer","Peer","","","<1898","Nee","Nee","Pyrus communis","https://deoerakker.cgn.wur.nl/or/detail.asp?Nr=4166","2026-09-10"
"4167","Merveille D'Hiver","Peer","","","<1850","Nee","Nee","Pyrus communis","https://deoerakker.cgn.wur.nl/or/detail.asp?Nr=4167","2026-09-10"
"4168","Messire Jean (gris en dore)","Peer","Gris en dore","","<1850","Nee","Ja","Pyrus communis","https://deoerakker.cgn.wur.nl/or/detail.asp?Nr=4168","2026-09-10"
"4169","Mignonne D'Hiver (Bivort)","Peer","","","<1850","Nee","Nee","Pyrus communis","https://deoerakker.cgn.wur.nl/or/detail.asp?Nr=4169","2026-09-10"
"4170","Mikado","Peer","","","<1876","Nee","Nee","Pyrus communis","https://deoerakker.cgn.wur.nl/or/detail.asp?Nr=4170","2026-09-10"
"4171","Millot de Nancy","Peer","","","<1850","Nee","Nee","Pyrus communis","https://deoerakker.cgn.wur.nl/or/detail.asp?Nr=4171","2026-09-10"
"4172","Minister dr. Lu&#231;ius","Peer","","Handpeer","<1931","Ja","Ja","Pyrus communis","https://deoerakker.cgn.wur.nl/or/detail.asp?Nr=4172","2026-09-10"
"4173","Mooi Neeltje","Peer","Moye Neeltje, Belle Fille, Belle Pucelle, Wolfspeer, Schone vrouwenpeer, Hoe langer hoe liever, Schone Madchenbirne","Handpeer","<1758","Ja","Nee","Pyrus communis","https://deoerakker.cgn.wur.nl/or/detail.asp?Nr=4173","2026-09-10"
"4174","Mouille bouche d'ete","Peer","Runde Mundnetzbirn, Sommerdechantsbirn, Mouillebouche ronde, Comtesse de Lunay, Doyenne dore et musque, Poire de Bouchet, Beurre blanc d'ete, Bergamotte d'ete, Beurre blanc, Beurre d'ete, Milan blanc, Milan de Beuvriere, Franc Real d'ete, Girardine a Bourdeaux, Colmar Bonnet, Clara, Gros Misset d'ete, Royale, Coule Soif (merlet), Hativeau blanc, Grosse Mouille Bouche","","<1868","Ja","Nee","Pyrus communis","https://deoerakker.cgn.wur.nl/or/detail.asp?Nr=4174","2026-09-10"
"4175","Muscadel peer","Peer","","","<1898","Nee","Nee","Pyrus communis","https://deoerakker.cgn.wur.nl/or/detail.asp?Nr=4175","2026-09-10"
"4176","Muscat","Peer","","","<1887","Nee","Ja","Pyrus communis","https://deoerakker.cgn.wur.nl/or/detail.asp?Nr=4176","2026-09-10"
"4177","Muscat (Petit)","Peer","Petit Musque d'Orleans, Muscadille. Muscadel Peer. Sept en Gueule, Seven op eenen","","<1758","Nee","Nee","Pyrus communis","https://deoerakker.cgn.wur.nl/or/detail.asp?Nr=4177","2026-09-10"
"4178","Muscat Fleury","Peer","Muskat a Longue Queue D'Automne","","<1850","Nee","Nee","Pyrus communis","https://deoerakker.cgn.wur.nl/or/detail.asp?Nr=4178","2026-09-10"
"4179","Muscat L'Allemand","Peer","","","<1850","Nee","Nee","Pyrus communis","https://deoerakker.cgn.wur.nl/or/detail.asp?Nr=4179","2026-09-10"
"4180","Muscat Robert","Peer","Grand Muscat, Gros Musque, Poire a la Reine (de France), Gezegende Peer, Poire d'Ambre, la Princesse, Pucelle de Xaintogne","","<1758","Nee","Nee","Pyrus communis","https://deoerakker.cgn.wur.nl/or/detail.asp?Nr=4180","2026-09-10"
"4181","Napels (De)","Peer","","","<1850","Nee","Nee","Pyrus communis","https://deoerakker.cgn.wur.nl/or/detail.asp?Nr=4181","2026-09-10"
"4182","Nec plus Meuris","Peer","Ne plus Meuris, Beurre d'Anjou, Die Winter Meuris","","<1868","Ja","Ja","Pyrus communis","https://deoerakker.cgn.wur.nl/or/detail.asp?Nr=4182","2026-09-10"
"4183","Nectarine","Peer","","","<1850","Nee","Ja","Pyrus communis","https://deoerakker.cgn.wur.nl/or/detail.asp?Nr=4183","2026-09-10"
"4184","Nieuwe Jut","Peer","","","1933","Nee","Nee","Pyrus communis","https://deoerakker.cgn.wur.nl/or/detail.asp?Nr=4184","2026-09-10"
"4185","Nonne (De)","Peer","","","<1850","Nee","Nee","Pyrus communis","https://deoerakker.cgn.wur.nl/or/detail.asp?Nr=4185","2026-09-10"
"4186","Noord Hollandse Suikerpeer","Peer","","Handpeer","<1931","Ja","Nee","Pyrus communis","https://deoerakker.cgn.wur.nl/or/detail.asp?Nr=4186","2026-09-10"
"4187","Nouveau Bouvier","Peer","","","<1850","Nee","Nee","Pyrus communis","https://deoerakker.cgn.wur.nl/or/detail.asp?Nr=4187","2026-09-10"
"4188","Nouveau Poiteau","Peer","Retour de Rome, Tombe de l'Amateur, Neue Poiteau","Handpeer","<1887","Ja","Ja","Pyrus communis","https://deoerakker.cgn.wur.nl/or/detail.asp?Nr=4188","2026-09-10"
"4189","Nouvelle Fulvie","Peer","Neue Vulvie, Fulvie Gregoire, belle de Jarnac","Handpeer","1864","Ja","Ja","Pyrus communis","https://deoerakker.cgn.wur.nl/or/detail.asp?Nr=4189","2026-09-10"
"4190","Oignonnet","Peer","Oignonnet musque Admiret Roux, Roi d'Ete, Poire de Cypre","","<1758","Nee","Nee","Pyrus communis","https://deoerakker.cgn.wur.nl/or/detail.asp?Nr=4190","2026-09-10"
"4191","Olivier des Serres","Peer","","Handpeer","<1931","Ja","Ja","Pyrus communis","https://deoerakker.cgn.wur.nl/or/detail.asp?Nr=4191","2026-09-10"
"4192","Oom's kind","Peer","Oomsklnderenpeer, Kruidenierspeer","","<1887","Ja","Ja","Pyrus communis","https://deoerakker.cgn.wur.nl/or/detail.asp?Nr=4192","2026-09-10"
"4193","Orange Musquee","Peer","Orange Musquee dEte, Orange Commune, Petit Orange, Orange Ronde, Orange Grise","","<1850","Nee","Nee","Pyrus communis","https://deoerakker.cgn.wur.nl/or/detail.asp?Nr=4193","2026-09-10"
"4194","Orange Rouge","Peer","Roode Orange peer, Gros musc, Musc D' ete Rouge","","<1850","Nee","Nee","Pyrus communis","https://deoerakker.cgn.wur.nl/or/detail.asp?Nr=4194","2026-09-10"
"4195","Osband's Summer","Peer","","","<1876","Nee","Nee","Pyrus communis","https://deoerakker.cgn.wur.nl/or/detail.asp?Nr=4195","2026-09-10"
"4196","Pannekoekpeer","Peer","","","Zeer","Nee","Nee","Pyrus communis","https://deoerakker.cgn.wur.nl/or/detail.asp?Nr=4196","2026-09-10"
"4197","Parfum d'Ete","Peer","Poire de Berny","","<1758","Ja","Nee","Pyrus communis","https://deoerakker.cgn.wur.nl/or/detail.asp?Nr=4197","2026-09-10"
"4198","Parfum d'Ete","Peer","Parfum d'Aout, Poire de Berny","","<1850","Nee","Nee","Pyrus communis","https://deoerakker.cgn.wur.nl/or/detail.asp?Nr=4198","2026-09-10"
"4199","Passe Colmar","Peer","Regentin, Passe Colmar epineux, Passe Colmar superfin, Colmar Preul, Argenson, Colmar gris, Imperatrice","","1758","Ja","Ja","Pyrus communis","https://deoerakker.cgn.wur.nl/or/detail.asp?Nr=4199","2026-09-10"
"4200","Passe Colmar Nouveau (Bouvier)","Peer","","","<1850","Nee","Nee","Pyrus communis","https://deoerakker.cgn.wur.nl/or/detail.asp?Nr=4200","2026-09-10"
"4201","Passe Crassane","Peer","Die neue Crasanne, Edel Crasanne","Handpeer","1845","Ja","Ja","Pyrus communis","https://deoerakker.cgn.wur.nl/or/detail.asp?Nr=4201","2026-09-10"
"4202","Passe Madeleine","Peer","","","<1850","Nee","Nee","Pyrus communis","https://deoerakker.cgn.wur.nl/or/detail.asp?Nr=4202","2026-09-10"
"4203","Passe Tardive","Peer","","","<1850","Nee","Nee","Pyrus communis","https://deoerakker.cgn.wur.nl/or/detail.asp?Nr=4203","2026-09-10"
"4204","Peer van Assen","Peer","","","<1898","Nee","Nee","Pyrus communis","https://deoerakker.cgn.wur.nl/or/detail.asp?Nr=4204","2026-09-10"
"4205","Perzikpeer van Esperen","Peer","Poire Peche d'Esperen, Pfirschenbirne, Calebasse d'ete","","<1868","Ja","Nee","Pyrus communis","https://deoerakker.cgn.wur.nl/or/detail.asp?Nr=4205","2026-09-10"
"4206","Petit Haitiveau","Peer","","","<1850","Nee","Nee","Pyrus communis","https://deoerakker.cgn.wur.nl/or/detail.asp?Nr=4206","2026-09-10"
"4207","Pitmaston Duchess","Peer","Duchesse Wiliams, Pitmastons Herzogin, William's Pitmaston Duchesse, Duchesse d'Angouleme de Williams","Handpeer","1843","Ja","Ja","Pyrus communis","https://deoerakker.cgn.wur.nl/or/detail.asp?Nr=4207","2026-09-10"
"4208","Poire a Deux Tetes","Peer","","","<1850","Nee","Nee","Pyrus communis","https://deoerakker.cgn.wur.nl/or/detail.asp?Nr=4208","2026-09-10"
"4209","Poire D'Ance","Peer","","","<1850","Nee","Nee","Pyrus communis","https://deoerakker.cgn.wur.nl/or/detail.asp?Nr=4209","2026-09-10"
"4210","Poire d'Angleterre","Peer","L'Aggleterre, Beurre d'Angleterre, Engelsche Beurre of Boterpeer, Gisambert, Engelsche Gisambert, Zoon Peer","","<1758","Nee","Nee","Pyrus communis","https://deoerakker.cgn.wur.nl/or/detail.asp?Nr=4210","2026-09-10"
"4211","Poire D'Avelle","Peer","","","<1850","Nee","Nee","Pyrus communis","https://deoerakker.cgn.wur.nl/or/detail.asp?Nr=4211","2026-09-10"
"4212","Poire de Jardin","Peer","","","<1850","Nee","Nee","Pyrus communis","https://deoerakker.cgn.wur.nl/or/detail.asp?Nr=4212","2026-09-10"
"4213","Poire de Saint Ghislain (M. Dorlain)","Peer","","","<1850","Nee","Nee","Pyrus communis","https://deoerakker.cgn.wur.nl/or/detail.asp?Nr=4213","2026-09-10"
"4214","Poire de Sieule","Peer","","","<1850","Nee","Nee","Pyrus communis","https://deoerakker.cgn.wur.nl/or/detail.asp?Nr=4214","2026-09-10"
"4215","Poire Delvault","Peer","","","<1850","Nee","Nee","Pyrus communis","https://deoerakker.cgn.wur.nl/or/detail.asp?Nr=4215","2026-09-10"
"4216","Poire d'Oeuf","Peer","Ovale, Eyer Peer, August Peer, Augustbirne","","<1758","Nee","Ja","Pyrus communis","https://deoerakker.cgn.wur.nl/or/detail.asp?Nr=4216","2026-09-10"
"4217","Poire Fin Or Poire de Septembre","Peer","","","<1850","Nee","Nee","Pyrus communis","https://deoerakker.cgn.wur.nl/or/detail.asp?Nr=4217","2026-09-10"
"4218","Poire Franc Real","Peer","","","<1850","Nee","Nee","Pyrus communis","https://deoerakker.cgn.wur.nl/or/detail.asp?Nr=4218","2026-09-10"
"4219","Poire Jacobs (van Mons)","Peer","","","<1850","Nee","Nee","Pyrus communis","https://deoerakker.cgn.wur.nl/or/detail.asp?Nr=4219","2026-09-10"
"4220","Poire Louis (van Mons)","Peer","","","<1850","Nee","Nee","Pyrus communis","https://deoerakker.cgn.wur.nl/or/detail.asp?Nr=4220","2026-09-10"
"4221","Poire Oange Tulipee","Peer","Poire Aux Mouches","","<1850","Nee","Nee","Pyrus communis","https://deoerakker.cgn.wur.nl/or/detail.asp?Nr=4221","2026-09-10"
"4222","Poire Roitelet (Bivort)","Peer","","","<1850","Nee","Nee","Pyrus communis","https://deoerakker.cgn.wur.nl/or/detail.asp?Nr=4222","2026-09-10"
"4223","Poire Salviati","Peer","","","<1850","Nee","Nee","Pyrus communis","https://deoerakker.cgn.wur.nl/or/detail.asp?Nr=4223","2026-09-10"
"4224","Poire sans Peau","Peer","Poire sans Peau d'Ete, Peer zonder schil, Fleur de Guigne, Rousselet Hatif, Vroege Rousselet","","<1850","Nee","Nee","Pyrus communis","https://deoerakker.cgn.wur.nl/or/detail.asp?Nr=4224","2026-09-10"
"4225","Poire Sans Peau D'Automne","Peer","Markies D'Hem, Waldenser peer","","<1850","Nee","Nee","Pyrus communis","https://deoerakker.cgn.wur.nl/or/detail.asp?Nr=4225","2026-09-10"
"4226","Poire Stas (van Mons)","Peer","","","<1850","Nee","Nee","Pyrus communis","https://deoerakker.cgn.wur.nl/or/detail.asp?Nr=4226","2026-09-10"
"4227","Poire Tonneau","Peer","","","<1850","Nee","Nee","Pyrus communis","https://deoerakker.cgn.wur.nl/or/detail.asp?Nr=4227","2026-09-10"
"4228","Pondspeer","Peer","Grand Monarque, Grote Monarch, Grote Mogol, Grote Tamerlan, Harmen Harkes, Poire de Livre, Gratiole ronde, Ronde Winter Gratiole, Endegeester Peer, Florusheij peer, Bonkerpeer, Harm Harkes Peer, Catillac, Bellissime D'Hiver, Cotillard, Abbe Mongein, Best des Marais, Citrouille, de tout temps, Gros Thomas, Poire de Bell, Tete de chat, Bon Chretien d'Amiens, Teton de Venus, Chartreuse, Monstrueuse de Landes, Bell Pear, Grosser (franzosischer) Katzenkopf","Stoofpeer","<1868","Ja","Ja","Pyrus communis","https://deoerakker.cgn.wur.nl/or/detail.asp?Nr=4228","2026-09-10"
"4229","Precoce de Trevoux","Peer","Fruhe aus Trevoux, Mutant Supertrevoux","Handpeer","1862","Ja","Ja","Pyrus communis","https://deoerakker.cgn.wur.nl/or/detail.asp?Nr=4229","2026-09-10"
"4230","President Loutreuil","Peer","","Handpeer","<1942","Ja","Nee","Pyrus communis","https://deoerakker.cgn.wur.nl/or/detail.asp?Nr=4230","2026-09-10"
"4231","President Roosevelt","Peer","","Handpeer","<1931","Nee","Nee","Pyrus communis","https://deoerakker.cgn.wur.nl/or/detail.asp?Nr=4231","2026-09-10"
"4232","Presldent Mas","Peer","","Handpeer","<1931","Nee","Nee","Pyrus communis","https://deoerakker.cgn.wur.nl/or/detail.asp?Nr=4232","2026-09-10"
"4233","Prins Waldemar","Peer","","","","Nee","Nee","Pyrus communis","https://deoerakker.cgn.wur.nl/or/detail.asp?Nr=4233","2026-09-10"
"4234","Provisiepeer","Peer","","Stoofpeer","1916","Ja","Nee","Pyrus communis","https://deoerakker.cgn.wur.nl/or/detail.asp?Nr=4234","2026-09-10"
"4235","Rein des Poires","Peer","","","<1850","Nee","Nee","Pyrus communis","https://deoerakker.cgn.wur.nl/or/detail.asp?Nr=4235","2026-09-10"
"4236","Reine des Pays Bas","Peer","","","<1898","Nee","Nee","Pyrus communis","https://deoerakker.cgn.wur.nl/or/detail.asp?Nr=4236","2026-09-10"
"4237","Reine des Poires","Peer","Saint Louis","","<1876","Nee","Nee","Pyrus communis","https://deoerakker.cgn.wur.nl/or/detail.asp?Nr=4237","2026-09-10"
"4238","Reine Imperiale de France","Peer","","","<1898","Nee","Nee","Pyrus communis","https://deoerakker.cgn.wur.nl/or/detail.asp?Nr=4238","2026-09-10"
"4239","Rietpeer (dubbelde)","Peer","","","<1758","Nee","Nee","Pyrus communis","https://deoerakker.cgn.wur.nl/or/detail.asp?Nr=4239","2026-09-10"
"4240","Rietpeer (enkelde)","Peer","","","<1758","Nee","Nee","Pyrus communis","https://deoerakker.cgn.wur.nl/or/detail.asp?Nr=4240","2026-09-10"
"4241","Rietpeer (winter)","Peer","Roggebroodspeer, Winterrietpeer, Kraaipeer, Winterkraaipeer, Sileziepeer, Roggebroodspeer, Winterkalebas","Stoofpeer","<1887","Ja","Nee","Pyrus communis","https://deoerakker.cgn.wur.nl/or/detail.asp?Nr=4241","2026-09-10"
"4242","Rietpeer (zomer)","Peer","Zomerrietpeer, Pannekoekenpeer","Moespeer","<1887","Ja","Nee","Pyrus communis","https://deoerakker.cgn.wur.nl/or/detail.asp?Nr=4242","2026-09-10"
"4243","Robine","Peer","Robin, Robyn Peer, Robijn peer, d'Averat Muscat d'Averat, Muscat d'Aout of d'Ete, Gros Muscat d'Ete, Royale d'Aout, Royale Musque, Poire de la Honville","Handpeer","<1758","Ja","Ja","Pyrus communis","https://deoerakker.cgn.wur.nl/or/detail.asp?Nr=4243","2026-09-10"
"4244","Roode Suikery","Peer","","","1927","Nee","Nee","Pyrus communis","https://deoerakker.cgn.wur.nl/or/detail.asp?Nr=4244","2026-09-10"
"4245","Rousselet","Peer","Petit Rousselet, Rousselet Musque, Perdreau Musque, die Zimmetbirne","","<1830","Ja","Ja","Pyrus communis","https://deoerakker.cgn.wur.nl/or/detail.asp?Nr=4245","2026-09-10"
"4246","Rousselet de Coster","Peer","","","<1850","Nee","Nee","Pyrus communis","https://deoerakker.cgn.wur.nl/or/detail.asp?Nr=4246","2026-09-10"
"4247","Rousselet de Rheims","Peer","Gros Rousselet, Rousselet von Reims","","<1758","Nee","Ja","Pyrus communis","https://deoerakker.cgn.wur.nl/or/detail.asp?Nr=4247","2026-09-10"
"4248","Rousselet d'Hiver","Peer","Winter Rousselet","","<1758","Nee","Nee","Pyrus communis","https://deoerakker.cgn.wur.nl/or/detail.asp?Nr=4248","2026-09-10"
"4249","Rousseline","Peer","Rousselyn Peer, Muscat a longue queue (en Touraine)","","<1758","Nee","Nee","Pyrus communis","https://deoerakker.cgn.wur.nl/or/detail.asp?Nr=4249","2026-09-10"
"4250","Royal D'Hiver","Peer","","","<1850","Nee","Nee","Pyrus communis","https://deoerakker.cgn.wur.nl/or/detail.asp?Nr=4250","2026-09-10"
"4251","Saint Samso","Peer","","","<1868","Nee","Nee","Pyrus communis","https://deoerakker.cgn.wur.nl/or/detail.asp?Nr=4251","2026-09-10"
"4252","Saint Germain","Peer","L'Inconnue de la Fare, Hermansbirne, Arteloire, Saint Germain gris","Handpeer","<1830","Ja","Nee","Pyrus communis","https://deoerakker.cgn.wur.nl/or/detail.asp?Nr=4252","2026-09-10"
"4253","Saint Michel Archange","Peer","Erzengel Michael","","<1868","Nee","Nee","Pyrus communis","https://deoerakker.cgn.wur.nl/or/detail.asp?Nr=4253","2026-09-10"
"4254","Saint Remy","Peer","St. Remy, Bellisime d Hiver","Stoofpeer","1932","Ja","Ja","Pyrus communis","https://deoerakker.cgn.wur.nl/or/detail.asp?Nr=4254","2026-09-10"
"4255","Salviati","Peer","","","<1850","Nee","Nee","Pyrus communis","https://deoerakker.cgn.wur.nl/or/detail.asp?Nr=4255","2026-09-10"
"4256","Sanguine D'Italie","Peer","","","<1850","Nee","Nee","Pyrus communis","https://deoerakker.cgn.wur.nl/or/detail.asp?Nr=4256","2026-09-10"
"4257","Sapperdegroen","Peer","","","1933","Nee","Nee","Pyrus communis","https://deoerakker.cgn.wur.nl/or/detail.asp?Nr=4257","2026-09-10"
"4258","Sarasin","Peer","","","<1850","Nee","Nee","Pyrus communis","https://deoerakker.cgn.wur.nl/or/detail.asp?Nr=4258","2026-09-10"
"4259","Schmalzbirne von Brest","Peer","Fondante de Brest, Fransche Kaneelpeer, Inconnue Chenau, Schlunzenbirne, Fondante ou Beaute hative, Chenau, Brester Schmalzbirne, Saftbirne von Brest, Cassante de Brest, Schmelzende Brester Birne, Persische Birne, Brester Birne","","<1868","Nee","Ja","Pyrus communis","https://deoerakker.cgn.wur.nl/or/detail.asp?Nr=4259","2026-09-10"
"4260","Seckle Pear","Peer","Seckle, New York Red Cheek, Red Cheeked Seckel, Shakespear, Sicker, Poire Seckle, Seckels Birn, New Yorker Rothbacken","Handpeer","<1868","Ja","Ja","Pyrus communis","https://deoerakker.cgn.wur.nl/or/detail.asp?Nr=4260","2026-09-10"
"4261","Seigneur d'Esperen","Peer","Bergamotte Fievee, Bergamotte lucrative, Belle Lucrative, Fondante d'automne, Esperens Herrenbirne, Fondante de Mabeuge, Gresillier, Seigneur, Excellentissima","Handpeer","1827","Ja","Ja","Pyrus communis","https://deoerakker.cgn.wur.nl/or/detail.asp?Nr=4261","2026-09-10"
"4262","Sieboldii","Peer","","","<1876","Nee","Nee","Pyrus communis","https://deoerakker.cgn.wur.nl/or/detail.asp?Nr=4262","2026-09-10"
"4263","Signoret","Peer","","","<1850","Nee","Nee","Pyrus communis","https://deoerakker.cgn.wur.nl/or/detail.asp?Nr=4263","2026-09-10"
"4264","Sijsjespeer","Peer","","Handpeer, inmaakpeer","1850","Ja","Nee","Pyrus communis","https://deoerakker.cgn.wur.nl/or/detail.asp?Nr=4264","2026-09-10"
"4265","Sint Walfried","Peer","","","1933","Nee","Nee","Pyrus communis","https://deoerakker.cgn.wur.nl/or/detail.asp?Nr=4265","2026-09-10"
"4266","Smeer Peer","Peer","","","<1758","Nee","Nee","Pyrus communis","https://deoerakker.cgn.wur.nl/or/detail.asp?Nr=4266","2026-09-10"
"4267","Soeurs Gregoire","Peer","Soeur Gregoire","","1933","Nee","Ja","Pyrus communis","https://deoerakker.cgn.wur.nl/or/detail.asp?Nr=4267","2026-09-10"
"4268","Soldat Laboureur","Peer","Soldat Esperen, de Soldat, Beurre de Blumenbach, Auguste van Mons Soldat, Poire de Soldat, Blumenbach's Butterbirn","Handpeer","1820","Ja","Ja","Pyrus communis","https://deoerakker.cgn.wur.nl/or/detail.asp?Nr=4268","2026-09-10"
"4269","Sonder zieltjes","Peer","Poire sans peppins","","<1758","Nee","Nee","Pyrus communis","https://deoerakker.cgn.wur.nl/or/detail.asp?Nr=4269","2026-09-10"
"4270","Souvenir de Simon Bouvier (St. Gregoire)","Peer","","","<1850","Nee","Nee","Pyrus communis","https://deoerakker.cgn.wur.nl/or/detail.asp?Nr=4270","2026-09-10"
"3270","Souvenir du Congres","Peer","","Handpeer","<1887","Ja","Ja","Pyrus communis","https://deoerakker.cgn.wur.nl/or/detail.asp?Nr=3270","2026-09-10"
"3271","Souvenir van Mons","Peer","","","<1850","Nee","Nee","Pyrus communis","https://deoerakker.cgn.wur.nl/or/detail.asp?Nr=3271","2026-09-10"
"3272","Souvernir de Leroux Durand","Peer","","Handpeer","","Nee","Nee","Pyrus communis","https://deoerakker.cgn.wur.nl/or/detail.asp?Nr=3272","2026-09-10"
"3273","Spekpeer","Peer","Speckbirne","","<1758","Nee","Ja","Pyrus communis","https://deoerakker.cgn.wur.nl/or/detail.asp?Nr=3273","2026-09-10"
"3274","Spiegelpeer","Peer","Baronpeer","","<1887","Ja","Nee","Pyrus communis","https://deoerakker.cgn.wur.nl/or/detail.asp?Nr=3274","2026-09-10"
"3275","St Germain","Peer","Inconnue de la Fabe, Poire de L'Artilloir","","<1850","Nee","Nee","Pyrus communis","https://deoerakker.cgn.wur.nl/or/detail.asp?Nr=3275","2026-09-10"
"3276","St Germain ( gele)","Peer","St Germain a Fruit Strie de Jaune, Kent peer","","<1850","Nee","Nee","Pyrus communis","https://deoerakker.cgn.wur.nl/or/detail.asp?Nr=3276","2026-09-10"
"3277","St. Germain d' Hiver","Peer","","","1936","Nee","Nee","Pyrus communis","https://deoerakker.cgn.wur.nl/or/detail.asp?Nr=3277","2026-09-10"
"3278","St. Laurents","Peer","Rood wangetje, Zomer Louwtje, Lange roggepeer","","<1887","Ja","Ja","Pyrus communis","https://deoerakker.cgn.wur.nl/or/detail.asp?Nr=3278","2026-09-10"
"3279","St. Marc","Peer","","","<1876","Nee","Nee","Pyrus communis","https://deoerakker.cgn.wur.nl/or/detail.asp?Nr=3279","2026-09-10"
"3280","St. Niklaas","Peer","St Nicolaas, St. Nicolaaspeer, Suikerey (Herfst), Herfst of October Suiker Peer","Stoofpeer","<1887","Ja","Nee","Pyrus communis","https://deoerakker.cgn.wur.nl/or/detail.asp?Nr=3280","2026-09-10"
"4271","Stuttgarter Geishirtel","Peer","Rousselet de Stuttgard, Rousselet de Stuttgart, Wahre langstielige Gaishirtenbirne, Langstielige Stuttgarter Russelet Gaishirtle, Stuttgarter Gaishirtenbirne, Poire de Stuttgard","","<1868","Nee","Ja","Pyrus communis","https://deoerakker.cgn.wur.nl/or/detail.asp?Nr=4271","2026-09-10"
"4272","Sucree de Montlu&#231;on","Peer","Sucre Verte","Handpeer","1812","Ja","Ja","Pyrus communis","https://deoerakker.cgn.wur.nl/or/detail.asp?Nr=4272","2026-09-10"
"4273","Suffolk Thorn","Peer","","","<1868","Nee","Ja","Pyrus communis","https://deoerakker.cgn.wur.nl/or/detail.asp?Nr=4273","2026-09-10"
"4274","Suikerey (Vroege)","Peer","Vroege Suiker of Honing Peer","","<1758","Nee","Nee","Pyrus communis","https://deoerakker.cgn.wur.nl/or/detail.asp?Nr=4274","2026-09-10"
"4275","Suikerij Peer (kortstelig)","Peer","Kortstelige Suikerij peer, Blanquet a courte Queue, Gros banquet, Blanke groet, Blanchette, Mucette d'Anjou","","<1850","Nee","Nee","Pyrus communis","https://deoerakker.cgn.wur.nl/or/detail.asp?Nr=4275","2026-09-10"
"4276","Suikerij Peer (langstelig)","Peer","Langstelige Suikerij peer, Blanquet a longue Qeueu, Sucrin Blanc, Blanke Suikerij, Suiker peer","","<1850","Nee","Nee","Pyrus communis","https://deoerakker.cgn.wur.nl/or/detail.asp?Nr=4276","2026-09-10"
"4277","Suikerpeer zomer","Peer","Zomer Suikerpeer","","<1898","Nee","Nee","Pyrus communis","https://deoerakker.cgn.wur.nl/or/detail.asp?Nr=4277","2026-09-10"
"4278","Surpasse Crassane (van Mons)","Peer","","","<1850","Nee","Nee","Pyrus communis","https://deoerakker.cgn.wur.nl/or/detail.asp?Nr=4278","2026-09-10"
"4279","Sylvange","Peer","","","<1850","Nee","Nee","Pyrus communis","https://deoerakker.cgn.wur.nl/or/detail.asp?Nr=4279","2026-09-10"
"4280","Sylvange d'Automne","Peer","","","<1850","Nee","Nee","Pyrus communis","https://deoerakker.cgn.wur.nl/or/detail.asp?Nr=4280","2026-09-10"
"4281","Tardive de Ninove","Peer","","Handpeer","1897","Nee","Ja","Pyrus communis","https://deoerakker.cgn.wur.nl/or/detail.asp?Nr=4281","2026-09-10"
"4282","Tarquin","Peer","","","<1850","Nee","Nee","Pyrus communis","https://deoerakker.cgn.wur.nl/or/detail.asp?Nr=4282","2026-09-10"
"4283","Tesselaar","Peer","","Stoofpeer","<1887","Ja","Nee","Pyrus communis","https://deoerakker.cgn.wur.nl/or/detail.asp?Nr=4283","2026-09-10"
"4284","Theodore van Mons","Peer","","","<1887","Nee","Ja","Pyrus communis","https://deoerakker.cgn.wur.nl/or/detail.asp?Nr=4284","2026-09-10"
"4285","Tijdpeer","Peer","","","<1887","Nee","Nee","Pyrus communis","https://deoerakker.cgn.wur.nl/or/detail.asp?Nr=4285","2026-09-10"
"4286","Tresor D'Amour","Peer","","","<1850","Nee","Nee","Pyrus communis","https://deoerakker.cgn.wur.nl/or/detail.asp?Nr=4286","2026-09-10"
"4287","Triomphe de Jodoigne","Peer","Triumph von Jodoigne","","<1868","Ja","Ja","Pyrus communis","https://deoerakker.cgn.wur.nl/or/detail.asp?Nr=4287","2026-09-10"
"4288","Triomphe de Vienne","Peer","","Handpeer","1864","Ja","Ja","Pyrus communis","https://deoerakker.cgn.wur.nl/or/detail.asp?Nr=4288","2026-09-10"
"4289","Trosjespeer","Peer","Muscat Fleuri","","1933","Ja","Ja","Pyrus communis","https://deoerakker.cgn.wur.nl/or/detail.asp?Nr=4289","2026-09-10"
"4290","Urbaniste","Peer","Poire des Urbanistes, Beurre Piquery, Beurre Drapiez, Beurre Gens, Colomas Herbstbutterbirne, Louise d'Orleans, Saint Marc","","1808","Ja","Ja","Pyrus communis","https://deoerakker.cgn.wur.nl/or/detail.asp?Nr=4290","2026-09-10"
"4291","Van Marum","Peer","Calebasse Carafon, Calebasse imperiale, Calebasse Neckmans, Calebasse monstrueuse du Nord, Calebasse royale, Calebasse van Marum, Carafon, Grise longue, Grosse Calebasse, Marum Van, Frederic Lelieur, Triomphe de Hasselt, van Marum's Flaschenbirn, Calebasse Grosse","","<1868","Ja","Ja","Pyrus communis","https://deoerakker.cgn.wur.nl/or/detail.asp?Nr=4291","2026-09-10"
"4292","Verheulpeer","Peer","","","1927","Nee","Nee","Pyrus communis","https://deoerakker.cgn.wur.nl/or/detail.asp?Nr=4292","2026-09-10"
"4293","Vermillion","Peer","Bellissime, Muscat Rouge, Muscadille rouge, Grosse Muscadille","","<1758","Nee","Nee","Pyrus communis","https://deoerakker.cgn.wur.nl/or/detail.asp?Nr=4293","2026-09-10"
"4294","Verte longue","Peer","Verde longe, Mouille bouche d'Automne","","<1758","Ja","Ja","Pyrus communis","https://deoerakker.cgn.wur.nl/or/detail.asp?Nr=4294","2026-09-10"
"4295","Vijgepeer","Peer","Hollandische Feigenbirn, Poire Figue, Gurkenbirn, Fregattbirn, Hopfenbirn, Kaiserinnbirn, Figue, Pistolette, Prince de Ligny, Inconnue Angouleme, Knevett's, Rougemont, Grune Flaschenbirn, St. Ghislain, Quinnipiac","","<1868","Ja","Ja","Pyrus communis","https://deoerakker.cgn.wur.nl/or/detail.asp?Nr=4295","2026-09-10"
"4296","Vingt Mars","Peer","Poire equinoxe","","<1850","Nee","Nee","Pyrus communis","https://deoerakker.cgn.wur.nl/or/detail.asp?Nr=4296","2026-09-10"
"4297","Virgalieu musquee","Peer","","","<1876","Nee","Nee","Pyrus communis","https://deoerakker.cgn.wur.nl/or/detail.asp?Nr=4297","2026-09-10"
"4298","Virgouleuse","Peer","Poire Glace","","<1850","Nee","Ja","Pyrus communis","https://deoerakker.cgn.wur.nl/or/detail.asp?Nr=4298","2026-09-10"
"4299","Vrouwenpeer","Peer","","","<1830","Nee","Nee","Pyrus communis","https://deoerakker.cgn.wur.nl/or/detail.asp?Nr=4299","2026-09-10"
"4300","Wellemanspeer","Peer","Dubbele Kleipeer, Wellemanpeer","Stoofpeer","1945","Ja","Nee","Pyrus communis","https://deoerakker.cgn.wur.nl/or/detail.asp?Nr=4300","2026-09-10"
"4301","Williams","Peer","Bon Chretien Williams, Poire William's, Bon Chretien William, Bartlett de Boston, Williams' Bon Chretien, de Savault, William's, Bartlett, William's bon Chretien, de la Vault, Clement Doyenne, Poire Guillaume of the French, Williams Christbirne, Passe Goemann's, Salisbirne, Stair s Pear","Stoofpeer, conservenpeer","1770","Ja","Ja","Pyrus communis","https://deoerakker.cgn.wur.nl/or/detail.asp?Nr=4301","2026-09-10"
"4302","Winter Bergamotte","Peer","Winter Bergamot, Winter Butterbirne","Handpeer","<1830","Ja","Ja","Pyrus communis","https://deoerakker.cgn.wur.nl/or/detail.asp?Nr=4302","2026-09-10"
"4303","Winter Jannetje","Peer","","","<1830","Nee","Nee","Pyrus communis","https://deoerakker.cgn.wur.nl/or/detail.asp?Nr=4303","2026-09-10"
"4304","Winterjan","Peer","Brittenpeer, Kleipeer, Gezegende peer, Weldrager, Mandjespeer, Steenjut, Wintersuikerpeer, Brittenpeer, Kievitspeer, Jan Groospeer","Stoofpeer","1700","Ja","Nee","Pyrus communis","https://deoerakker.cgn.wur.nl/or/detail.asp?Nr=4304","2026-09-10"
"4305","Winternelis","Peer","Nelis d'Hiver, Bonne de Malines","","1933","Ja","Ja","Pyrus communis","https://deoerakker.cgn.wur.nl/or/detail.asp?Nr=4305","2026-09-10"
"4306","Witte Cousin","Peer","Blanke Cousin, Bagijnepeer, Pachterspeer","Handpeer, stoofpeer","<1868","Ja","Nee","Pyrus communis","https://deoerakker.cgn.wur.nl/or/detail.asp?Nr=4306","2026-09-10"
"4307","Witte Princesse peer","Peer","Witte Madame","","<1850","Nee","Nee","Pyrus communis","https://deoerakker.cgn.wur.nl/or/detail.asp?Nr=4307","2026-09-10"
"4308","Zand peertje","Peer","","","<1830","Nee","Nee","Pyrus communis","https://deoerakker.cgn.wur.nl/or/detail.asp?Nr=4308","2026-09-10"
"4309","Zephirin Gregoire","Peer","Gregoire de Jodoigne, Gregoire","","<1868","Nee","Ja","Pyrus communis","https://deoerakker.cgn.wur.nl/or/detail.asp?Nr=4309","2026-09-10"
"4310","Zoeteman","Peer","Fleschjespeer, Pijpkaen","","<1887","Ja","Nee","Pyrus communis","https://deoerakker.cgn.wur.nl/or/detail.asp?Nr=4310","2026-09-10"
"4311","Zomer kalebas","Peer","Kalebas, Muskadel kalebas, Calebasse musque, Zomercalebasse, Poire de Venus","","<1887","Ja","Nee","Pyrus communis","https://deoerakker.cgn.wur.nl/or/detail.asp?Nr=4311","2026-09-10"
"4312","Zoutewelle","Peer","","Stoofpeer","1856","Ja","Nee","Pyrus communis","https://deoerakker.cgn.wur.nl/or/detail.asp?Nr=4312","2026-09-10"
"4313","Zwijndrechtse Wijnpeer","Peer","","Handpeer","<1942","Ja","Nee","Pyrus communis","https://deoerakker.cgn.wur.nl/or/detail.asp?Nr=4313","2026-09-10"
"4314","Zwitsersche peer","Peer","Zwitsersche Broekje, Liverij peer, die Schweizerhose, Schweizerbirn, Schweizer Bergamot, Poire Brodee, Verte Longue Suisse, Verte longe Panachee","","<1830","Nee","Nee","Pyrus communis","https://deoerakker.cgn.wur.nl/or/detail.asp?Nr=4314","2026-09-10"
"4382","Abricoospruim","Pruim","Apricot Gage, Abrikoospruim, Prune D'abricot, Maagde pruim","Dessert, Abrikoospruim","1929","Ja","Ja","Prunus domestica","https://deoerakker.cgn.wur.nl/or/detail.asp?Nr=4382","2026-09-10"
"4383","Amelie pruim (Blauwe)","Pruim","Blauwe Amelie pruim, Blauwe Amelia Pruim","","","Nee","Nee","Prunus domestica","https://deoerakker.cgn.wur.nl/or/detail.asp?Nr=4383","2026-09-10"
"4384","Amelie pruim (Witte)","Pruim","Witte Amelie pruim, Witte Amelia Pruim","","","Nee","Nee","Prunus domestica","https://deoerakker.cgn.wur.nl/or/detail.asp?Nr=4384","2026-09-10"
"4385","Anna Lawson","Pruim","","","","Nee","Nee","Prunus domestica","https://deoerakker.cgn.wur.nl/or/detail.asp?Nr=4385","2026-09-10"
"4386","Anna Spath","Pruim","","Dessert, Keuken, Laat","1870","Ja","Ja","Prunus domestica","https://deoerakker.cgn.wur.nl/or/detail.asp?Nr=4386","2026-09-10"
"4387","Askleurige Myrobolan","Pruim","","","1850","Nee","Nee","Prunus domestica","https://deoerakker.cgn.wur.nl/or/detail.asp?Nr=4387","2026-09-10"
"4388","Belle de Louvain","Pruim","Belle de Louvain Blauw, Schone van Leuven, Prune de Pape, Monstrueuse","","1840","Ja","Ja","Prunus domestica","https://deoerakker.cgn.wur.nl/or/detail.asp?Nr=4388","2026-09-10"
"4389","Bellirische Myrobolan","Pruim","","","1850","Nee","Nee","Prunus domestica","https://deoerakker.cgn.wur.nl/or/detail.asp?Nr=4389","2026-09-10"
"4390","Blauwe Eierpruim","Pruim","Blaue Eierpflaume, Blaue Kaiserpflaume, Dame Aubert Violette, Imperiale Violette, Violette Jerusalemspflaume, Wahre Blaue Eierpflaume","Dessert, Keuken, Eierpruim","1934","Nee","Nee","Prunus domestica","https://deoerakker.cgn.wur.nl/or/detail.asp?Nr=4390","2026-09-10"
"4391","Blauwe Seloot","Pruim","","","1898","Nee","Nee","Prunus domestica","https://deoerakker.cgn.wur.nl/or/detail.asp?Nr=4391","2026-09-10"
"4392","Bleur","Pruim","","","","Nee","Nee","Prunus domestica","https://deoerakker.cgn.wur.nl/or/detail.asp?Nr=4392","2026-09-10"
"4393","Blue de Belgique","Pruim","Belgian Purple, Belgische Damascene, Bleue de Perkue, Bleue de Perque","","1850","Ja","Ja","Prunus domestica","https://deoerakker.cgn.wur.nl/or/detail.asp?Nr=4393","2026-09-10"
"4394","Boere Blauwe","Pruim","Blauwe Boeren pruim","","","Ja","Nee","Prunus domestica","https://deoerakker.cgn.wur.nl/or/detail.asp?Nr=4394","2026-09-10"
"4395","Bonte Abrikoospruim","Pruim","","","1850","Nee","Nee","Prunus domestica","https://deoerakker.cgn.wur.nl/or/detail.asp?Nr=4395","2026-09-10"
"4396","Bonte Eijerpruim","Pruim","","","1850","Nee","Nee","Prunus domestica","https://deoerakker.cgn.wur.nl/or/detail.asp?Nr=4396","2026-09-10"
"4397","Botan","Pruim","Abundance","","","Nee","Nee","Prunus domestica","https://deoerakker.cgn.wur.nl/or/detail.asp?Nr=4397","2026-09-10"
"4398","Braunauer Apricosenartige","Pruim","Abricotee de Braunau, Reine Claude de Braunau","Dessert, Abrikoospruim","1887","Nee","Nee","Prunus domestica","https://deoerakker.cgn.wur.nl/or/detail.asp?Nr=4398","2026-09-10"
"4399","Bricette","Pruim","Petite Bricette","","","Nee","Nee","Prunus domestica","https://deoerakker.cgn.wur.nl/or/detail.asp?Nr=4399","2026-09-10"
"4400","Brignole Jeaune","Pruim","","","","Nee","Nee","Prunus domestica","https://deoerakker.cgn.wur.nl/or/detail.asp?Nr=4400","2026-09-10"
"4401","Catalonie","Pruim","Roode Eijerpruim, Catalonia, Fluweelpruim, Red Magnum Bonum, Imperiale, Red Imperial, Imperiale Rouge, Dame Aubert Rouge, Florence, Askew's Purple Egg, Imperiale Rouge, Mogul Rouge, Oeuf Rouge, Paarse Eierpuim, Purple Egg, Red Egg, Red Imperial, Red Magn","Dessert, Keuken, Eierpruim","zeer","Nee","Ja","Prunus domestica","https://deoerakker.cgn.wur.nl/or/detail.asp?Nr=4401","2026-09-10"
"4402","Catherine","Pruim","St. Catherine","","1887","Nee","Nee","Prunus domestica","https://deoerakker.cgn.wur.nl/or/detail.asp?Nr=4402","2026-09-10"
"4403","Cerisette","Pruim","Paars Kroosje, Avant pruim, Ecarlate","","","Nee","Nee","Prunus domestica","https://deoerakker.cgn.wur.nl/or/detail.asp?Nr=4403","2026-09-10"
"4404","Cerisette Blanche","Pruim","Wit Kroosje, Vroege Witte","","","Nee","Nee","Prunus domestica","https://deoerakker.cgn.wur.nl/or/detail.asp?Nr=4404","2026-09-10"
"4405","Coe's Goldendrop","Pruim","Bury Seedling, Coe s, Coe s Imperial, Coe s Rothgefleckte Pflaume, Fair s Golden Drop, Golden Drop, Golden Gage, Goutte D or, New Golden Drop","Dessert, Keuken","1800","Nee","Ja","Prunus domestica","https://deoerakker.cgn.wur.nl/or/detail.asp?Nr=4405","2026-09-10"
"4406","Columbia","Pruim","","","1887","Nee","Ja","Prunus domestica","https://deoerakker.cgn.wur.nl/or/detail.asp?Nr=4406","2026-09-10"
"4407","Czar","Pruim","The Czar","Tafel, Vroeg","1875","Ja","Ja","Prunus domestica","https://deoerakker.cgn.wur.nl/or/detail.asp?Nr=4407","2026-09-10"
"4408","Damas Blanc","Pruim","Witte Damas pruim","","1850","Nee","Nee","Prunus domestica","https://deoerakker.cgn.wur.nl/or/detail.asp?Nr=4408","2026-09-10"
"4409","Damas d'Espagne","Pruim","","","1850","Nee","Nee","Prunus domestica","https://deoerakker.cgn.wur.nl/or/detail.asp?Nr=4409","2026-09-10"
"4410","Damas d'Italie","Pruim","","","1850","Nee","Nee","Prunus domestica","https://deoerakker.cgn.wur.nl/or/detail.asp?Nr=4410","2026-09-10"
"4411","Damas Drouet","Pruim","","","1850","Nee","Nee","Prunus domestica","https://deoerakker.cgn.wur.nl/or/detail.asp?Nr=4411","2026-09-10"
"4412","Damas Maugeron","Pruim","","","1850","Nee","Nee","Prunus domestica","https://deoerakker.cgn.wur.nl/or/detail.asp?Nr=4412","2026-09-10"
"4413","Damas Musque","Pruim","","","1850","Nee","Nee","Prunus domestica","https://deoerakker.cgn.wur.nl/or/detail.asp?Nr=4413","2026-09-10"
"4414","Damas Noir Hatyf","Pruim","Damas Noir, Damas Tardif, Zwarte Damas","Desert, Keuken, Damas","","Nee","Nee","Prunus domestica","https://deoerakker.cgn.wur.nl/or/detail.asp?Nr=4414","2026-09-10"
"4415","Damas Rouge","Pruim","Rode Damas","Dessert, Damas","","Nee","Nee","Prunus domestica","https://deoerakker.cgn.wur.nl/or/detail.asp?Nr=4415","2026-09-10"
"4416","Damas Violet","Pruim","","","1850","Nee","Nee","Prunus domestica","https://deoerakker.cgn.wur.nl/or/detail.asp?Nr=4416","2026-09-10"
"4417","Dame Aubert","Pruim","Witte Eijerpruim, Gelbe Eierpflaume, Magnum Bonum White, Yellow Magnum Bonum, Grosse Glanzende Albertspflaume, Askew's Golden Egg, Dame Aubert Blanche, Dame Aubert Jaune, Grosse Luisante, Imperiale Blanche, Egg Plum, Wentworth, White Holland, White Mogul,","Keuken, Eierpruim","1500","Nee","Ja","Prunus domestica","https://deoerakker.cgn.wur.nl/or/detail.asp?Nr=4417","2026-09-10"
"4418","De Jeruzalem","Pruim","Oeil de Boeuf","","1850","Nee","Nee","Prunus domestica","https://deoerakker.cgn.wur.nl/or/detail.asp?Nr=4418","2026-09-10"
"4419","De Pappaconi","Pruim","","","1850","Nee","Nee","Prunus domestica","https://deoerakker.cgn.wur.nl/or/detail.asp?Nr=4419","2026-09-10"
"4420","Decaisne geel, zeer groot","Pruim","","","1887","Nee","Nee","Prunus domestica","https://deoerakker.cgn.wur.nl/or/detail.asp?Nr=4420","2026-09-10"
"4421","Denniston's Superb","Pruim","Amiral de Rigny, Denniston s Red, Imperial Gage, Reine Claude Verte Superieur, Rouge de Denniston, White Gage","Tafel","1840","Nee","Nee","Prunus domestica","https://deoerakker.cgn.wur.nl/or/detail.asp?Nr=4421","2026-09-10"
"4422","Diamantpruim","Pruim","Diamond, Diamantpflaume, Black Mogul","Keuken","1830","Nee","Ja","Prunus domestica","https://deoerakker.cgn.wur.nl/or/detail.asp?Nr=4422","2026-09-10"
"4423","Diapree Blanche","Pruim","Prune Diapree Blanche","","1850","Nee","Nee","Prunus domestica","https://deoerakker.cgn.wur.nl/or/detail.asp?Nr=4423","2026-09-10"
"4424","Diapree Rouge","Pruim","Roche Corbon, Mimms, Prune de Briancon, Virginische Pflaume","","","Nee","Nee","Prunus domestica","https://deoerakker.cgn.wur.nl/or/detail.asp?Nr=4424","2026-09-10"
"4425","Diapree Violet","Pruim","","","1850","Nee","Nee","Prunus domestica","https://deoerakker.cgn.wur.nl/or/detail.asp?Nr=4425","2026-09-10"
"4426","Dittrich Uhlhorn","Pruim","","","","Nee","Nee","Prunus domestica","https://deoerakker.cgn.wur.nl/or/detail.asp?Nr=4426","2026-09-10"
"4427","Doyenne","Pruim","Dojene, Donjumer, Dubbele Boerenwitte (in Zeeland)","Tafel","zeer","Nee","Nee","Prunus domestica","https://deoerakker.cgn.wur.nl/or/detail.asp?Nr=4427","2026-09-10"
"4428","Drap d'Or d'Esperen","Pruim","Esperens Goldpflaume, Golden Esperen, Cloth of Gold, Prunier Drap d'Or D'esperen","","1887","Nee","Ja","Prunus domestica","https://deoerakker.cgn.wur.nl/or/detail.asp?Nr=4428","2026-09-10"
"4429","Dubbele Boere Witte","Pruim","Altesse Blanche, Dubbele Boerenwitte, Dubbele Witte Wijnpruim, Prune Virginale, Virginale a Fruit Blanc , Hvit, Weisze Jungfernpflaume, Jungfernpflaume","","","Ja","Ja","Prunus domestica","https://deoerakker.cgn.wur.nl/or/detail.asp?Nr=4429","2026-09-10"
"4430","Earley Laxton","Pruim","Laxton Early","Keuken, Dessert, Vroeg","1916","Ja","Ja","Prunus domestica","https://deoerakker.cgn.wur.nl/or/detail.asp?Nr=4430","2026-09-10"
"4431","Early Prolific","Pruim","Rivers Early Prolific, Early Rivers, Eldense Blauwe, Fertile Precoce, Pamelse Datjes, Roggepruim, Vilvoordse","Dessert, Vroeg","","Ja","Ja","Prunus domestica","https://deoerakker.cgn.wur.nl/or/detail.asp?Nr=4431","2026-09-10"
"4432","Early Transparant Gage","Pruim","Rivers' Early Apricot, Reine Claude Hative, Vroege Reine Claude","Dessert, Keuken, Reine Claude","1866","Nee","Ja","Prunus domestica","https://deoerakker.cgn.wur.nl/or/detail.asp?Nr=4432","2026-09-10"
"4433","Eivormige Reine Claude","Pruim","Reine Claude Forme D'oeuf, Reine Claude Tres fertile, Vroege Tolse","Dessert, Keuken, Reine Claude","","Ja","Nee","Prunus domestica","https://deoerakker.cgn.wur.nl/or/detail.asp?Nr=4433","2026-09-10"
"4434","Else","Pruim","","","1940","Nee","Nee","Prunus domestica","https://deoerakker.cgn.wur.nl/or/detail.asp?Nr=4434","2026-09-10"
"4435","Emperor of Japan","Pruim","","Dessert, Japanse Pruim","","Nee","Nee","Prunus domestica","https://deoerakker.cgn.wur.nl/or/detail.asp?Nr=4435","2026-09-10"
"4436","Engels Kroosje","Pruim","Lichte en Donkere Engelse Kroos","","1912","Nee","Nee","Prunus domestica","https://deoerakker.cgn.wur.nl/or/detail.asp?Nr=4436","2026-09-10"
"4437","Engelse Blauwe","Pruim","Prune Monsieur, Anglaise Noir, Engelse Blauwe Violette, Herenpruim, Hernnpflaume Monsieur, Prune d'Orleans, Orleans, Vroege Engelse Blauwe Pruim","","","Nee","Nee","Prunus domestica","https://deoerakker.cgn.wur.nl/or/detail.asp?Nr=4437","2026-09-10"
"4438","Enkele Boerenwitte","Pruim","Boerengeeltje, Enkele Witte Wijnpruim, Witte Kroosjespruim","","","Ja","Nee","Prunus domestica","https://deoerakker.cgn.wur.nl/or/detail.asp?Nr=4438","2026-09-10"
"4439","Framboospruim, lichtrood","Pruim","","","1931","Nee","Nee","Prunus domestica","https://deoerakker.cgn.wur.nl/or/detail.asp?Nr=4439","2026-09-10"
"4440","Gele Myrobolan","Pruim","","","1850","Nee","Nee","Prunus domestica","https://deoerakker.cgn.wur.nl/or/detail.asp?Nr=4440","2026-09-10"
"4441","Golden Japan","Pruim","","Dessert, Japanse Pruim","1889","Ja","Nee","Prunus domestica","https://deoerakker.cgn.wur.nl/or/detail.asp?Nr=4441","2026-09-10"
"4442","Goliath","Pruim","","","1813","Nee","Ja","Prunus domestica","https://deoerakker.cgn.wur.nl/or/detail.asp?Nr=4442","2026-09-10"
"4443","Goudlarensche pruim","Pruim","Mirabelle","","1850","Nee","Nee","Prunus domestica","https://deoerakker.cgn.wur.nl/or/detail.asp?Nr=4443","2026-09-10"
"4444","Grote Zwartbruine Myrobolan","Pruim","","","1850","Nee","Nee","Prunus domestica","https://deoerakker.cgn.wur.nl/or/detail.asp?Nr=4444","2026-09-10"
"4445","Hauszwetsche","Pruim","Altesse Simple, Altesse Ordinaire, Augustpflaume, Basler Zwetsche, Bauernpflaume, Blaue Hauspflaume, Damas Gros, Deutsche Kwets, Duitse Kwets, Early Russian, Enkele Blauwe Kwets, Enkele Kwets, Gewone Altesse, Gewone Kwets, Kwets van Metz, Leipziger Kwets","Keuken, Droogpruim, Kwets","","Ja","Ja","Prunus domestica","https://deoerakker.cgn.wur.nl/or/detail.asp?Nr=4445","2026-09-10"
"4446","Heere pruim","Pruim","Groote Geele Eierpruim, Prune de Monsieur","","","Nee","Nee","Prunus domestica","https://deoerakker.cgn.wur.nl/or/detail.asp?Nr=4446","2026-09-10"
"4447","Herfstpruim van Canada","Pruim","","","1850","Nee","Nee","Prunus domestica","https://deoerakker.cgn.wur.nl/or/detail.asp?Nr=4447","2026-09-10"
"4448","Heron","Pruim","","Keuken, Dessert","1885","Nee","Ja","Prunus domestica","https://deoerakker.cgn.wur.nl/or/detail.asp?Nr=4448","2026-09-10"
"4449","Hongaarse Kwets","Pruim","D autriche, Backpflaume, Dadelpruim, Draaikwets, Hongarian, Hongarian Quetsche, Prune Datte, Prune Datte Violette, Ongersche Quets, Violette Dattelzwetsche, Ungarische Zwetsche","Dessert, Keuken, Kwets","","Ja","Nee","Prunus domestica","https://deoerakker.cgn.wur.nl/or/detail.asp?Nr=4449","2026-09-10"
"4450","Imperatice (Blanche)","Pruim","Witte Keizerinne pruim","","1850","Nee","Nee","Prunus domestica","https://deoerakker.cgn.wur.nl/or/detail.asp?Nr=4450","2026-09-10"
"4451","Imperatice (Violette)","Pruim","Blauwe Keizerinne Pruim","","1850","Nee","Nee","Prunus domestica","https://deoerakker.cgn.wur.nl/or/detail.asp?Nr=4451","2026-09-10"
"4452","Imperiale de Sharp","Pruim","Sharp s Emperor, Sharp's Kaiserpflaume","","","Nee","Nee","Prunus domestica","https://deoerakker.cgn.wur.nl/or/detail.asp?Nr=4452","2026-09-10"
"4453","Imperiale Ottoman","Pruim","Ottomanische Kaiserpflaume, Turkische Gelbe Pflaume","","","Ja","Nee","Prunus domestica","https://deoerakker.cgn.wur.nl/or/detail.asp?Nr=4453","2026-09-10"
"4454","Indische Myrobolan","Pruim","","","1850","Nee","Nee","Prunus domestica","https://deoerakker.cgn.wur.nl/or/detail.asp?Nr=4454","2026-09-10"
"4455","Isle Vert","Pruim","Groene Kwets, Olijfpruim, Ile verte","Keuken, Kwets","","Nee","Nee","Prunus domestica","https://deoerakker.cgn.wur.nl/or/detail.asp?Nr=4455","2026-09-10"
"4456","Italiaansche Kwets","Pruim","Auguste Zwetsche , Blauwe Kwets, Italiaansche Fellenberger Zwetsche, Schweizer Zwetsche, Quetsche D'italie Quetsche D'italie, Dubbelde Bakpruim, Grosse Englische Zwetsche, Italian Prune, Altesse Double, Prune D'ltalie, Semiana","Keuken, Dessert, Kwets","","Ja","Ja","Prunus domestica","https://deoerakker.cgn.wur.nl/or/detail.asp?Nr=4456","2026-09-10"
"4457","Jefferson","Pruim","","Tafel, Keuken","1825","Ja","Ja","Prunus domestica","https://deoerakker.cgn.wur.nl/or/detail.asp?Nr=4457","2026-09-10"
"4458","June Blood","Pruim","Kaapse Pruim","Tafel, Japanse Pruim","1927","Nee","Nee","Prunus domestica","https://deoerakker.cgn.wur.nl/or/detail.asp?Nr=4458","2026-09-10"
"4459","Kelsey, zeer groot, geel","Pruim","","Tafel, Japanse Pruim","1900","Nee","Nee","Prunus domestica","https://deoerakker.cgn.wur.nl/or/detail.asp?Nr=4459","2026-09-10"
"4460","Kers pruim","Pruim","Cerisette","","","Nee","Nee","Prunus domestica","https://deoerakker.cgn.wur.nl/or/detail.asp?Nr=4460","2026-09-10"
"4461","Kirke's","Pruim","Kirke's Blue, Kirkes s Plum","","1830","Ja","Nee","Prunus domestica","https://deoerakker.cgn.wur.nl/or/detail.asp?Nr=4461","2026-09-10"
"4462","Kleine Rode Eijerpruim","Pruim","Imperiale a Petit Fruit Violet","","1850","Nee","Nee","Prunus domestica","https://deoerakker.cgn.wur.nl/or/detail.asp?Nr=4462","2026-09-10"
"4463","Konings pruim","Pruim","Royale","","1850","Nee","Nee","Prunus domestica","https://deoerakker.cgn.wur.nl/or/detail.asp?Nr=4463","2026-09-10"
"4464","Kroosjes Blauw","Pruim","","","","Ja","Nee","Prunus domestica","https://deoerakker.cgn.wur.nl/or/detail.asp?Nr=4464","2026-09-10"
"4465","Kroosjes Rood","Pruim","Kerspruim, Rode Mirabel","Dessert","","Ja","Nee","Prunus domestica","https://deoerakker.cgn.wur.nl/or/detail.asp?Nr=4465","2026-09-10"
"4466","Lacinthe","Pruim","","","1850","Nee","Nee","Prunus domestica","https://deoerakker.cgn.wur.nl/or/detail.asp?Nr=4466","2026-09-10"
"4467","Lombard","Pruim","Bleeker s Scarlet, Bleeker s Rothe Pflaume, Beekman s Scarlet","Dessert, Keuken","1830","Nee","Ja","Prunus domestica","https://deoerakker.cgn.wur.nl/or/detail.asp?Nr=4467","2026-09-10"
"4468","Luntersche Groene","Pruim","","","1888","Nee","Nee","Prunus domestica","https://deoerakker.cgn.wur.nl/or/detail.asp?Nr=4468","2026-09-10"
"4469","Luntersche Grootte Mirabel","Pruim","","Mirabel","1888","Nee","Nee","Prunus domestica","https://deoerakker.cgn.wur.nl/or/detail.asp?Nr=4469","2026-09-10"
"4470","Mirabelle de Nancy","Pruim","Mirabelle Von Nancy, Damas Jaune, Double Drap D or, Dubbele Mirabelle, Goldpflaume, Gros Damas Blanc Grote Mirabelle, Mirabelle Perlee, Yellow Perdrigon, Grosse V. Nancy","Dessert, Keuken, Mirabel","1900","Ja","Ja","Prunus domestica","https://deoerakker.cgn.wur.nl/or/detail.asp?Nr=4470","2026-09-10"
"4471","Mirabelle Gelbe","Pruim","Mirabelle de Metz, Mirabelle, Gele Mirabelle, Mirabelle Petite, Mirabelle Abricotee, Mirabelle Precoce, Oranje pruim","Dessert, Keuken, Mirabel","","Nee","Ja","Prunus domestica","https://deoerakker.cgn.wur.nl/or/detail.asp?Nr=4471","2026-09-10"
"4472","Monarch","Pruim","Rivers Monarch","Tafel, Laat","","Ja","Ja","Prunus domestica","https://deoerakker.cgn.wur.nl/or/detail.asp?Nr=4472","2026-09-10"
"4473","Monsieur (Surpasse)","Pruim","","","1850","Nee","Nee","Prunus domestica","https://deoerakker.cgn.wur.nl/or/detail.asp?Nr=4473","2026-09-10"
"4474","Monsieur Hatif","Pruim","Amelie Violette, Altesse Blanche, Blauwe Franse Wijnpruim, Blauwe Reine Claude, Blauwe Wijnpruim, Blue Gage, Brignole Violet, Brioolpruim, du Roi, Early Orleans, Grimwood Early Orleans, Franse Blauwe, Gele Heerenpruim, Hampton Court, Herrn Pflauem, Monsie","Dessert, Vroeg","1786","Ja","Ja","Prunus domestica","https://deoerakker.cgn.wur.nl/or/detail.asp?Nr=4474","2026-09-10"
"4475","Monsieur Jaune","Pruim","","Tafel","","Ja","Ja","Prunus domestica","https://deoerakker.cgn.wur.nl/or/detail.asp?Nr=4475","2026-09-10"
"4476","Notarispruim","Pruim","","","1888","Nee","Nee","Prunus domestica","https://deoerakker.cgn.wur.nl/or/detail.asp?Nr=4476","2026-09-10"
"4477","Octoberblauwe","Pruim","","","","Nee","Nee","Prunus domestica","https://deoerakker.cgn.wur.nl/or/detail.asp?Nr=4477","2026-09-10"
"4478","Ontario","Pruim","","","1874","Ja","Ja","Prunus domestica","https://deoerakker.cgn.wur.nl/or/detail.asp?Nr=4478","2026-09-10"
"4479","Peach","Pruim","Peach Plum, Caledonian, Howell s Large, Imperial, Nectarine Pruim, Prune Peche, Jenkins Imperial, Rode Nectarine, Rothe Nectarine","Dessert","","Nee","Ja","Prunus domestica","https://deoerakker.cgn.wur.nl/or/detail.asp?Nr=4479","2026-09-10"
"4480","Perdrigon (Blanc)","Pruim","","","1850","Nee","Nee","Prunus domestica","https://deoerakker.cgn.wur.nl/or/detail.asp?Nr=4480","2026-09-10"
"4481","Perdrigon Hatyf","Pruim","Perdrigon","Keuken, Vroeg","","Nee","Ja","Prunus domestica","https://deoerakker.cgn.wur.nl/or/detail.asp?Nr=4481","2026-09-10"
"4482","Perdrigon Normand","Pruim","","","1850","Nee","Nee","Prunus domestica","https://deoerakker.cgn.wur.nl/or/detail.asp?Nr=4482","2026-09-10"
"4483","Perdrigon Rouge","Pruim","","","1850","Nee","Ja","Prunus domestica","https://deoerakker.cgn.wur.nl/or/detail.asp?Nr=4483","2026-09-10"
"4484","Perdrigon Violet","Pruim","Brignole Violet, Paarse Perdrigon, Blue Perdrigon","Dessert, Keuken","","Nee","Nee","Prunus domestica","https://deoerakker.cgn.wur.nl/or/detail.asp?Nr=4484","2026-09-10"
"4485","Pershore","Pruim","Yellow Egg","Keuken","1827","Nee","Ja","Prunus domestica","https://deoerakker.cgn.wur.nl/or/detail.asp?Nr=4485","2026-09-10"
"4486","Pond's Seedling","Pruim","Plum de L'inde, Ponds Samling, Ponds Pourple, Red Egg","Keuken","","Nee","Ja","Prunus domestica","https://deoerakker.cgn.wur.nl/or/detail.asp?Nr=4486","2026-09-10"
"4487","Precoce de Tours","Pruim","Noire Hative, Amelie Noir, Early Violet, Amelie Noir, St. Janspruim, St. Jean, Violet de Tours, Zware Amelie Pruim","","1850","Nee","Ja","Prunus domestica","https://deoerakker.cgn.wur.nl/or/detail.asp?Nr=4487","2026-09-10"
"4488","President","Pruim","","Dessert, Keuken, Laat","1901","Ja","Ja","Prunus domestica","https://deoerakker.cgn.wur.nl/or/detail.asp?Nr=4488","2026-09-10"
"4489","Prince Engelbert","Pruim","","Tafel, Keuken","1842","Ja","Ja","Prunus domestica","https://deoerakker.cgn.wur.nl/or/detail.asp?Nr=4489","2026-09-10"
"4490","Prince of Wales","Pruim","","","1830","Nee","Ja","Prunus domestica","https://deoerakker.cgn.wur.nl/or/detail.asp?Nr=4490","2026-09-10"
"4491","Prinsenpruim","Pruim","Prune de Prince","","1912","Nee","Nee","Prunus domestica","https://deoerakker.cgn.wur.nl/or/detail.asp?Nr=4491","2026-09-10"
"4492","Prune Bifere","Pruim","Bonne de Deux Fois L'an","","1850","Nee","Nee","Prunus domestica","https://deoerakker.cgn.wur.nl/or/detail.asp?Nr=4492","2026-09-10"
"4493","Prune de Catalogne","Pruim","Catalogne pruim, St. Barnabe","","1850","Nee","Nee","Prunus domestica","https://deoerakker.cgn.wur.nl/or/detail.asp?Nr=4493","2026-09-10"
"4494","Purple Pershore","Pruim","Martin s Seedling","","","Nee","Ja","Prunus domestica","https://deoerakker.cgn.wur.nl/or/detail.asp?Nr=4494","2026-09-10"
"4495","Quets (Ronde)","Pruim","Ronde Quets, Bonte Kwets, Quetsche a Fruit Raccourci","Keuken, Kwets","","Nee","Nee","Prunus domestica","https://deoerakker.cgn.wur.nl/or/detail.asp?Nr=4495","2026-09-10"
"4496","Rademaker","Pruim","Raedemakers","","","Nee","Nee","Prunus domestica","https://deoerakker.cgn.wur.nl/or/detail.asp?Nr=4496","2026-09-10"
"4497","Reine blanche de Galopin","Pruim","","","1850","Nee","Nee","Prunus domestica","https://deoerakker.cgn.wur.nl/or/detail.asp?Nr=4497","2026-09-10"
"4498","Reine Claude Betterave","Pruim","","","1850","Nee","Nee","Prunus domestica","https://deoerakker.cgn.wur.nl/or/detail.asp?Nr=4498","2026-09-10"
"4499","Reine Claude Conducta","Pruim","Reine Claude de Conducte, Conducte Reine Claude De, Conducta","Keuken, Reine Claude","1940","Ja","Ja","Prunus domestica","https://deoerakker.cgn.wur.nl/or/detail.asp?Nr=4499","2026-09-10"
"4500","Reine Claude d'Althann","Pruim","Reine Claude Compte D'althann, Count Althann's Gage, Graf Althann's Reneclode","Tafel, Reine Claude","1867","Ja","Ja","Prunus domestica","https://deoerakker.cgn.wur.nl/or/detail.asp?Nr=4500","2026-09-10"
"4501","Reine Claude de Bavay","Pruim","","Reine Claude","1843","Ja","Ja","Prunus domestica","https://deoerakker.cgn.wur.nl/or/detail.asp?Nr=4501","2026-09-10"
"4502","Reine Claude de Boddaerts","Pruim","Boddaerts Green Gage, Boddaerts Reine Claude","Tafel, Reine Claude","1867","Nee","Nee","Prunus domestica","https://deoerakker.cgn.wur.nl/or/detail.asp?Nr=4502","2026-09-10"
"4503","Reine Claude de Brahy","Pruim","Brahy's Green Gage","Tafel, Reine Claude","1850","Nee","Ja","Prunus domestica","https://deoerakker.cgn.wur.nl/or/detail.asp?Nr=4503","2026-09-10"
"4504","Reine Claude de Razaimbaut","Pruim","","Reine Claude","1900","Nee","Nee","Prunus domestica","https://deoerakker.cgn.wur.nl/or/detail.asp?Nr=4504","2026-09-10"
"4505","Reine Claude d'Oullins","Pruim","Massot, Oullins Gage, Washington Falso, Massot, Oullins Golden Gage, Reine Claude Precoce","Tafel, Reine Claude","1860","Ja","Ja","Prunus domestica","https://deoerakker.cgn.wur.nl/or/detail.asp?Nr=4505","2026-09-10"
"4506","Reine Claude Semi double","Pruim","","","1850","Nee","Nee","Prunus domestica","https://deoerakker.cgn.wur.nl/or/detail.asp?Nr=4506","2026-09-10"
"4507","Reine Claude Tardive","Pruim","Tardive de Chamboury, Reine Claude Tardive de Chamboury, Reine Claude de Chamboury","","1850","Nee","Ja","Prunus domestica","https://deoerakker.cgn.wur.nl/or/detail.asp?Nr=4507","2026-09-10"
"4508","Reine Claude Vanbeers","Pruim","","Reine Claude","1940","Nee","Nee","Prunus domestica","https://deoerakker.cgn.wur.nl/or/detail.asp?Nr=4508","2026-09-10"
"4509","Reine Claude Verte","Pruim","Reine Claude Doree, Reine Claude Abricot Vert, Damas Vert, Dauphine, Groote Groene Reineclaude, Grosse Grune Reneclode, Green Gage, Gute Grune, Ringelot, Reine Claude Ancienne, Almindelig Gron Reine Claude, Vanlig. Gron. Reine Claude, Trompe Valet, Trompe","Tafel, Keuken, Fabriek, Reine Claude","vroe","Ja","Ja","Prunus domestica","https://deoerakker.cgn.wur.nl/or/detail.asp?Nr=4509","2026-09-10"
"4510","Reine Claude Violette","Pruim","Purple Gage, Reine Claude Violette, Violet Gage; Violette Reine Claude, Violette, Violet Queen Claude","Tafel, Reine Claude","","Nee","Ja","Prunus domestica","https://deoerakker.cgn.wur.nl/or/detail.asp?Nr=4510","2026-09-10"
"4511","Reine des Mirabelles","Pruim","","Dessert, Keuken, Mirabel","","Nee","Nee","Prunus domestica","https://deoerakker.cgn.wur.nl/or/detail.asp?Nr=4511","2026-09-10"
"4512","Reizensteiner Gele Kwets","Pruim","Reizensteiner Gelbe Zwetsche, Reitzensteiner Zwetsche, Die Reizensteiner Zwetsche, Geele Late Kwets, Geele Late Kwets","","","Nee","Nee","Prunus domestica","https://deoerakker.cgn.wur.nl/or/detail.asp?Nr=4512","2026-09-10"
"4513","Renswouder Blauw","Pruim","","","1887","Nee","Nee","Prunus domestica","https://deoerakker.cgn.wur.nl/or/detail.asp?Nr=4513","2026-09-10"
"4514","Rode Abrikozepruim","Pruim","Roode Abrikozepruim, Apricot Rouge, Leuvense Pruim, Prune Abricot, Rode Abrikoos Rothe Apricosenpflaume, Prune Peche","Tafel, Abrikoospruim","","Ja","Nee","Prunus domestica","https://deoerakker.cgn.wur.nl/or/detail.asp?Nr=4514","2026-09-10"
"4515","Roiale","Pruim","","","","Nee","Nee","Prunus domestica","https://deoerakker.cgn.wur.nl/or/detail.asp?Nr=4515","2026-09-10"
"4516","Ros pruim (Dubbelde)","Pruim","Dubbelde Ros pruim, Dubbele Paardenpruim, Dubbele Ros pruim","","","Nee","Nee","Prunus domestica","https://deoerakker.cgn.wur.nl/or/detail.asp?Nr=4516","2026-09-10"
"4517","Ros pruim (Enkele)","Pruim","Enkele Ros pruim","","1850","Nee","Nee","Prunus domestica","https://deoerakker.cgn.wur.nl/or/detail.asp?Nr=4517","2026-09-10"
"4518","Rouge et Blanche","Pruim","","","1850","Nee","Nee","Prunus domestica","https://deoerakker.cgn.wur.nl/or/detail.asp?Nr=4518","2026-09-10"
"4519","Royale de Tours","Pruim","Blauwe Koningspruim, Diels Koningspflaume, Prune D abricot","","1850","Nee","Ja","Prunus domestica","https://deoerakker.cgn.wur.nl/or/detail.asp?Nr=4519","2026-09-10"
"4520","Royale Hative","Pruim","","","1850","Nee","Nee","Prunus domestica","https://deoerakker.cgn.wur.nl/or/detail.asp?Nr=4520","2026-09-10"
"4521","Ruth Gerstetter","Pruim","","Dessert, Keuken, Vroeg","","Nee","Ja","Prunus domestica","https://deoerakker.cgn.wur.nl/or/detail.asp?Nr=4521","2026-09-10"
"4522","Sans Noyau","Pruim","","","1850","Nee","Nee","Prunus domestica","https://deoerakker.cgn.wur.nl/or/detail.asp?Nr=4522","2026-09-10"
"4523","Santa Rosa","Pruim","Rosa Santa","Tafel, Japanse Pruim","1907","Nee","Ja","Prunus domestica","https://deoerakker.cgn.wur.nl/or/detail.asp?Nr=4523","2026-09-10"
"4524","Satsuma","Pruim","Blood Plum","Tafel, Japanse Pruim","1889","Nee","Ja","Prunus domestica","https://deoerakker.cgn.wur.nl/or/detail.asp?Nr=4524","2026-09-10"
"4525","Sharp s Emperor","Pruim","Sharp's Kaiserpflaume, Imperiale de Sharp","","","Nee","Nee","Prunus domestica","https://deoerakker.cgn.wur.nl/or/detail.asp?Nr=4525","2026-09-10"
"4526","Slee pruim","Pruim","Grootvruchtige Sleedoorn","","","Nee","Nee","Prunus domestica","https://deoerakker.cgn.wur.nl/or/detail.asp?Nr=4526","2026-09-10"
"4527","Spath Fruhoste","Pruim","","","1934","Nee","Nee","Prunus domestica","https://deoerakker.cgn.wur.nl/or/detail.asp?Nr=4527","2026-09-10"
"4528","Spilling (Geele Dubbelde)","Pruim","Geele Dubbelde Spilling","","","Nee","Nee","Prunus domestica","https://deoerakker.cgn.wur.nl/or/detail.asp?Nr=4528","2026-09-10"
"4529","Spilling (Geele Enkelde)","Pruim","Geele Enkelde Spilling","","","Nee","Nee","Prunus domestica","https://deoerakker.cgn.wur.nl/or/detail.asp?Nr=4529","2026-09-10"
"4530","St. Julien (Gros)","Pruim","","","1850","Nee","Ja","Prunus domestica","https://deoerakker.cgn.wur.nl/or/detail.asp?Nr=4530","2026-09-10"
"4531","St. Julien (Petit)","Pruim","","","1850","Nee","Nee","Prunus domestica","https://deoerakker.cgn.wur.nl/or/detail.asp?Nr=4531","2026-09-10"
"4532","St. Katherine pruim","Pruim","","","","Nee","Nee","Prunus domestica","https://deoerakker.cgn.wur.nl/or/detail.asp?Nr=4532","2026-09-10"
"4533","Tollenaarspruim","Pruim","","Fabriek","","Nee","Nee","Prunus domestica","https://deoerakker.cgn.wur.nl/or/detail.asp?Nr=4533","2026-09-10"
"4534","Tonne Boer","Pruim","Bangertse Tonneboer, Westlandse Tonnenboer, Witte Kwets","","1927","Ja","Nee","Prunus domestica","https://deoerakker.cgn.wur.nl/or/detail.asp?Nr=4534","2026-09-10"
"4535","Tragedie","Pruim","Tragedie, Hative de Paris","Keuken","","Nee","Ja","Prunus domestica","https://deoerakker.cgn.wur.nl/or/detail.asp?Nr=4535","2026-09-10"
"4536","Tragedy","Pruim","","Tafel, Vroeg","1870","Ja","Ja","Prunus domestica","https://deoerakker.cgn.wur.nl/or/detail.asp?Nr=4536","2026-09-10"
"4537","Transparant Gage","Pruim","Transparant Jaune, Reine Claude Diaphane, Reine Claude Transparente","Dessert En Keuken","1845","Ja","Ja","Prunus domestica","https://deoerakker.cgn.wur.nl/or/detail.asp?Nr=4537","2026-09-10"
"4538","Utility","Pruim","","Tafel","1905","Nee","Ja","Prunus domestica","https://deoerakker.cgn.wur.nl/or/detail.asp?Nr=4538","2026-09-10"
"4539","Victoria","Pruim","Alderton, Dauphine, Englische Pflaume, Purple Gage, Victoria Blomme, Dronning Victoria, Victoria Drowing, Reine Victoire, Reine Victoria, Queen Victoria, Victoria Denyers","Tafel, Fabriek","1844","Ja","Ja","Prunus domestica","https://deoerakker.cgn.wur.nl/or/detail.asp?Nr=4539","2026-09-10"
"4540","Violet Kleurige Myrobolan","Pruim","","","1850","Nee","Nee","Prunus domestica","https://deoerakker.cgn.wur.nl/or/detail.asp?Nr=4540","2026-09-10"
"4541","Wangenheims Fruh Zwetsch","Pruim","Wangenheims Fruehzwetsche","Dessert En Keuken","","Ja","Ja","Prunus domestica","https://deoerakker.cgn.wur.nl/or/detail.asp?Nr=4541","2026-09-10"
"4542","Washington","Pruim","New Washington, Franklin Bolmar, Bolmar's Washington, Washington Jaune, Philippe Premier, Jackson, Die Washington, Washington Pflaume, Irving's Bolmar, Parker's Mammoth","","","Ja","Ja","Prunus domestica","https://deoerakker.cgn.wur.nl/or/detail.asp?Nr=4542","2026-09-10"
"4543","Witte abrikoos pruim","Pruim","","","1850","Nee","Nee","Prunus domestica","https://deoerakker.cgn.wur.nl/or/detail.asp?Nr=4543","2026-09-10"
"2599","Abbesse de Mouland","Kers","Bastaard dikke, Eisdensche kers, Ijs kers","Kriek","1943","Nee","Ja","Prunus spp.","https://deoerakker.cgn.wur.nl/or/detail.asp?Nr=2599","2026-09-10"
"2600","Abbesse d'Oignies","Kers","","","1854","Nee","Nee","Prunus spp.","https://deoerakker.cgn.wur.nl/or/detail.asp?Nr=2600","2026-09-10"
"2601","Adam's Crown","Kers","Adams Herzkirsche","","","Nee","Nee","Prunus spp.","https://deoerakker.cgn.wur.nl/or/detail.asp?Nr=2601","2026-09-10"
"2602","Agaat kers","Kers","","Zoete kers","","Nee","Nee","Prunus spp.","https://deoerakker.cgn.wur.nl/or/detail.asp?Nr=2602","2026-09-10"
"2603","Anglaise Hative","Kers","May Duke, Duke Cherry, May Cherry, Rothe Maikirsche, Royale Hative, Royal Cherry Duke, Esel Kirsche, Cerise de mai, Mai Herzogskirsche, belle de Worseleuy, Koningskirsche, Royale d'Angleterre","","","Nee","Ja","Prunus spp.","https://deoerakker.cgn.wur.nl/or/detail.asp?Nr=2603","2026-09-10"
"2604","Arch Duke","Kers","Griotte de Portugal, Cerise Royale de Hollande, Cerise de Portugal, Herzogkirsche, Portugesischer Griottier Weichselbaum","Prunus avium x Prunus cerasus","<1629","Nee","Nee","Prunus spp.","https://deoerakker.cgn.wur.nl/or/detail.asp?Nr=2604","2026-09-10"
"2605","Arends kers","Kers","","Zoete kers","","Nee","Nee","Prunus spp.","https://deoerakker.cgn.wur.nl/or/detail.asp?Nr=2605","2026-09-10"
"2606","Asdonkse","Kers","","","","Nee","Nee","Prunus spp.","https://deoerakker.cgn.wur.nl/or/detail.asp?Nr=2606","2026-09-10"
"2607","Baumann May","Kers","Baumann's May","","1800","Nee","Ja","Prunus spp.","https://deoerakker.cgn.wur.nl/or/detail.asp?Nr=2607","2026-09-10"
"2608","Beeksche Late","Kers","Bigarreau tardif de Beek, Late Beek Bigarreau, Spate Beeksche","Kriek","","Nee","Nee","Prunus spp.","https://deoerakker.cgn.wur.nl/or/detail.asp?Nr=2608","2026-09-10"
"2609","Belle de Choisy","Kers","De la Palmbre, Doucette","Zoete kers","","Nee","Nee","Prunus spp.","https://deoerakker.cgn.wur.nl/or/detail.asp?Nr=2609","2026-09-10"
"2610","Belle de Ribaucourt","Kers","Cerise belle de Ribaucourt","","1850","Nee","Nee","Prunus spp.","https://deoerakker.cgn.wur.nl/or/detail.asp?Nr=2610","2026-09-10"
"2611","Belle magnifique","Kers","Magnifique, Belle et magnifique, Belle de magnifique, Belle de Chatenay","","","Nee","Ja","Prunus spp.","https://deoerakker.cgn.wur.nl/or/detail.asp?Nr=2611","2026-09-10"
"2612","Bies kers","Kers","Guigne Bies, Bies Gean, Biesherzkirsche","Kriek","","Nee","Nee","Prunus spp.","https://deoerakker.cgn.wur.nl/or/detail.asp?Nr=2612","2026-09-10"
"2613","Bigarreau Belle de Rocmond","Kers","","Spaanse kers","","Nee","Nee","Prunus spp.","https://deoerakker.cgn.wur.nl/or/detail.asp?Nr=2613","2026-09-10"
"2614","Bigarreau de Florence","Kers","","Spaanse kers","","Nee","Nee","Prunus spp.","https://deoerakker.cgn.wur.nl/or/detail.asp?Nr=2614","2026-09-10"
"2615","Bigarreau de Mai","Kers","","Spaanse kers","","Nee","Nee","Prunus spp.","https://deoerakker.cgn.wur.nl/or/detail.asp?Nr=2615","2026-09-10"
"2616","Bigarreau de Napels","Kers","","Spaanse kers","","Nee","Nee","Prunus spp.","https://deoerakker.cgn.wur.nl/or/detail.asp?Nr=2616","2026-09-10"
"2617","Bigarreau Kentisch","Kers","Graffion, Kentische Knorpelkirsche","","","Nee","Nee","Prunus spp.","https://deoerakker.cgn.wur.nl/or/detail.asp?Nr=2617","2026-09-10"
"2618","Bigarreau Monstrueux de Mezel","Kers","","Spaanse kers","","Nee","Nee","Prunus spp.","https://deoerakker.cgn.wur.nl/or/detail.asp?Nr=2618","2026-09-10"
"2619","Bigarreau Noir","Kers","Bigarreau noir tardif, Late Black Bigarreau, Spate Schwarze Knorpelkirsche","Spaanse kers","","Nee","Ja","Prunus spp.","https://deoerakker.cgn.wur.nl/or/detail.asp?Nr=2619","2026-09-10"
"2620","Bigarreau Pelissier","Kers","","","1891","Nee","Nee","Prunus spp.","https://deoerakker.cgn.wur.nl/or/detail.asp?Nr=2620","2026-09-10"
"2621","Black Eagle","Kers","Eagle, Schwarzer Adler","Zoete kers","1806","Nee","Ja","Prunus spp.","https://deoerakker.cgn.wur.nl/or/detail.asp?Nr=2621","2026-09-10"
"2622","Blankette","Kers","","Kriek","1932","Nee","Nee","Prunus spp.","https://deoerakker.cgn.wur.nl/or/detail.asp?Nr=2622","2026-09-10"
"2623","Boskoper","Kers","","Rojalen","1932","Nee","Nee","Prunus spp.","https://deoerakker.cgn.wur.nl/or/detail.asp?Nr=2623","2026-09-10"
"2624","Bourgueil","Kers","Cerise de Bourgueil, Montmorency de Bourgueil","Zure kers","1844","Nee","Nee","Prunus spp.","https://deoerakker.cgn.wur.nl/or/detail.asp?Nr=2624","2026-09-10"
"2625","Braunauer Knorpel","Kers","Braunauer","","","Nee","Ja","Prunus spp.","https://deoerakker.cgn.wur.nl/or/detail.asp?Nr=2625","2026-09-10"
"2626","Bruine Vlees kers","Kers","Bigarreaubrun, Brown Bigarreau, Braune Knorpelkirsche","","","Ja","Nee","Prunus spp.","https://deoerakker.cgn.wur.nl/or/detail.asp?Nr=2626","2026-09-10"
"2627","Bruine Waalsche","Kers","Griotte de Portugal ? (Brown Duke) Doctorkirsche ?","","","Nee","Nee","Prunus spp.","https://deoerakker.cgn.wur.nl/or/detail.asp?Nr=2627","2026-09-10"
"2628","Brusselse bruine","Kers","Brusselsche bruine, Brusseler Braune,Zeeuwse bruine, Zoete Morellen","Kriek","1943","Nee","Ja","Prunus spp.","https://deoerakker.cgn.wur.nl/or/detail.asp?Nr=2628","2026-09-10"
"2629","Bunte Amarelle","Kers","","","1819","Nee","Nee","Prunus spp.","https://deoerakker.cgn.wur.nl/or/detail.asp?Nr=2629","2026-09-10"
"2630","Buttners gelbe Knorpelkirsche","Kers","Buttners Yellow, Buttners Wachs Knorpelkirsche, Buttners gelbe Knorpel","","","Nee","Nee","Prunus spp.","https://deoerakker.cgn.wur.nl/or/detail.asp?Nr=2630","2026-09-10"
"2631","Buttners rode Knorpelkirsche","Kers","Bigarreau rouge de Butner, Butners Rohte Marmorkirsche, Buttners Spate Rote Knorpelkirsche, Wimmertingse","","","Nee","Ja","Prunus spp.","https://deoerakker.cgn.wur.nl/or/detail.asp?Nr=2631","2026-09-10"
"2632","Buttners zwarte Hart kers","Kers","Buttner's schwarze Herzkirsche, Buttner's neue schwarze Herzkirsche, Neue schwarze Herzkirsche, Guigne noire de Buttner, Black Heart, Buttner's","","","Nee","Nee","Prunus spp.","https://deoerakker.cgn.wur.nl/or/detail.asp?Nr=2632","2026-09-10"
"2633","Cadopsche kers","Kers","Hertogs kers","Zoete kers","","Nee","Nee","Prunus spp.","https://deoerakker.cgn.wur.nl/or/detail.asp?Nr=2633","2026-09-10"
"2634","Carnation","Kers","Cerise d'Orange, Rothe Oranienkirsche","Zure kers","<1676","Nee","Ja","Prunus spp.","https://deoerakker.cgn.wur.nl/or/detail.asp?Nr=2634","2026-09-10"
"2635","Cerise Guinge","Kers","","Zoete kers","","Nee","Nee","Prunus spp.","https://deoerakker.cgn.wur.nl/or/detail.asp?Nr=2635","2026-09-10"
"2636","Cerise Lemercier","Kers","Lemercier Cherry, Spate Lemercier","","","Nee","Nee","Prunus spp.","https://deoerakker.cgn.wur.nl/or/detail.asp?Nr=2636","2026-09-10"
"2637","Cherry Duck","Kers","","Zoete kers","","Nee","Nee","Prunus spp.","https://deoerakker.cgn.wur.nl/or/detail.asp?Nr=2637","2026-09-10"
"2638","Choisy","Kers","","Zure kers","1760","Nee","Nee","Prunus spp.","https://deoerakker.cgn.wur.nl/or/detail.asp?Nr=2638","2026-09-10"
"2639","Cluster","Kers","Flanders Cluster, Cerisier a Bouquet, Tros kers, Trauben Amarelle, Bouquet Amarelle, Griotte a Bouquet","Zure kers","<1586","Nee","Nee","Prunus spp.","https://deoerakker.cgn.wur.nl/or/detail.asp?Nr=2639","2026-09-10"
"2640","Coburger Maiherzkirsche","Kers","Black Guigne, Scheur kers, Fruhe Schwarze Herzhkirsche, Guigne Bigaudelle, Guigne Noire Commune, Noire Hative de Coboug","Zoete kers","<1800","Nee","Ja","Prunus spp.","https://deoerakker.cgn.wur.nl/or/detail.asp?Nr=2640","2026-09-10"
"2641","Coeur de Pigeon","Kers","Bigarreau a Tres gros Fruit Ambre","Spaanse kers","","Nee","Ja","Prunus spp.","https://deoerakker.cgn.wur.nl/or/detail.asp?Nr=2641","2026-09-10"
"2642","Coulard de Hollande","Kers","","Zoete kers","","Nee","Nee","Prunus spp.","https://deoerakker.cgn.wur.nl/or/detail.asp?Nr=2642","2026-09-10"
"2643","De la Toussaint","Kers","","Zoete kers","","Nee","Nee","Prunus spp.","https://deoerakker.cgn.wur.nl/or/detail.asp?Nr=2643","2026-09-10"
"2644","De Varenne","Kers","","Zoete kers","","Nee","Nee","Prunus spp.","https://deoerakker.cgn.wur.nl/or/detail.asp?Nr=2644","2026-09-10"
"2645","De Villenes","Kers","","Zoete kers","","Nee","Nee","Prunus spp.","https://deoerakker.cgn.wur.nl/or/detail.asp?Nr=2645","2026-09-10"
"2646","Dikke Loen","Kers","Dikkeloen","Kriek","1943","Nee","Ja","Prunus spp.","https://deoerakker.cgn.wur.nl/or/detail.asp?Nr=2646","2026-09-10"
"2647","Dimitzer Amarelle","Kers","","","","Nee","Nee","Prunus spp.","https://deoerakker.cgn.wur.nl/or/detail.asp?Nr=2647","2026-09-10"
"2648","Donissens gelbe Knorpel","Kers","Donissens Gelbe","","","Ja","Ja","Prunus spp.","https://deoerakker.cgn.wur.nl/or/detail.asp?Nr=2648","2026-09-10"
"2649","Double Glass","Kers","Amarelle Double de Verre","Zure kers","1792","Nee","Nee","Prunus spp.","https://deoerakker.cgn.wur.nl/or/detail.asp?Nr=2649","2026-09-10"
"2650","Double Natte","Kers","Van der Nat kers, Cerise van der Nat, kirsche von der Natte","Prunus cerasus","1771","Nee","Nee","Prunus spp.","https://deoerakker.cgn.wur.nl/or/detail.asp?Nr=2650","2026-09-10"
"2651","Downton","Kers","","","1864","Nee","Nee","Prunus spp.","https://deoerakker.cgn.wur.nl/or/detail.asp?Nr=2651","2026-09-10"
"2652","Drogans gelbe Knorpelkirsche","Kers","Citroenkers, Witte wijn kers","Kriek","1808","Nee","Ja","Prunus spp.","https://deoerakker.cgn.wur.nl/or/detail.asp?Nr=2652","2026-09-10"
"2653","Drogans Weisse Knorpel","Kers","","","","Nee","Nee","Prunus spp.","https://deoerakker.cgn.wur.nl/or/detail.asp?Nr=2653","2026-09-10"
"2654","Dubbele Mei kers","Kers","Mei kers(dubbele), Gelderse Mei kers, Tot et Tard, Dutch Duke, Hollandische Sussweichsel, Rothe Mai kirsche, Mayduke, Early Duke, Large May Duke, de Hollande, Royale hative","Rojalen","","Ja","Nee","Prunus spp.","https://deoerakker.cgn.wur.nl/or/detail.asp?Nr=2654","2026-09-10"
"2655","Dubbele Morel kers","Kers","Zure Morel, Morello, Dutch Morello, Black Morello, Griotte du Nord, Grosse Lange Lothkirsche, Schattenmorelle, Noordkriek, Milan, Pfundkirsche, Michaeliskirsche","Walen","1932","Nee","Ja","Prunus spp.","https://deoerakker.cgn.wur.nl/or/detail.asp?Nr=2655","2026-09-10"
"2656","Duitsche Morel kers","Kers","","Morel","","Nee","Nee","Prunus spp.","https://deoerakker.cgn.wur.nl/or/detail.asp?Nr=2656","2026-09-10"
"2657","Early May","Kers","May, Fruhe Zwergweichsel, Amarell Weichsel, Precoce de Montreuil, Griottier Nain Precoce","Prunus fruticosa","1540","Nee","Nee","Prunus spp.","https://deoerakker.cgn.wur.nl/or/detail.asp?Nr=2657","2026-09-10"
"2658","Early Purple","Kers","Purple Cherry, Early Purple Guigne, purple Gigne","Zoete kers","","Nee","Nee","Prunus spp.","https://deoerakker.cgn.wur.nl/or/detail.asp?Nr=2658","2026-09-10"
"2659","Early Richmond","Kers","Flanders, Kentisch, Cerisier Hatif, Cerise de Volger, Fruhzeitige Amarelle, Early Griotte, French","Zure kers","","Nee","Ja","Prunus spp.","https://deoerakker.cgn.wur.nl/or/detail.asp?Nr=2659","2026-09-10"
"2660","Early Rivers","Kers","Vroege Duitse, Duitse mei kers, Franse mei kers, Linde kers, Gelderse kers","Kriek","1869","Ja","Ja","Prunus spp.","https://deoerakker.cgn.wur.nl/or/detail.asp?Nr=2660","2026-09-10"
"2661","Eierkriek","Kers","Ouigne forme d'oeuf, Egg Heart, Eierherzkirsche","Kriek","1932","Nee","Nee","Prunus spp.","https://deoerakker.cgn.wur.nl/or/detail.asp?Nr=2661","2026-09-10"
"2662","Elkhorn","Kers","Tradescant's Black Heart","","1629","Nee","Ja","Prunus spp.","https://deoerakker.cgn.wur.nl/or/detail.asp?Nr=2662","2026-09-10"
"2663","Elton Heart","Kers","Elton kers, Bigarreau d'Elton, Flesh coloured Bigarreau, Bigarreau Elton","Kriek","1806","Nee","Ja","Prunus spp.","https://deoerakker.cgn.wur.nl/or/detail.asp?Nr=2663","2026-09-10"
"2664","Empress Eugenie","Kers","Eugenie","Prunus avium x Prunus cerasus","1845","Nee","Nee","Prunus spp.","https://deoerakker.cgn.wur.nl/or/detail.asp?Nr=2664","2026-09-10"
"2665","Engelse Morello","Kers","English Morello, Grosze Cerise Ratafia, Grosze lange Lotjkirsche, Large Morello","Zure kers","1862","Nee","Nee","Prunus spp.","https://deoerakker.cgn.wur.nl/or/detail.asp?Nr=2665","2026-09-10"
"2666","Enkele Morel kers","Kers","","Morel","","Nee","Nee","Prunus spp.","https://deoerakker.cgn.wur.nl/or/detail.asp?Nr=2666","2026-09-10"
"2667","Flemisch","Kers","Large Montmorency, Grosze Glaskirsche von Montmorency, Short stem Montmorency, Kentish","Zure kers","1739","Nee","Ja","Prunus spp.","https://deoerakker.cgn.wur.nl/or/detail.asp?Nr=2667","2026-09-10"
"2668","Florence","Kers","Knevett's Late Bigarreau, Bigarreau de Florence, Florence Heart","Zoete kers","1800","Nee","Ja","Prunus spp.","https://deoerakker.cgn.wur.nl/or/detail.asp?Nr=2668","2026-09-10"
"2669","Folgerkirsche","Kers","","","","Nee","Nee","Prunus spp.","https://deoerakker.cgn.wur.nl/or/detail.asp?Nr=2669","2026-09-10"
"2670","Frogmore Early","Kers","Guigne precoce de Frogmore. Fruhe von Frogmore.","Kriek","1932","Nee","Ja","Prunus spp.","https://deoerakker.cgn.wur.nl/or/detail.asp?Nr=2670","2026-09-10"
"2671","Fruheste der Mark","Kers","Precoce de la Mark","","","Nee","Ja","Prunus spp.","https://deoerakker.cgn.wur.nl/or/detail.asp?Nr=2671","2026-09-10"
"2672","Gascoign Cherry","Kers","Gascoigne, Red Heart, Bleeding Heart","","1629","Nee","Nee","Prunus spp.","https://deoerakker.cgn.wur.nl/or/detail.asp?Nr=2672","2026-09-10"
"2673","Gegroefde Kes","Kers","Cerise brune a cotes, Furrowed Cherry, Gefurchte Sussweichsel","","","Nee","Nee","Prunus spp.","https://deoerakker.cgn.wur.nl/or/detail.asp?Nr=2673","2026-09-10"
"2674","Germersdorfer","Kers","Germersdorf, Bigarreau noir de Germersdorf, Germersdorfer Grosse Kirsche","","","Nee","Ja","Prunus spp.","https://deoerakker.cgn.wur.nl/or/detail.asp?Nr=2674","2026-09-10"
"2675","Glas kers","Kers","Glaskirsche, Dubbele Volger,Volger, Glimmend, Guldemonds kers, Gulde Wagens kers, Schimmelpennings kers","Zoete kers","","Nee","Ja","Prunus spp.","https://deoerakker.cgn.wur.nl/or/detail.asp?Nr=2675","2026-09-10"
"2676","Gloire de la Meuse","Kers","Maasruhm","","","Nee","Nee","Prunus spp.","https://deoerakker.cgn.wur.nl/or/detail.asp?Nr=2676","2026-09-10"
"2677","Goessche Kortsteel","Kers","Zure Kortstaart, van Geense","","","Nee","Nee","Prunus spp.","https://deoerakker.cgn.wur.nl/or/detail.asp?Nr=2677","2026-09-10"
"2678","Governor Wood","Kers","Guigne Gouverneur Wood. Gouverneur Wood","Kriek","1932","Nee","Ja","Prunus spp.","https://deoerakker.cgn.wur.nl/or/detail.asp?Nr=2678","2026-09-10"
"2679","Great Bigarreau","Kers","Bigarreau Monstueux, Bigarreau de Mezel, Mezel, monstrueuse de mezel, Schwarze Knorpel von Mezel","","<1846","Nee","Ja","Prunus spp.","https://deoerakker.cgn.wur.nl/or/detail.asp?Nr=2679","2026-09-10"
"2680","Griotte de la Toussaint","Kers","Cerister de la Toussaint, All Saints Cherry, Allerheiligenkirsche","","","Nee","Ja","Prunus spp.","https://deoerakker.cgn.wur.nl/or/detail.asp?Nr=2680","2026-09-10"
"2681","Gros Gobet","Kers","","Zoete kers","","Nee","Nee","Prunus spp.","https://deoerakker.cgn.wur.nl/or/detail.asp?Nr=2681","2026-09-10"
"2682","Guigne Belle d'Orleans","Kers","","","","Nee","Nee","Prunus spp.","https://deoerakker.cgn.wur.nl/or/detail.asp?Nr=2682","2026-09-10"
"2683","Hedelfinger Riesenkirsche","Kers","Hedelfinger, Monstrueuse d' Hedelfingen, Bradbourne Black","","","Ja","Ja","Prunus spp.","https://deoerakker.cgn.wur.nl/or/detail.asp?Nr=2683","2026-09-10"
"2684","Hildesheim","Kers","Agathe, Doppelttragende Kleine Rohte Spatkirsche, Late Red Guigne, Bigareau Tardif de Hildesheim, Merveille de Septembre","","1768","Nee","Ja","Prunus spp.","https://deoerakker.cgn.wur.nl/or/detail.asp?Nr=2684","2026-09-10"
"2685","Hollander","Kers","Guigne noire de Hollande, Stroop kers","Kriek","","Nee","Nee","Prunus spp.","https://deoerakker.cgn.wur.nl/or/detail.asp?Nr=2685","2026-09-10"
"2686","Hollandsche kers","Kers","Cerise D'Angletere","Zoete kers","","Nee","Nee","Prunus spp.","https://deoerakker.cgn.wur.nl/or/detail.asp?Nr=2686","2026-09-10"
"2687","Inspecteur Lohnis","Kers","","Kriek","","Ja","Ja","Prunus spp.","https://deoerakker.cgn.wur.nl/or/detail.asp?Nr=2687","2026-09-10"
"2688","Jeffrey Duke","Kers","Royale,Jeffrey's Royale, Royale Hative, Koniglige Sussweichsel","Prunus avium x Prunus cerasus","1730","Nee","Nee","Prunus spp.","https://deoerakker.cgn.wur.nl/or/detail.asp?Nr=2688","2026-09-10"
"2689","Kassins Fruhe","Kers","Guigne precoce do Kassin des jardiniers neerlandais, Kassin Fruhe Herzkirsche, of Dutch gardeners, Kassins fruhe Herzkirsche Niederlandischer, Gartner","","","Nee","Ja","Prunus spp.","https://deoerakker.cgn.wur.nl/or/detail.asp?Nr=2689","2026-09-10"
"2690","Kentish","Kers","Griaine, Cerise native, Fruhzeitige Amarelle","Walen","1932","Nee","Nee","Prunus spp.","https://deoerakker.cgn.wur.nl/or/detail.asp?Nr=2690","2026-09-10"
"2691","Kinder kers","Kers","","Kriek","1932","Nee","Nee","Prunus spp.","https://deoerakker.cgn.wur.nl/or/detail.asp?Nr=2691","2026-09-10"
"2692","King Amarelle","Kers","King's Cherry","Zure kers","","Nee","Nee","Prunus spp.","https://deoerakker.cgn.wur.nl/or/detail.asp?Nr=2692","2026-09-10"
"2693","Klerk","Kers","Klerkekriek","Kriek","1943","Nee","Nee","Prunus spp.","https://deoerakker.cgn.wur.nl/or/detail.asp?Nr=2693","2026-09-10"
"2694","Knight's Early Black","Kers","Knight, Knight's Fruhe Herzkirsche","","1810","Nee","Ja","Prunus spp.","https://deoerakker.cgn.wur.nl/or/detail.asp?Nr=2694","2026-09-10"
"2695","Knol kers","Kers","","Rojalen","1932","Nee","Nee","Prunus spp.","https://deoerakker.cgn.wur.nl/or/detail.asp?Nr=2695","2026-09-10"
"2696","Konings kers","Kers","","Kriek","1943","Nee","Nee","Prunus spp.","https://deoerakker.cgn.wur.nl/or/detail.asp?Nr=2696","2026-09-10"
"2697","Kriek van den Broek","Kers","","Kriek","","Nee","Nee","Prunus spp.","https://deoerakker.cgn.wur.nl/or/detail.asp?Nr=2697","2026-09-10"
"2698","Krugers Hart kers","Kers","Krugers Herzkirsche, Krugers schwarze Herzkirsche","","1810","Nee","Nee","Prunus spp.","https://deoerakker.cgn.wur.nl/or/detail.asp?Nr=2698","2026-09-10"
"2699","Late Amarelle","Kers","Cerise Amarelle tardive","","1806","Nee","Nee","Prunus spp.","https://deoerakker.cgn.wur.nl/or/detail.asp?Nr=2699","2026-09-10"
"2700","Late Black Bigarreau","Kers","Bigarreau noir tardif, Spate Schwarze Knorpelkirsche","","","Nee","Ja","Prunus spp.","https://deoerakker.cgn.wur.nl/or/detail.asp?Nr=2700","2026-09-10"
"2701","Late Duke","Kers","Wahre Englische kirsche, Spate Herzogenkirsche","Prunus avium x Prunus cerasus","1823","Nee","Nee","Prunus spp.","https://deoerakker.cgn.wur.nl/or/detail.asp?Nr=2701","2026-09-10"
"2702","Late Rojaal","Kers","Royale a noyau libre, Freestone Duke, Sussweichsel mit losendem Stein","Rojalen","","Nee","Nee","Prunus spp.","https://deoerakker.cgn.wur.nl/or/detail.asp?Nr=2702","2026-09-10"
"2703","Lohnis","Kers","","Kriek","1943","Nee","Nee","Prunus spp.","https://deoerakker.cgn.wur.nl/or/detail.asp?Nr=2703","2026-09-10"
"2704","Loon","Kers","","Kriek","1932","Nee","Nee","Prunus spp.","https://deoerakker.cgn.wur.nl/or/detail.asp?Nr=2704","2026-09-10"
"2705","Lucien kers","Kers","Lucien Kirsche&#160;","","","Nee","Ja","Prunus spp.","https://deoerakker.cgn.wur.nl/or/detail.asp?Nr=2705","2026-09-10"
"2706","Luikenaar","Kers","","Kriek","1932","Nee","Nee","Prunus spp.","https://deoerakker.cgn.wur.nl/or/detail.asp?Nr=2706","2026-09-10"
"2707","Lyons","Kers","Bigarreau de Lyon, Bigarreau Jaboulay, Early Lyons, Early Jaboulay","","1822","Nee","Ja","Prunus spp.","https://deoerakker.cgn.wur.nl/or/detail.asp?Nr=2707","2026-09-10"
"2708","Magdalena kers","Kers","","Zoete kers","","Nee","Nee","Prunus spp.","https://deoerakker.cgn.wur.nl/or/detail.asp?Nr=2708","2026-09-10"
"2709","Mansveld","Kers","Mansfield Black, Pater van Mansveld","Kriek","1943","Nee","Ja","Prunus spp.","https://deoerakker.cgn.wur.nl/or/detail.asp?Nr=2709","2026-09-10"
"2710","Maurits kers","Kers","","Kriek","","Nee","Nee","Prunus spp.","https://deoerakker.cgn.wur.nl/or/detail.asp?Nr=2710","2026-09-10"
"2711","Mierlose Zwarte","Kers","Udense Zwarte, Mierlosche, Guinge de Mierlo, Mierlo Heart","Kriek","","Ja","Ja","Prunus spp.","https://deoerakker.cgn.wur.nl/or/detail.asp?Nr=2711","2026-09-10"
"2712","Mijnheer Vroeg","Kers","","Kriek","1932","Nee","Nee","Prunus spp.","https://deoerakker.cgn.wur.nl/or/detail.asp?Nr=2712","2026-09-10"
"2713","Molen kers","Kers","","Kriek","","Nee","Nee","Prunus spp.","https://deoerakker.cgn.wur.nl/or/detail.asp?Nr=2713","2026-09-10"
"2714","Montmorency","Kers","Kleine Glaskirsche von Montmorency, long stem Montmorency, Amarelle Royale, Montmorency Ordinaire","","<1600","Nee","Ja","Prunus spp.","https://deoerakker.cgn.wur.nl/or/detail.asp?Nr=2714","2026-09-10"
"2715","Montmorency (kortgesteeld)","Kers","Grande Triumphante, Gobet a courts Queue, Short Stem Montmorency, Grosser Gobet","Zoete kers, zoete kers of kriek","","Nee","Nee","Prunus spp.","https://deoerakker.cgn.wur.nl/or/detail.asp?Nr=2715","2026-09-10"
"2716","Montmorency (met grote vrucht)","Kers","","Zoete kers","","Nee","Nee","Prunus spp.","https://deoerakker.cgn.wur.nl/or/detail.asp?Nr=2716","2026-09-10"
"2717","Montmorency de Sauvigny","Kers","","","","Nee","Nee","Prunus spp.","https://deoerakker.cgn.wur.nl/or/detail.asp?Nr=2717","2026-09-10"
"2718","Morel","Kers","","Royalen en Walen","1943","Ja","Nee","Prunus spp.","https://deoerakker.cgn.wur.nl/or/detail.asp?Nr=2718","2026-09-10"
"2719","Naentjes kers","Kers","Naantjes kers, Nain Precoce, Griottier nain, Ground Cherrym Zwergamarelle","","","Nee","Nee","Prunus spp.","https://deoerakker.cgn.wur.nl/or/detail.asp?Nr=2719","2026-09-10"
"2720","Napoleon","Kers","Bigarreau Napoleon, Abrikoos kers, Gascogner, Gros Bigarreau Blanc, Bonte Knap kers, Spaanse, Witte Vlees kers, Volger, Lauermannskirsche, Lange Marmorkirsche, Hollandische Grosze Prinzessinkische, Grosze Weisse Marmorkirsche, Holland Bigarreau, Bigarreau D'Esperen Bigarreau gros Coeuret","Kriek","1700","Ja","Ja","Prunus spp.","https://deoerakker.cgn.wur.nl/or/detail.asp?Nr=2720","2026-09-10"
"2721","Nouvelle Royale","Kers","","","","Nee","Nee","Prunus spp.","https://deoerakker.cgn.wur.nl/or/detail.asp?Nr=2721","2026-09-10"
"2722","Ohio Beauty","Kers","Beaute de l'Ohio, Schone von Ohio","","","Nee","Nee","Prunus spp.","https://deoerakker.cgn.wur.nl/or/detail.asp?Nr=2722","2026-09-10"
"2723","Olivet","Kers","","Prunus avium x Prunus cerasus","1870","Nee","Nee","Prunus spp.","https://deoerakker.cgn.wur.nl/or/detail.asp?Nr=2723","2026-09-10"
"2724","Oranje kers","Kers","","Zoete kers","","Nee","Nee","Prunus spp.","https://deoerakker.cgn.wur.nl/or/detail.asp?Nr=2724","2026-09-10"
"2725","Ostheim","Kers","Ostheimer, Griotte Ostheim, Ostheimer Weichsel, Zwerg Kirsche, Frankische Wucher Kirsche","","<1700","Nee","Ja","Prunus spp.","https://deoerakker.cgn.wur.nl/or/detail.asp?Nr=2725","2026-09-10"
"2726","Pater van Mansfeld","Kers","Pere van Mansfeld, Father van Mansfeld, Vater van Mansfeld","Kriek","","Nee","Nee","Prunus spp.","https://deoerakker.cgn.wur.nl/or/detail.asp?Nr=2726","2026-09-10"
"2727","Portugalsche Morel kers","Kers","Portugese Morel kers","Morel","","Nee","Nee","Prunus spp.","https://deoerakker.cgn.wur.nl/or/detail.asp?Nr=2727","2026-09-10"
"2728","Praagsche Muscadel kers","Kers","Cerise de Prague tardive, Lange Praagse kers, Late hollandse kers, Late kers, Muscat de Prague, Picterons kers, Velser kers","Zoete kers","","Nee","Nee","Prunus spp.","https://deoerakker.cgn.wur.nl/or/detail.asp?Nr=2728","2026-09-10"
"2729","Princes Juliana","Kers","","Kriek","1932","Nee","Nee","Prunus spp.","https://deoerakker.cgn.wur.nl/or/detail.asp?Nr=2729","2026-09-10"
"2730","Pruisische kers","Kers","","Zoete kers","","Nee","Nee","Prunus spp.","https://deoerakker.cgn.wur.nl/or/detail.asp?Nr=2730","2026-09-10"
"2731","Reine Hortense","Kers","D'Aremberg, Hortense, Konigin Hortensia, Belle Hortense, Monstrueuse de Bavay, Hybride de Laeken, Louis XVIII, Reine des cerises, Belle de Jodoigne, Belle de Laeken, Morestin, Rouvroy ,","Rojalen","1932","Ja","Ja","Prunus spp.","https://deoerakker.cgn.wur.nl/or/detail.asp?Nr=2731","2026-09-10"
"2732","Ridderoordtsche","Kers","Late Kers van Ridderoordt, Bigarreau tardif","","","Ja","Nee","Prunus spp.","https://deoerakker.cgn.wur.nl/or/detail.asp?Nr=2732","2026-09-10"
"2733","Rijkmaker","Kers","","Kriek","1943","Nee","Nee","Prunus spp.","https://deoerakker.cgn.wur.nl/or/detail.asp?Nr=2733","2026-09-10"
"2734","Roode Blansje","Kers","Blansje rouge, Red Blansje, Rote Blansje","","","Nee","Nee","Prunus spp.","https://deoerakker.cgn.wur.nl/or/detail.asp?Nr=2734","2026-09-10"
"2735","Rouaansche kers (dubbele)","Kers","","Kriek","","Nee","Nee","Prunus spp.","https://deoerakker.cgn.wur.nl/or/detail.asp?Nr=2735","2026-09-10"
"2736","Rouaansche kers (enkele)","Kers","","Kriek","","Nee","Nee","Prunus spp.","https://deoerakker.cgn.wur.nl/or/detail.asp?Nr=2736","2026-09-10"
"2737","Royale Hative","Kers","Schwarze Spanische Friihkirsche","","","Nee","Nee","Prunus spp.","https://deoerakker.cgn.wur.nl/or/detail.asp?Nr=2737","2026-09-10"
"2738","Schmidt","Kers","Smith","","1841","Nee","Ja","Prunus spp.","https://deoerakker.cgn.wur.nl/or/detail.asp?Nr=2738","2026-09-10"
"2739","Siberische Morel kers","Kers","","Morel","","Nee","Nee","Prunus spp.","https://deoerakker.cgn.wur.nl/or/detail.asp?Nr=2739","2026-09-10"
"2740","Spaansche Bonte","Kers","Spaanse Bonte","","","Nee","Nee","Prunus spp.","https://deoerakker.cgn.wur.nl/or/detail.asp?Nr=2740","2026-09-10"
"2741","Spaansche kers (gele)","Kers","","Spaanse kers","","Nee","Nee","Prunus spp.","https://deoerakker.cgn.wur.nl/or/detail.asp?Nr=2741","2026-09-10"
"2742","Spaansche kers (groot en rood)","Kers","","Spaanse kers","","Nee","Nee","Prunus spp.","https://deoerakker.cgn.wur.nl/or/detail.asp?Nr=2742","2026-09-10"
"2743","Spaansche kers (klein en rood)","Kers","","Spaanse kers","","Nee","Nee","Prunus spp.","https://deoerakker.cgn.wur.nl/or/detail.asp?Nr=2743","2026-09-10"
"2744","Spaansche kers (klein rooskleurig)","Kers","","Spaanse kers","","Nee","Nee","Prunus spp.","https://deoerakker.cgn.wur.nl/or/detail.asp?Nr=2744","2026-09-10"
"2745","Spaansche kers (late)","Kers","a feuilles de Tabac, Cerisier, de Quatre a la Livre","Spaanse kers","","Nee","Nee","Prunus spp.","https://deoerakker.cgn.wur.nl/or/detail.asp?Nr=2745","2026-09-10"
"2746","Spaansche kers (vleeskleurig)","Kers","","Spaanse kers","","Nee","Nee","Prunus spp.","https://deoerakker.cgn.wur.nl/or/detail.asp?Nr=2746","2026-09-10"
"2747","The Herald","Kers","","","","Nee","Nee","Prunus spp.","https://deoerakker.cgn.wur.nl/or/detail.asp?Nr=2747","2026-09-10"
"2748","Tombret","Kers","","","","Nee","Nee","Prunus spp.","https://deoerakker.cgn.wur.nl/or/detail.asp?Nr=2748","2026-09-10"
"2749","Tros kers","Kers","","Zoete kers","","Nee","Nee","Prunus spp.","https://deoerakker.cgn.wur.nl/or/detail.asp?Nr=2749","2026-09-10"
"2750","Turkey Heart","Kers","Bigarreau Turkey, Turkey Knorpelkirsche, Zwarte Knap kers","Kriek","","Nee","Ja","Prunus spp.","https://deoerakker.cgn.wur.nl/or/detail.asp?Nr=2750","2026-09-10"
"2751","Turksche Zwarte","Kers","Zwarte Turksche, Groote Zwarte Turk, Turkish Black","","","Nee","Ja","Prunus spp.","https://deoerakker.cgn.wur.nl/or/detail.asp?Nr=2751","2026-09-10"
"2752","Udensche Spaansche","Kers","Udense Spaanse, Bigarreau d'Espagne d'Uden, Uden Spanish, Udensche Spanische","Kriek","1932","Ja","Ja","Prunus spp.","https://deoerakker.cgn.wur.nl/or/detail.asp?Nr=2752","2026-09-10"
"2753","Vacantie kers","Kers","","Kriek","1932","Nee","Nee","Prunus spp.","https://deoerakker.cgn.wur.nl/or/detail.asp?Nr=2753","2026-09-10"
"2754","Varikse Zwarte","Kers","Grote Zwarte, Grote Varikse","Kriek","","Ja","Nee","Prunus spp.","https://deoerakker.cgn.wur.nl/or/detail.asp?Nr=2754","2026-09-10"
"2755","Vroege witte Spaansche","Kers","","","","Nee","Nee","Prunus spp.","https://deoerakker.cgn.wur.nl/or/detail.asp?Nr=2755","2026-09-10"
"2756","Waterloo","Kers","","Prunus avium x (Prunus avium x Prunus cerasus)","1815","Nee","Ja","Prunus spp.","https://deoerakker.cgn.wur.nl/or/detail.asp?Nr=2756","2026-09-10"
"2757","Werdersche","Kers","Werdersche vroege Hart kers, Werdersche fruhe Herzkirsche, Werdersche fruhe schwarze Herzkirsche, Black Heart, Guigne precoce de Werder","Kriek","1932","Nee","Nee","Prunus spp.","https://deoerakker.cgn.wur.nl/or/detail.asp?Nr=2757","2026-09-10"
"2758","Westerleesche","Kers","Westerleesche Kriek, Griotte de Westerlee, Westerlee Morello, Westerleeer Weichsel, Westerlese","Walen","","Ja","Nee","Prunus spp.","https://deoerakker.cgn.wur.nl/or/detail.asp?Nr=2758","2026-09-10"
"2759","White Heart","Kers","Amber Heart, Fruhe Bernstenkirsche, Kentish Bigarreau","Zoete kers","1734","Nee","Ja","Prunus spp.","https://deoerakker.cgn.wur.nl/or/detail.asp?Nr=2759","2026-09-10"
"2760","Wijn kers","Kers","Guigne vineuse. Wine Heart. Schwarze Weinkirsche","Kriek","","Ja","Nee","Prunus spp.","https://deoerakker.cgn.wur.nl/or/detail.asp?Nr=2760","2026-09-10"
"2761","Wilhelmina","Kers","","Kriek","1943","Nee","Nee","Prunus spp.","https://deoerakker.cgn.wur.nl/or/detail.asp?Nr=2761","2026-09-10"
"2762","Wringer","Kers","Cerisier de Sainte Lucie hybride, Hybrid Mahaleb, Bastard Steinweichsel","","","Nee","Nee","Prunus spp.","https://deoerakker.cgn.wur.nl/or/detail.asp?Nr=2762","2026-09-10"
"2763","Yellow Spanish","Kers","Spaanse gele, Bigarreau Cherrie, Spanish, Gemeine Marmorkirsche, Graffion, Bigarreau","Zoete kers","<1623","Nee","Ja","Prunus spp.","https://deoerakker.cgn.wur.nl/or/detail.asp?Nr=2763","2026-09-10"
"2764","Zeeuwsch Zoete Morel","Kers","Guigne brune de Zeelande, Zealand sweet Morello, Seelandische braune Herzkirsche","Kriek","","Nee","Nee","Prunus spp.","https://deoerakker.cgn.wur.nl/or/detail.asp?Nr=2764","2026-09-10"
"2765","Zoete Morel kers","Kers","","Morel","","Nee","Nee","Prunus spp.","https://deoerakker.cgn.wur.nl/or/detail.asp?Nr=2765","2026-09-10"
"2766","Zure Morel kers","Kers","","Morel","","Nee","Nee","Prunus spp.","https://deoerakker.cgn.wur.nl/or/detail.asp?Nr=2766","2026-09-10"
"2767","Zuurtje","Kers","Griotte acid, Acid Amarelle, Saure Amarelle","","","Nee","Nee","Prunus spp.","https://deoerakker.cgn.wur.nl/or/detail.asp?Nr=2767","2026-09-10"
"2768","Zwarte Rouane","Kers","","","","Nee","Nee","Prunus spp.","https://deoerakker.cgn.wur.nl/or/detail.asp?Nr=2768","2026-09-10"
"2769","Zwarte Spaanse","Kers","Zwarte Spaansche","Kriek","1943","Nee","Nee","Prunus spp.","https://deoerakker.cgn.wur.nl/or/detail.asp?Nr=2769","2026-09-10"
