"verspreidingsatlas_taxon_number","scientific_name","scientific_name_authorship","vernacular_nl","family","species_page_url","ndff_identity_url","map_url","map_license","retrieved_on"
"2201","Abies alba","Mill.","Gewone zilverspar","Pinaceae","http://www.verspreidingsatlas.nl/2201","http://ndff-ecogrid.nl/taxonomy/taxa/abiesalba","http://www.verspreidingsatlas.nl/thumbs/map_2201.jpg","","2026-09-10"
"2203","Abies grandis","(Douglas ex D. Don) Lindl.","Reuzenzilverspar","Pinaceae","http://www.verspreidingsatlas.nl/2203","http://ndff-ecogrid.nl/taxonomy/taxa/abiesgrandis","http://www.verspreidingsatlas.nl/thumbs/map_2203.jpg","","2026-09-10"
"2204","Abies nordmanniana","(Steven) Spach","Kaukasische zilverspar","Pinaceae","http://www.verspreidingsatlas.nl/2204","http://ndff-ecogrid.nl/taxonomy/taxa/abiesnordmanniana","http://www.verspreidingsatlas.nl/thumbs/map_2204.jpg","","2026-09-10"
"2206","Abies procera","Rehder","Edelspar","Pinaceae","http://www.verspreidingsatlas.nl/2206","http://ndff-ecogrid.nl/taxonomy/taxa/abiesprocera","http://www.verspreidingsatlas.nl/thumbs/map_2206.jpg","","2026-09-10"
"5000","Abies veitchii","Lindl.","Japanse zilverspar","Pinaceae","http://www.verspreidingsatlas.nl/5000","http://ndff-ecogrid.nl/taxonomy/taxa/abiesveitchii","http://www.verspreidingsatlas.nl/thumbs/map_5000.jpg","","2026-09-10"
"1650","Abutilon theophrasti","Medik.","Fluweelblad","Malvaceae","http://www.verspreidingsatlas.nl/1650","http://ndff-ecogrid.nl/taxonomy/taxa/abutilontheophrasti","http://www.verspreidingsatlas.nl/thumbs/map_1650.jpg","","2026-09-10"
"8094","Acanthus mollis","L.","Zachte acanthus","Acanthaceae","http://www.verspreidingsatlas.nl/8094","http://ndff-ecogrid.nl/taxonomy/taxa/acanthusmollis","http://www.verspreidingsatlas.nl/thumbs/map_8094.jpg","","2026-09-10"
"0001","Acer campestre","L.","Spaanse aak","Sapindaceae","http://www.verspreidingsatlas.nl/0001","http://ndff-ecogrid.nl/taxonomy/taxa/acercampestre","http://www.verspreidingsatlas.nl/thumbs/map_1.jpg","","2026-09-10"
"5001","Acer negundo","L.","Vederesdoorn","Sapindaceae","http://www.verspreidingsatlas.nl/5001","http://ndff-ecogrid.nl/taxonomy/taxa/acernegundo","http://www.verspreidingsatlas.nl/thumbs/map_5001.jpg","","2026-09-10"
"1850","Acer platanoides","L.","Noorse esdoorn","Sapindaceae","http://www.verspreidingsatlas.nl/1850","http://ndff-ecogrid.nl/taxonomy/taxa/acerplatanoides","http://www.verspreidingsatlas.nl/thumbs/map_1850.jpg","","2026-09-10"
"0002","Acer pseudoplatanus","L.","Gewone esdoorn","Sapindaceae","http://www.verspreidingsatlas.nl/0002","http://ndff-ecogrid.nl/taxonomy/taxa/acerpseudoplatanus","http://www.verspreidingsatlas.nl/thumbs/map_2.jpg","","2026-09-10"
"5320","Acer saccharinum","L.","Witte esdoorn","Sapindaceae","http://www.verspreidingsatlas.nl/5320","http://ndff-ecogrid.nl/taxonomy/taxa/acersaccharinum","http://www.verspreidingsatlas.nl/thumbs/map_5320.jpg","","2026-09-10"
"8481","Acer tataricum subsp. ginnala","(Maxim.) Wesm.","Amoer-esdoorn","Sapindaceae","http://www.verspreidingsatlas.nl/8481","http://ndff-ecogrid.nl/taxonomy/taxa/acertataricumsubspginnala","http://www.verspreidingsatlas.nl/thumbs/map_8481.jpg","","2026-09-10"
"5321","Achillea filipendulina","Lam.","Geel duizendblad","Asteraceae","http://www.verspreidingsatlas.nl/5321","http://ndff-ecogrid.nl/taxonomy/taxa/achilleafilipendulina","http://www.verspreidingsatlas.nl/thumbs/map_5321.jpg","","2026-09-10"
"0004","Achillea millefolium","L.","Duizendblad","Asteraceae","http://www.verspreidingsatlas.nl/0004","http://ndff-ecogrid.nl/taxonomy/taxa/achilleamillefolium","http://www.verspreidingsatlas.nl/thumbs/map_4.jpg","","2026-09-10"
"0005","Achillea ptarmica","L.","Wilde bertram","Asteraceae","http://www.verspreidingsatlas.nl/0005","http://ndff-ecogrid.nl/taxonomy/taxa/achilleaptarmica","http://www.verspreidingsatlas.nl/thumbs/map_5.jpg","","2026-09-10"
"5378","Aconitum napellus","L.","Blauwe monnikskap","Ranunculaceae","http://www.verspreidingsatlas.nl/5378","http://ndff-ecogrid.nl/taxonomy/taxa/aconitumnapellus","http://www.verspreidingsatlas.nl/thumbs/map_5378.jpg","","2026-09-10"
"0006","Aconitum vulparia","Rchb.","Gele monnikskap","Ranunculaceae","http://www.verspreidingsatlas.nl/0006","http://ndff-ecogrid.nl/taxonomy/taxa/aconitumvulparia","http://www.verspreidingsatlas.nl/thumbs/map_6.jpg","","2026-09-10"
"5520","Aconitum x stoerkianum","Rchb.","Tuinmonnikskap","Ranunculaceae","http://www.verspreidingsatlas.nl/5520","http://ndff-ecogrid.nl/taxonomy/taxa/aconitumxstoerkianum","http://www.verspreidingsatlas.nl/thumbs/map_5520.jpg","","2026-09-10"
"0007","Acorus calamus","L.","Kalmoes","Acoraceae","http://www.verspreidingsatlas.nl/0007","http://ndff-ecogrid.nl/taxonomy/taxa/acoruscalamus","http://www.verspreidingsatlas.nl/thumbs/map_7.jpg","","2026-09-10"
"0008","Actaea spicata","L.","Christoffelkruid","Ranunculaceae","http://www.verspreidingsatlas.nl/0008","http://ndff-ecogrid.nl/taxonomy/taxa/actaeaspicata","http://www.verspreidingsatlas.nl/thumbs/map_8.jpg","","2026-09-10"
"5519","Actinidia deliciosa","(A. Chev.) C.F. Liang & A.R. Ferguson","Kiwi","Actinidiaceae","http://www.verspreidingsatlas.nl/5519","http://ndff-ecogrid.nl/taxonomy/taxa/actinidiadeliciosa","http://www.verspreidingsatlas.nl/thumbs/map_5519.jpg","","2026-09-10"
"5002","Adiantum capillus-veneris","L.","Echt venushaar","Pteridaceae","http://www.verspreidingsatlas.nl/5002","http://ndff-ecogrid.nl/taxonomy/taxa/adiantumcapillusveneris","http://www.verspreidingsatlas.nl/thumbs/map_5002.jpg","","2026-09-10"
"5349","Adiantum raddianum","C. Presl","Fijn venushaar","Pteridaceae","http://www.verspreidingsatlas.nl/5349","http://ndff-ecogrid.nl/taxonomy/taxa/adiantumraddianum","http://www.verspreidingsatlas.nl/thumbs/map_5349.jpg","","2026-09-10"
"1628","Adonis aestivalis","L.","Zomeradonis","Ranunculaceae","http://www.verspreidingsatlas.nl/1628","http://ndff-ecogrid.nl/taxonomy/taxa/adonisaestivalis","http://www.verspreidingsatlas.nl/thumbs/map_1628.jpg","","2026-09-10"
"5003","Adonis annua","L.","Herfstadonis","Ranunculaceae","http://www.verspreidingsatlas.nl/5003","http://ndff-ecogrid.nl/taxonomy/taxa/adonisannua","http://www.verspreidingsatlas.nl/thumbs/map_5003.jpg","","2026-09-10"
"5004","Adonis flammea","Jacq.","Kooltje-vuur","Ranunculaceae","http://www.verspreidingsatlas.nl/5004","http://ndff-ecogrid.nl/taxonomy/taxa/adonisflammea","http://www.verspreidingsatlas.nl/thumbs/map_5004.jpg","","2026-09-10"
"0009","Adonis vernalis","L.","Voorjaarsadonis","Ranunculaceae","http://www.verspreidingsatlas.nl/0009","http://ndff-ecogrid.nl/taxonomy/taxa/adonisvernalis","http://www.verspreidingsatlas.nl/thumbs/map_9.jpg","","2026-09-10"
"0010","Adoxa moschatellina","L.","Muskuskruid","Adoxaceae","http://www.verspreidingsatlas.nl/0010","http://ndff-ecogrid.nl/taxonomy/taxa/adoxamoschatellina","http://www.verspreidingsatlas.nl/thumbs/map_10.jpg","","2026-09-10"
"0011","Aegopodium podagraria","L.","Zevenblad","Apiaceae","http://www.verspreidingsatlas.nl/0011","http://ndff-ecogrid.nl/taxonomy/taxa/aegopodiumpodagraria","http://www.verspreidingsatlas.nl/thumbs/map_11.jpg","","2026-09-10"
"1851","Aesculus hippocastanum","L.","Witte paardenkastanje","Sapindaceae","http://www.verspreidingsatlas.nl/1851","http://ndff-ecogrid.nl/taxonomy/taxa/aesculushippocastanum","http://www.verspreidingsatlas.nl/thumbs/map_1851.jpg","","2026-09-10"
"5005","Aesculus x carnea","Zeyh.","Rode paardenkastanje","Sapindaceae","http://www.verspreidingsatlas.nl/5005","http://ndff-ecogrid.nl/taxonomy/taxa/aesculuscarnea","http://www.verspreidingsatlas.nl/thumbs/map_5005.jpg","","2026-09-10"
"0012","Aethusa cynapium","L.","Hondspeterselie","Apiaceae","http://www.verspreidingsatlas.nl/0012","http://ndff-ecogrid.nl/taxonomy/taxa/aethusacynapium","http://www.verspreidingsatlas.nl/thumbs/map_12.jpg","","2026-09-10"
"6841","Agastache foeniculum","(Pursh) Kuntze","Dropnetel","Lamiaceae","http://www.verspreidingsatlas.nl/6841","http://ndff-ecogrid.nl/taxonomy/taxa/agastachefoeniculum","http://www.verspreidingsatlas.nl/thumbs/map_6841.jpg","","2026-09-10"
"5621","Agastache rugosa","(Fisch. & C.A. Mey.) Kuntze","Koreaanse netel","Lamiaceae","http://www.verspreidingsatlas.nl/5621","http://ndff-ecogrid.nl/taxonomy/taxa/agastacherugosa","http://www.verspreidingsatlas.nl/thumbs/map_5621.jpg","","2026-09-10"
"0013","Agrimonia eupatoria","L.","Gewone agrimonie","Rosaceae","http://www.verspreidingsatlas.nl/0013","http://ndff-ecogrid.nl/taxonomy/taxa/agrimoniaeupatoria","http://www.verspreidingsatlas.nl/thumbs/map_13.jpg","","2026-09-10"
"0014","Agrimonia procera","Wallr.","Welriekende agrimonie","Rosaceae","http://www.verspreidingsatlas.nl/0014","http://ndff-ecogrid.nl/taxonomy/taxa/agrimoniaprocera","http://www.verspreidingsatlas.nl/thumbs/map_14.jpg","","2026-09-10"
"5477","Agrostemma brachyloba","Hammer","Oosterse bolderik","Caryophyllaceae","http://www.verspreidingsatlas.nl/5477","http://ndff-ecogrid.nl/taxonomy/taxa/agrostemmabrachyloba","http://www.verspreidingsatlas.nl/thumbs/map_5477.jpg","","2026-09-10"
"0015","Agrostemma githago","L.","Bolderik","Caryophyllaceae","http://www.verspreidingsatlas.nl/0015","http://ndff-ecogrid.nl/taxonomy/taxa/agrostemmagithago","http://www.verspreidingsatlas.nl/thumbs/map_15.jpg","","2026-09-10"
"1544","Agrostis canina","L.","Moerasstruisgras","Poaceae","http://www.verspreidingsatlas.nl/1544","http://ndff-ecogrid.nl/taxonomy/taxa/agrostiscanina","http://www.verspreidingsatlas.nl/thumbs/map_1544.jpg","","2026-09-10"
"0019","Agrostis capillaris","L.","Gewoon struisgras","Poaceae","http://www.verspreidingsatlas.nl/0019","http://ndff-ecogrid.nl/taxonomy/taxa/agrostiscapillaris","http://www.verspreidingsatlas.nl/thumbs/map_19.jpg","","2026-09-10"
"6842","Agrostis castellana","Boiss. & Reut.","Tweetoppig struisgras","Poaceae","http://www.verspreidingsatlas.nl/6842","http://ndff-ecogrid.nl/taxonomy/taxa/agrostiscastellana","http://www.verspreidingsatlas.nl/thumbs/map_6842.jpg","","2026-09-10"
"0017","Agrostis gigantea","Roth","Hoog struisgras","Poaceae","http://www.verspreidingsatlas.nl/0017","http://ndff-ecogrid.nl/taxonomy/taxa/agrostisgigantea","http://www.verspreidingsatlas.nl/thumbs/map_17.jpg","","2026-09-10"
"5381","Agrostis scabra","Willd.","Ruw struisgras","Poaceae","http://www.verspreidingsatlas.nl/5381","http://ndff-ecogrid.nl/taxonomy/taxa/agrostisscabra","http://www.verspreidingsatlas.nl/thumbs/map_5381.jpg","","2026-09-10"
"0018","Agrostis stolonifera","L.","Fioringras","Poaceae","http://www.verspreidingsatlas.nl/0018","http://ndff-ecogrid.nl/taxonomy/taxa/agrostisstolonifera","http://www.verspreidingsatlas.nl/thumbs/map_18.jpg","","2026-09-10"
"1545","Agrostis vinealis","Schreb.","Zandstruisgras","Poaceae","http://www.verspreidingsatlas.nl/1545","http://ndff-ecogrid.nl/taxonomy/taxa/agrostisvinealis","http://www.verspreidingsatlas.nl/thumbs/map_1545.jpg","","2026-09-10"
"2431","Agrostis x fouilladeana","Lambinon & Verloove","Basterdstruisgras","Poaceae","http://www.verspreidingsatlas.nl/2431","http://ndff-ecogrid.nl/taxonomy/taxa/agrostisxfouilladeana","http://www.verspreidingsatlas.nl/thumbs/map_2431.jpg","","2026-09-10"
"5007","Ailanthus altissima","(Mill.) Swingle","Hemelboom","Simaroubaceae","http://www.verspreidingsatlas.nl/5007","http://ndff-ecogrid.nl/taxonomy/taxa/ailanthusaltissima","http://www.verspreidingsatlas.nl/thumbs/map_5007.jpg","","2026-09-10"
"0020","Aira caryophyllea","L.","Zilverhaver","Poaceae","http://www.verspreidingsatlas.nl/0020","http://ndff-ecogrid.nl/taxonomy/taxa/airacaryophyllea","http://www.verspreidingsatlas.nl/thumbs/map_20.jpg","","2026-09-10"
"0021","Aira praecox","L.","Vroege haver","Poaceae","http://www.verspreidingsatlas.nl/0021","http://ndff-ecogrid.nl/taxonomy/taxa/airapraecox","http://www.verspreidingsatlas.nl/thumbs/map_21.jpg","","2026-09-10"
"0022","Ajuga chamaepitys","(L.) Schreb.","Akkerzenegroen","Lamiaceae","http://www.verspreidingsatlas.nl/0022","http://ndff-ecogrid.nl/taxonomy/taxa/ajugachamaepitys","http://www.verspreidingsatlas.nl/thumbs/map_22.jpg","","2026-09-10"
"0023","Ajuga genevensis","L.","Harig zenegroen","Lamiaceae","http://www.verspreidingsatlas.nl/0023","http://ndff-ecogrid.nl/taxonomy/taxa/ajugagenevensis","http://www.verspreidingsatlas.nl/thumbs/map_23.jpg","","2026-09-10"
"2422","Ajuga pyramidalis","L.","Piramidezenegroen","Lamiaceae","http://www.verspreidingsatlas.nl/2422","http://ndff-ecogrid.nl/taxonomy/taxa/ajugapyramidalis","http://www.verspreidingsatlas.nl/thumbs/map_2422.jpg","","2026-09-10"
"0024","Ajuga reptans","L.","Kruipend zenegroen","Lamiaceae","http://www.verspreidingsatlas.nl/0024","http://ndff-ecogrid.nl/taxonomy/taxa/ajugareptans","http://www.verspreidingsatlas.nl/thumbs/map_24.jpg","","2026-09-10"
"5247","Alcea rosea","L.","Stokroos","Malvaceae","http://www.verspreidingsatlas.nl/5247","http://ndff-ecogrid.nl/taxonomy/taxa/alcearosea","http://www.verspreidingsatlas.nl/thumbs/map_5247.jpg","","2026-09-10"
"8482","Alcea rosea subsp. ficifolia","(L.) Govaerts","","Malvaceae","http://www.verspreidingsatlas.nl/8482","http://ndff-ecogrid.nl/taxonomy/taxa/alcearoseasubspficifolia","http://www.verspreidingsatlas.nl/thumbs/map_8482.jpg","","2026-09-10"
"1452","Alchemilla acutiloba","Opiz","Spitslobbige vrouwenmantel","Rosaceae","http://www.verspreidingsatlas.nl/1452","http://ndff-ecogrid.nl/taxonomy/taxa/alchemillaacutiloba","http://www.verspreidingsatlas.nl/thumbs/map_1452.jpg","","2026-09-10"
"1453","Alchemilla filicaulis","Buser","Fijnstengelige vrouwenmantel","Rosaceae","http://www.verspreidingsatlas.nl/1453","http://ndff-ecogrid.nl/taxonomy/taxa/alchemillafilicaulis","http://www.verspreidingsatlas.nl/thumbs/map_1453.jpg","","2026-09-10"
"1454","Alchemilla glabra","Neygenf.","Kale vrouwenmantel","Rosaceae","http://www.verspreidingsatlas.nl/1454","http://ndff-ecogrid.nl/taxonomy/taxa/alchemillaglabra","http://www.verspreidingsatlas.nl/thumbs/map_1454.jpg","","2026-09-10"
"5570","Alchemilla glaucescens","Wallr.","Blauwgroene vrouwenmantel","Rosaceae","http://www.verspreidingsatlas.nl/5570","http://ndff-ecogrid.nl/taxonomy/taxa/alchemillaglaucescens","http://www.verspreidingsatlas.nl/thumbs/map_5570.jpg","","2026-09-10"
"1647","Alchemilla micans","Buser","Slanke vrouwenmantel","Rosaceae","http://www.verspreidingsatlas.nl/1647","http://ndff-ecogrid.nl/taxonomy/taxa/alchemillamicans","http://www.verspreidingsatlas.nl/thumbs/map_1647.jpg","","2026-09-10"
"1648","Alchemilla mollis","(Buser) Rothm.","Fraaie vrouwenmantel","Rosaceae","http://www.verspreidingsatlas.nl/1648","http://ndff-ecogrid.nl/taxonomy/taxa/alchemillamollis","http://www.verspreidingsatlas.nl/thumbs/map_1648.jpg","","2026-09-10"
"1455","Alchemilla monticola","Opiz","Bergvrouwenmantel","Rosaceae","http://www.verspreidingsatlas.nl/1455","http://ndff-ecogrid.nl/taxonomy/taxa/alchemillamonticola","http://www.verspreidingsatlas.nl/thumbs/map_1455.jpg","","2026-09-10"
"1649","Alchemilla subcrenata","Buser","Geplooide vrouwenmantel","Rosaceae","http://www.verspreidingsatlas.nl/1649","http://ndff-ecogrid.nl/taxonomy/taxa/alchemillasubcrenata","http://www.verspreidingsatlas.nl/thumbs/map_1649.jpg","","2026-09-10"
"1456","Alchemilla xanthochlora","Rothm.","Geelgroene vrouwenmantel","Rosaceae","http://www.verspreidingsatlas.nl/1456","http://ndff-ecogrid.nl/taxonomy/taxa/alchemillaxanthochlora","http://www.verspreidingsatlas.nl/thumbs/map_1456.jpg","","2026-09-10"
"5538","Aldrovanda vesiculosa","L.","Watervliegenval","Droseraceae","http://www.verspreidingsatlas.nl/5538","http://ndff-ecogrid.nl/taxonomy/taxa/aldrovandavesiculosa","http://www.verspreidingsatlas.nl/thumbs/map_5538.jpg","","2026-09-10"
"0026","Alisma gramineum","Lej.","Smalle waterweegbree","Alismataceae","http://www.verspreidingsatlas.nl/0026","http://ndff-ecogrid.nl/taxonomy/taxa/alismagramineum","http://www.verspreidingsatlas.nl/thumbs/map_26.jpg","","2026-09-10"
"0027","Alisma lanceolatum","With.","Slanke waterweegbree","Alismataceae","http://www.verspreidingsatlas.nl/0027","http://ndff-ecogrid.nl/taxonomy/taxa/alismalanceolatum","http://www.verspreidingsatlas.nl/thumbs/map_27.jpg","","2026-09-10"
"0028","Alisma plantago-aquatica","L.","Grote waterweegbree","Alismataceae","http://www.verspreidingsatlas.nl/0028","http://ndff-ecogrid.nl/taxonomy/taxa/alismaplantagoaquatica","http://www.verspreidingsatlas.nl/thumbs/map_28.jpg","","2026-09-10"
"5109","Alkekengi officinarum","Moench","Echte lampionplant","Solanaceae","http://www.verspreidingsatlas.nl/5109","http://ndff-ecogrid.nl/taxonomy/taxa/alkekengiofficinarum","http://www.verspreidingsatlas.nl/thumbs/map_5109.jpg","","2026-09-10"
"0029","Alliaria petiolata","(M. Bieb.) Cavara & Grande","Look-zonder-look","Brassicaceae","http://www.verspreidingsatlas.nl/0029","http://ndff-ecogrid.nl/taxonomy/taxa/alliariapetiolata","http://www.verspreidingsatlas.nl/thumbs/map_29.jpg","","2026-09-10"
"5008","Allium ampeloprasum","L.","Prei","Amaryllidaceae","http://www.verspreidingsatlas.nl/5008","http://ndff-ecogrid.nl/taxonomy/taxa/alliumampeloprasum","http://www.verspreidingsatlas.nl/thumbs/map_5008.jpg","","2026-09-10"
"0030","Allium carinatum","L.","Berglook","Amaryllidaceae","http://www.verspreidingsatlas.nl/0030","http://ndff-ecogrid.nl/taxonomy/taxa/alliumcarinatum","http://www.verspreidingsatlas.nl/thumbs/map_30.jpg","","2026-09-10"
"2369","Allium cepa","L.","Ui","Amaryllidaceae","http://www.verspreidingsatlas.nl/2369","http://ndff-ecogrid.nl/taxonomy/taxa/alliumcepa","http://www.verspreidingsatlas.nl/thumbs/map_2369.jpg","","2026-09-10"
"8102","Allium hollandicum","R.M. Fritsch","","Amaryllidaceae","http://www.verspreidingsatlas.nl/8102","http://ndff-ecogrid.nl/taxonomy/taxa/alliumhollandicum","http://www.verspreidingsatlas.nl/thumbs/map_8102.jpg","","2026-09-10"
"0031","Allium oleraceum","L.","Moeslook","Amaryllidaceae","http://www.verspreidingsatlas.nl/0031","http://ndff-ecogrid.nl/taxonomy/taxa/alliumoleraceum","http://www.verspreidingsatlas.nl/thumbs/map_31.jpg","","2026-09-10"
"1546","Allium paradoxum","(M. Bieb.) G. Don","Armbloemig look","Amaryllidaceae","http://www.verspreidingsatlas.nl/1546","http://ndff-ecogrid.nl/taxonomy/taxa/alliumparadoxum","http://www.verspreidingsatlas.nl/thumbs/map_1546.jpg","","2026-09-10"
"8106","Allium pendulinum","Ten.","Hangende look","Amaryllidaceae","http://www.verspreidingsatlas.nl/8106","http://ndff-ecogrid.nl/taxonomy/taxa/alliumpendulinum","http://www.verspreidingsatlas.nl/thumbs/map_8106.jpg","","2026-09-10"
"10409","Allium ramosum","L.","Chinese bieslook","Amaryllidaceae","http://www.verspreidingsatlas.nl/10409","http://ndff-ecogrid.nl/taxonomy/taxa/alliumramosum","http://www.verspreidingsatlas.nl/thumbs/map_10409.jpg","","2026-09-10"
"5553","Allium rotundum","L.","Ronde look","Amaryllidaceae","http://www.verspreidingsatlas.nl/5553","http://ndff-ecogrid.nl/taxonomy/taxa/alliumrotundum","http://www.verspreidingsatlas.nl/thumbs/map_5553.jpg","","2026-09-10"
"0032","Allium schoenoprasum","L.","Bieslook","Amaryllidaceae","http://www.verspreidingsatlas.nl/0032","http://ndff-ecogrid.nl/taxonomy/taxa/alliumschoenoprasum","http://www.verspreidingsatlas.nl/thumbs/map_32.jpg","","2026-09-10"
"0033","Allium scorodoprasum","L.","Slangenlook","Amaryllidaceae","http://www.verspreidingsatlas.nl/0033","http://ndff-ecogrid.nl/taxonomy/taxa/alliumscorodoprasum","http://www.verspreidingsatlas.nl/thumbs/map_33.jpg","","2026-09-10"
"5552","Allium sphaerocephalon","L.","Kogellook","Amaryllidaceae","http://www.verspreidingsatlas.nl/5552","http://ndff-ecogrid.nl/taxonomy/taxa/alliumsphaerocephalon","http://www.verspreidingsatlas.nl/thumbs/map_5552.jpg","","2026-09-10"
"5567","Allium subhirsutum","L.","Gewimperde look","Amaryllidaceae","http://www.verspreidingsatlas.nl/5567","http://ndff-ecogrid.nl/taxonomy/taxa/alliumsubhirsutum","http://www.verspreidingsatlas.nl/thumbs/map_5567.jpg","","2026-09-10"
"5009","Allium triquetrum","L.","Driekantig look","Amaryllidaceae","http://www.verspreidingsatlas.nl/5009","http://ndff-ecogrid.nl/taxonomy/taxa/alliumtriquetrum","http://www.verspreidingsatlas.nl/thumbs/map_5009.jpg","","2026-09-10"
"0034","Allium ursinum","L.","Daslook","Amaryllidaceae","http://www.verspreidingsatlas.nl/0034","http://ndff-ecogrid.nl/taxonomy/taxa/alliumursinum","http://www.verspreidingsatlas.nl/thumbs/map_34.jpg","","2026-09-10"
"0035","Allium vineale","L.","Kraailook","Amaryllidaceae","http://www.verspreidingsatlas.nl/0035","http://ndff-ecogrid.nl/taxonomy/taxa/alliumvineale","http://www.verspreidingsatlas.nl/thumbs/map_35.jpg","","2026-09-10"
"5010","Allium zebdanense","Boiss. & Noë","Bochtig look","Amaryllidaceae","http://www.verspreidingsatlas.nl/5010","http://ndff-ecogrid.nl/taxonomy/taxa/alliumzebdanense","http://www.verspreidingsatlas.nl/thumbs/map_5010.jpg","","2026-09-10"
"5011","Alnus cordata","(Loisel.) Duby","Hartbladige els","Betulaceae","http://www.verspreidingsatlas.nl/5011","http://ndff-ecogrid.nl/taxonomy/taxa/alnuscordata","http://www.verspreidingsatlas.nl/thumbs/map_5011.jpg","","2026-09-10"
"0036","Alnus glutinosa","(L.) Gaertn.","Zwarte els","Betulaceae","http://www.verspreidingsatlas.nl/0036","http://ndff-ecogrid.nl/taxonomy/taxa/alnusglutinosa","http://www.verspreidingsatlas.nl/thumbs/map_36.jpg","","2026-09-10"
"0037","Alnus incana","(L.) Moench","Witte els","Betulaceae","http://www.verspreidingsatlas.nl/0037","http://ndff-ecogrid.nl/taxonomy/taxa/alnusincana","http://www.verspreidingsatlas.nl/thumbs/map_37.jpg","","2026-09-10"
"0038","Alopecurus aequalis","Sobol.","Rosse vossenstaart","Poaceae","http://www.verspreidingsatlas.nl/0038","http://ndff-ecogrid.nl/taxonomy/taxa/alopecurusaequalis","http://www.verspreidingsatlas.nl/thumbs/map_38.jpg","","2026-09-10"
"0039","Alopecurus bulbosus","Gouan","Knolvossenstaart","Poaceae","http://www.verspreidingsatlas.nl/0039","http://ndff-ecogrid.nl/taxonomy/taxa/alopecurusbulbosus","http://www.verspreidingsatlas.nl/thumbs/map_39.jpg","","2026-09-10"
"0040","Alopecurus geniculatus","L.","Geknikte vossenstaart","Poaceae","http://www.verspreidingsatlas.nl/0040","http://ndff-ecogrid.nl/taxonomy/taxa/alopecurusgeniculatus","http://www.verspreidingsatlas.nl/thumbs/map_40.jpg","","2026-09-10"
"0041","Alopecurus myosuroides","Huds.","Duist","Poaceae","http://www.verspreidingsatlas.nl/0041","http://ndff-ecogrid.nl/taxonomy/taxa/alopecurusmyosuroides","http://www.verspreidingsatlas.nl/thumbs/map_41.jpg","","2026-09-10"
"0042","Alopecurus pratensis","L.","Grote vossenstaart","Poaceae","http://www.verspreidingsatlas.nl/0042","http://ndff-ecogrid.nl/taxonomy/taxa/alopecuruspratensis","http://www.verspreidingsatlas.nl/thumbs/map_42.jpg","","2026-09-10"
"0043","Althaea officinalis","L.","Heemst","Malvaceae","http://www.verspreidingsatlas.nl/0043","http://ndff-ecogrid.nl/taxonomy/taxa/althaeaofficinalis","http://www.verspreidingsatlas.nl/thumbs/map_43.jpg","","2026-09-10"
"0044","Alyssum alyssoides","(L.) L.","Bleek schildzaad","Brassicaceae","http://www.verspreidingsatlas.nl/0044","http://ndff-ecogrid.nl/taxonomy/taxa/alyssumalyssoides","http://www.verspreidingsatlas.nl/thumbs/map_44.jpg","","2026-09-10"
"1651","Amaranthus albus","L.","Witte amarant","Amaranthaceae","http://www.verspreidingsatlas.nl/1651","http://ndff-ecogrid.nl/taxonomy/taxa/amaranthusalbus","http://www.verspreidingsatlas.nl/thumbs/map_1651.jpg","","2026-09-10"
"1758","Amaranthus blitoides","S. Watson","Nerfamarant","Amaranthaceae","http://www.verspreidingsatlas.nl/1758","http://ndff-ecogrid.nl/taxonomy/taxa/amaranthusblitoides","http://www.verspreidingsatlas.nl/thumbs/map_1758.jpg","","2026-09-10"
"0046","Amaranthus blitum","L.","Kleine majer","Amaranthaceae","http://www.verspreidingsatlas.nl/0046","http://ndff-ecogrid.nl/taxonomy/taxa/amaranthusblitum","http://www.verspreidingsatlas.nl/thumbs/map_46.jpg","","2026-09-10"
"5013","Amaranthus caudatus","L.","Kattenstaartamarant","Amaranthaceae","http://www.verspreidingsatlas.nl/5013","http://ndff-ecogrid.nl/taxonomy/taxa/amaranthuscaudatus","http://www.verspreidingsatlas.nl/thumbs/map_5013.jpg","","2026-09-10"
"8484","Amaranthus cruentus","L.","Olifantsamarant","Amaranthaceae","http://www.verspreidingsatlas.nl/8484","http://ndff-ecogrid.nl/taxonomy/taxa/amaranthuscruentus","http://www.verspreidingsatlas.nl/thumbs/map_8484.jpg","","2026-09-10"
"5014","Amaranthus deflexus","L.","Liggende majer","Amaranthaceae","http://www.verspreidingsatlas.nl/5014","http://ndff-ecogrid.nl/taxonomy/taxa/amaranthusdeflexus","http://www.verspreidingsatlas.nl/thumbs/map_5014.jpg","","2026-09-10"
"0045","Amaranthus graecizans","L.","Afrikaanse amarant","Amaranthaceae","http://www.verspreidingsatlas.nl/0045","http://ndff-ecogrid.nl/taxonomy/taxa/amaranthusgraecizans","http://www.verspreidingsatlas.nl/thumbs/map_45.jpg","","2026-09-10"
"1652","Amaranthus hybridus","L.","Franse / Basterdamarant","Amaranthaceae","http://www.verspreidingsatlas.nl/1652","http://ndff-ecogrid.nl/taxonomy/taxa/amaranthushybridus","http://www.verspreidingsatlas.nl/thumbs/map_1652.jpg","","2026-09-10"
"5311","Amaranthus hybridus subsp. bouchonii","(Thell.) O. Bolòs & Vigo","Franse amarant","Amaranthaceae","http://www.verspreidingsatlas.nl/5311","http://ndff-ecogrid.nl/taxonomy/taxa/amaranthusbouchonii","http://www.verspreidingsatlas.nl/thumbs/map_5311.jpg","","2026-09-10"
"5318","Amaranthus hybridus subsp. hybridus","(Jord.) H.E. Weber","Basterdamarant","Amaranthaceae","http://www.verspreidingsatlas.nl/5318","http://ndff-ecogrid.nl/taxonomy/taxa/amaranthushybridusss","http://www.verspreidingsatlas.nl/thumbs/map_5318.jpg","","2026-09-10"
"1653","Amaranthus palmeri","S. Watson","Tweehuizige amarant","Amaranthaceae","http://www.verspreidingsatlas.nl/1653","http://ndff-ecogrid.nl/taxonomy/taxa/amaranthuspalmeri","http://www.verspreidingsatlas.nl/thumbs/map_1653.jpg","","2026-09-10"
"0047","Amaranthus retroflexus","L.","Papegaaienkruid","Amaranthaceae","http://www.verspreidingsatlas.nl/0047","http://ndff-ecogrid.nl/taxonomy/taxa/amaranthusretroflexus","http://www.verspreidingsatlas.nl/thumbs/map_47.jpg","","2026-09-10"
"5015","Amaranthus standleyanus","Parodi ex Covas","Argentijnse amarant","Amaranthaceae","http://www.verspreidingsatlas.nl/5015","http://ndff-ecogrid.nl/taxonomy/taxa/amaranthusstandleyanus","http://www.verspreidingsatlas.nl/thumbs/map_5015.jpg","","2026-09-10"
"5383","Amaranthus tuberculatus","(Moq.) J.D. Sauer","Oeveramarant","Amaranthaceae","http://www.verspreidingsatlas.nl/5383","http://ndff-ecogrid.nl/taxonomy/taxa/amaranthustuberculatus","http://www.verspreidingsatlas.nl/thumbs/map_5383.jpg","","2026-09-10"
"0048","Ambrosia artemisiifolia","L.","Alsemambrosia","Asteraceae","http://www.verspreidingsatlas.nl/0048","http://ndff-ecogrid.nl/taxonomy/taxa/ambrosiaartemisiifolia","http://www.verspreidingsatlas.nl/thumbs/map_48.jpg","","2026-09-10"
"1654","Ambrosia psilostachya","DC.","Zandambrosia","Asteraceae","http://www.verspreidingsatlas.nl/1654","http://ndff-ecogrid.nl/taxonomy/taxa/ambrosiapsilostachya","http://www.verspreidingsatlas.nl/thumbs/map_1654.jpg","","2026-09-10"
"1655","Ambrosia trifida","L.","Driedelige ambrosia","Asteraceae","http://www.verspreidingsatlas.nl/1655","http://ndff-ecogrid.nl/taxonomy/taxa/ambrosiatrifida","http://www.verspreidingsatlas.nl/thumbs/map_1655.jpg","","2026-09-10"
"1852","Amelanchier lamarckii","F.G. Schroeder","Amerikaans krentenboompje","Rosaceae","http://www.verspreidingsatlas.nl/1852","http://ndff-ecogrid.nl/taxonomy/taxa/amelanchierlamarckii","http://www.verspreidingsatlas.nl/thumbs/map_1852.jpg","","2026-09-10"
"1656","Ammi majus","L.","Groot akkerscherm","Apiaceae","http://www.verspreidingsatlas.nl/1656","http://ndff-ecogrid.nl/taxonomy/taxa/ammimajus","http://www.verspreidingsatlas.nl/thumbs/map_1656.jpg","","2026-09-10"
"1657","Ammi visnaga","(L.) Lam.","Fijn akkerscherm","Apiaceae","http://www.verspreidingsatlas.nl/1657","http://ndff-ecogrid.nl/taxonomy/taxa/ammivisnaga","http://www.verspreidingsatlas.nl/thumbs/map_1657.jpg","","2026-09-10"
"1658","Amsinckia micrantha","Suksd.","Kleinbloemige amsinckia","Boraginaceae","http://www.verspreidingsatlas.nl/1658","http://ndff-ecogrid.nl/taxonomy/taxa/amsinckiamicrantha","http://www.verspreidingsatlas.nl/thumbs/map_1658.jpg","","2026-09-10"
"0882","Anacamptis coriophora","(L.) R.M. Bateman","Wantsenorchis","Orchidaceae","http://www.verspreidingsatlas.nl/0882","http://ndff-ecogrid.nl/taxonomy/taxa/anacamptiscoriophora","http://www.verspreidingsatlas.nl/thumbs/map_882.jpg","","2026-09-10"
"0889","Anacamptis morio","(L.) R.M. Bateman","Harlekijn","Orchidaceae","http://www.verspreidingsatlas.nl/0889","http://ndff-ecogrid.nl/taxonomy/taxa/anacamptismorio","http://www.verspreidingsatlas.nl/thumbs/map_889.jpg","","2026-09-10"
"0051","Anacamptis pyramidalis","(L.) Rich.","Hondskruid","Orchidaceae","http://www.verspreidingsatlas.nl/0051","http://ndff-ecogrid.nl/taxonomy/taxa/anacamptispyramidalis","http://www.verspreidingsatlas.nl/thumbs/map_51.jpg","","2026-09-10"
"2308","Anagallis arvensis","L.","Rood guichelheil / Blauw guichelheil","Primulaceae","http://www.verspreidingsatlas.nl/2308","http://ndff-ecogrid.nl/taxonomy/taxa/anagallisarvensis","http://www.verspreidingsatlas.nl/thumbs/map_2308.jpg","","2026-09-10"
"0052","Anagallis arvensis subsp. arvensis","L.","Rood guichelheil","Primulaceae","http://www.verspreidingsatlas.nl/0052","http://ndff-ecogrid.nl/taxonomy/taxa/anagallisarvensissubsparvensis","http://www.verspreidingsatlas.nl/thumbs/map_52.jpg","","2026-09-10"
"1659","Anagallis arvensis subsp. foemina","(Mill.) Schinz & Thell.","Blauw guichelheil","Primulaceae","http://www.verspreidingsatlas.nl/1659","http://ndff-ecogrid.nl/taxonomy/taxa/anagallisarvensissubspfoemina","http://www.verspreidingsatlas.nl/thumbs/map_1659.jpg","","2026-09-10"
"0053","Anagallis tenella","(L.) L.","Teer guichelheil","Primulaceae","http://www.verspreidingsatlas.nl/0053","http://ndff-ecogrid.nl/taxonomy/taxa/anagallistenella","http://www.verspreidingsatlas.nl/thumbs/map_53.jpg","","2026-09-10"
"5322","Anaphalis margaritacea","(L.) Benth. & Hook. f.","Prachtrozenkransje","Asteraceae","http://www.verspreidingsatlas.nl/5322","http://ndff-ecogrid.nl/taxonomy/taxa/anaphalismargaritacea","http://www.verspreidingsatlas.nl/thumbs/map_5322.jpg","","2026-09-10"
"0779","Anchusa arvensis","(L.) M. Bieb.","Kromhals","Boraginaceae","http://www.verspreidingsatlas.nl/0779","http://ndff-ecogrid.nl/taxonomy/taxa/anchusaarvensis","http://www.verspreidingsatlas.nl/thumbs/map_779.jpg","","2026-09-10"
"1660","Anchusa ochroleuca","M. Bieb.","Geelwitte ossentong","Boraginaceae","http://www.verspreidingsatlas.nl/1660","http://ndff-ecogrid.nl/taxonomy/taxa/anchusaochroleuca","http://www.verspreidingsatlas.nl/thumbs/map_1660.jpg","","2026-09-10"
"0054","Anchusa officinalis","L.","Gewone ossentong","Boraginaceae","http://www.verspreidingsatlas.nl/0054","http://ndff-ecogrid.nl/taxonomy/taxa/anchusaofficinalis","http://www.verspreidingsatlas.nl/thumbs/map_54.jpg","","2026-09-10"
"0055","Andromeda polifolia","L.","Lavendelhei","Ericaceae","http://www.verspreidingsatlas.nl/0055","http://ndff-ecogrid.nl/taxonomy/taxa/andromedapolifolia","http://www.verspreidingsatlas.nl/thumbs/map_55.jpg","","2026-09-10"
"1620","Anemone apennina","L.","Blauwe anemoon","Ranunculaceae","http://www.verspreidingsatlas.nl/1620","http://ndff-ecogrid.nl/taxonomy/taxa/anemoneapennina","http://www.verspreidingsatlas.nl/thumbs/map_1620.jpg","","2026-09-10"
"2296","Anemone blanda","Schott & Kotschy","Oosterse anemoon","Ranunculaceae","http://www.verspreidingsatlas.nl/2296","http://ndff-ecogrid.nl/taxonomy/taxa/anemoneblanda","http://www.verspreidingsatlas.nl/thumbs/map_2296.jpg","","2026-09-10"
"0056","Anemone nemorosa","L.","Bosanemoon","Ranunculaceae","http://www.verspreidingsatlas.nl/0056","http://ndff-ecogrid.nl/taxonomy/taxa/anemonenemorosa","http://www.verspreidingsatlas.nl/thumbs/map_56.jpg","","2026-09-10"
"0058","Anemone ranunculoides","L.","Gele anemoon","Ranunculaceae","http://www.verspreidingsatlas.nl/0058","http://ndff-ecogrid.nl/taxonomy/taxa/anemoneranunculoides","http://www.verspreidingsatlas.nl/thumbs/map_58.jpg","","2026-09-10"
"8036","Anemone x hybrida","Paxton","Hoge anemoon","Ranunculaceae","http://www.verspreidingsatlas.nl/8036","http://ndff-ecogrid.nl/taxonomy/taxa/anemonexhybrida","http://www.verspreidingsatlas.nl/thumbs/map_8036.jpg","","2026-09-10"
"5016","Anethum graveolens","L.","Dille","Apiaceae","http://www.verspreidingsatlas.nl/5016","http://ndff-ecogrid.nl/taxonomy/taxa/anethumgraveolens","http://www.verspreidingsatlas.nl/thumbs/map_5016.jpg","","2026-09-10"
"0059","Angelica archangelica","L.","Grote engelwortel","Apiaceae","http://www.verspreidingsatlas.nl/0059","http://ndff-ecogrid.nl/taxonomy/taxa/angelicaarchangelica","http://www.verspreidingsatlas.nl/thumbs/map_59.jpg","","2026-09-10"
"0060","Angelica sylvestris","L.","Gewone engelwortel","Apiaceae","http://www.verspreidingsatlas.nl/0060","http://ndff-ecogrid.nl/taxonomy/taxa/angelicasylvestris","http://www.verspreidingsatlas.nl/thumbs/map_60.jpg","","2026-09-10"
"5313","Anisantha diandra","(Roth) Tutin ex Tzvelev","Hoge dravik","Poaceae","http://www.verspreidingsatlas.nl/5313","http://ndff-ecogrid.nl/taxonomy/taxa/anisanthadiandra","http://www.verspreidingsatlas.nl/thumbs/map_5313.jpg","","2026-09-10"
"5350","Anisantha madritensis","(L.) Nevski","Spaanse dravik","Poaceae","http://www.verspreidingsatlas.nl/5350","http://ndff-ecogrid.nl/taxonomy/taxa/anisanthamadritensis","http://www.verspreidingsatlas.nl/thumbs/map_5350.jpg","","2026-09-10"
"0165","Anisantha sterilis","(L.) Nevski","IJle dravik","Poaceae","http://www.verspreidingsatlas.nl/0165","http://ndff-ecogrid.nl/taxonomy/taxa/anisanthasterilis","http://www.verspreidingsatlas.nl/thumbs/map_165.jpg","","2026-09-10"
"0166","Anisantha tectorum","(L.) Nevski","Zwenkdravik","Poaceae","http://www.verspreidingsatlas.nl/0166","http://ndff-ecogrid.nl/taxonomy/taxa/anisanthatectorum","http://www.verspreidingsatlas.nl/thumbs/map_166.jpg","","2026-09-10"
"5017","Anoda cristata","(L.) Schltdl.","Straalvrucht","Malvaceae","http://www.verspreidingsatlas.nl/5017","http://ndff-ecogrid.nl/taxonomy/taxa/anodacristata","http://www.verspreidingsatlas.nl/thumbs/map_5017.jpg","","2026-09-10"
"0061","Antennaria dioica","(L.) Gaertn.","Rozenkransje","Asteraceae","http://www.verspreidingsatlas.nl/0061","http://ndff-ecogrid.nl/taxonomy/taxa/antennariadioica","http://www.verspreidingsatlas.nl/thumbs/map_61.jpg","","2026-09-10"
"0062","Anthemis arvensis","L.","Valse kamille","Asteraceae","http://www.verspreidingsatlas.nl/0062","http://ndff-ecogrid.nl/taxonomy/taxa/anthemisarvensis","http://www.verspreidingsatlas.nl/thumbs/map_62.jpg","","2026-09-10"
"8115","Anthemis austriaca","Jacq.","","Asteraceae","http://www.verspreidingsatlas.nl/8115","http://ndff-ecogrid.nl/taxonomy/taxa/anthemisaustriaca","http://www.verspreidingsatlas.nl/thumbs/map_8115.jpg","","2026-09-10"
"0063","Anthemis cotula","L.","Stinkende kamille","Asteraceae","http://www.verspreidingsatlas.nl/0063","http://ndff-ecogrid.nl/taxonomy/taxa/anthemiscotula","http://www.verspreidingsatlas.nl/thumbs/map_63.jpg","","2026-09-10"
"0064","Anthemis tinctoria","L.","Gele kamille","Asteraceae","http://www.verspreidingsatlas.nl/0064","http://ndff-ecogrid.nl/taxonomy/taxa/anthemistinctoria","http://www.verspreidingsatlas.nl/thumbs/map_64.jpg","","2026-09-10"
"0065","Anthericum liliago","L.","Grote graslelie","Asparagaceae","http://www.verspreidingsatlas.nl/0065","http://ndff-ecogrid.nl/taxonomy/taxa/anthericumliliago","http://www.verspreidingsatlas.nl/thumbs/map_65.jpg","","2026-09-10"
"0067","Anthoxanthum aristatum","Boiss.","Slofhak","Poaceae","http://www.verspreidingsatlas.nl/0067","http://ndff-ecogrid.nl/taxonomy/taxa/anthoxanthumaristatum","http://www.verspreidingsatlas.nl/thumbs/map_67.jpg","","2026-09-10"
"0626","Anthoxanthum nitens","(Weber) Y. Schouten & Veldkamp","Veenreukgras","Poaceae","http://www.verspreidingsatlas.nl/0626","http://ndff-ecogrid.nl/taxonomy/taxa/anthoxanthumnitens","http://www.verspreidingsatlas.nl/thumbs/map_626.jpg","","2026-09-10"
"0066","Anthoxanthum odoratum","L.","Gewoon reukgras","Poaceae","http://www.verspreidingsatlas.nl/0066","http://ndff-ecogrid.nl/taxonomy/taxa/anthoxanthumodoratum","http://www.verspreidingsatlas.nl/thumbs/map_66.jpg","","2026-09-10"
"0068","Anthriscus caucalis","M. Bieb.","Fijne kervel","Apiaceae","http://www.verspreidingsatlas.nl/0068","http://ndff-ecogrid.nl/taxonomy/taxa/anthriscuscaucalis","http://www.verspreidingsatlas.nl/thumbs/map_68.jpg","","2026-09-10"
"0069","Anthriscus cerefolium","(L.) Hoffm.","Echte kervel","Apiaceae","http://www.verspreidingsatlas.nl/0069","http://ndff-ecogrid.nl/taxonomy/taxa/anthriscuscerefolium","http://www.verspreidingsatlas.nl/thumbs/map_69.jpg","","2026-09-10"
"0070","Anthriscus sylvestris","(L.) Hoffm.","Fluitenkruid","Apiaceae","http://www.verspreidingsatlas.nl/0070","http://ndff-ecogrid.nl/taxonomy/taxa/anthriscussylvestris","http://www.verspreidingsatlas.nl/thumbs/map_70.jpg","","2026-09-10"
"0071","Anthyllis vulneraria","L.","Wondklaver","Fabaceae","http://www.verspreidingsatlas.nl/0071","http://ndff-ecogrid.nl/taxonomy/taxa/anthyllisvulneraria","http://www.verspreidingsatlas.nl/thumbs/map_71.jpg","","2026-09-10"
"5018","Antirrhinum majus","L.","Grote leeuwenbek","Plantaginaceae","http://www.verspreidingsatlas.nl/5018","http://ndff-ecogrid.nl/taxonomy/taxa/antirrhinummajus","http://www.verspreidingsatlas.nl/thumbs/map_5018.jpg","","2026-09-10"
"2423","Apera interrupta","(L.) P. Beauv.","Stijve windhalm","Poaceae","http://www.verspreidingsatlas.nl/2423","http://ndff-ecogrid.nl/taxonomy/taxa/aperainterrupta","http://www.verspreidingsatlas.nl/thumbs/map_2423.jpg","","2026-09-10"
"0073","Apera spica-venti","(L.) P. Beauv.","Grote windhalm","Poaceae","http://www.verspreidingsatlas.nl/0073","http://ndff-ecogrid.nl/taxonomy/taxa/aperaspicaventi","http://www.verspreidingsatlas.nl/thumbs/map_73.jpg","","2026-09-10"
"0074","Aphanes arvensis","L.","Grote leeuwenklauw","Rosaceae","http://www.verspreidingsatlas.nl/0074","http://ndff-ecogrid.nl/taxonomy/taxa/aphanesarvensis","http://www.verspreidingsatlas.nl/thumbs/map_74.jpg","","2026-09-10"
"0075","Aphanes australis","Rydb.","Kleine leeuwenklauw","Rosaceae","http://www.verspreidingsatlas.nl/0075","http://ndff-ecogrid.nl/taxonomy/taxa/aphanesaustralis","http://www.verspreidingsatlas.nl/thumbs/map_75.jpg","","2026-09-10"
"0076","Apium graveolens","L.","Selderij","Apiaceae","http://www.verspreidingsatlas.nl/0076","http://ndff-ecogrid.nl/taxonomy/taxa/apiumgraveolens","http://www.verspreidingsatlas.nl/thumbs/map_76.jpg","","2026-09-10"
"0080","Aquilegia vulgaris","L.","Wilde akelei","Ranunculaceae","http://www.verspreidingsatlas.nl/0080","http://ndff-ecogrid.nl/taxonomy/taxa/aquilegiavulgaris","http://www.verspreidingsatlas.nl/thumbs/map_80.jpg","","2026-09-10"
"0206","Arabidopsis arenosa","(L.) Lawalrée","Rozetsteenkers","Brassicaceae","http://www.verspreidingsatlas.nl/0206","http://ndff-ecogrid.nl/taxonomy/taxa/arabidopsisarenosa","http://www.verspreidingsatlas.nl/thumbs/map_206.jpg","","2026-09-10"
"0081","Arabidopsis thaliana","(L.) Heynh.","Zandraket","Brassicaceae","http://www.verspreidingsatlas.nl/0081","http://ndff-ecogrid.nl/taxonomy/taxa/arabidopsisthaliana","http://www.verspreidingsatlas.nl/thumbs/map_81.jpg","","2026-09-10"
"8116","Arabis collina","Ten.","Muurscheefkelk","Brassicaceae","http://www.verspreidingsatlas.nl/8116","http://ndff-ecogrid.nl/taxonomy/taxa/arabiscollina","http://www.verspreidingsatlas.nl/thumbs/map_8116.jpg","","2026-09-10"
"2333","Arabis hirsuta","(L.) Scop.","Ruige scheefkelk / Pijlscheefkelk","Brassicaceae","http://www.verspreidingsatlas.nl/2333","http://ndff-ecogrid.nl/taxonomy/taxa/arabishirsuta","http://www.verspreidingsatlas.nl/thumbs/map_2333.jpg","","2026-09-10"
"0082","Arabis hirsuta subsp. hirsuta","","Ruige scheefkelk","Brassicaceae","http://www.verspreidingsatlas.nl/0082","http://ndff-ecogrid.nl/taxonomy/taxa/arabishirsutasubsphirsuta","http://www.verspreidingsatlas.nl/thumbs/map_82.jpg","","2026-09-10"
"1458","Arabis hirsuta subsp. sagittata","(Bertoloni) Gaudin","Pijlscheefkelk","Brassicaceae","http://www.verspreidingsatlas.nl/1458","http://ndff-ecogrid.nl/taxonomy/taxa/arabishirsutasubspsagittata","http://www.verspreidingsatlas.nl/thumbs/map_1458.jpg","","2026-09-10"
"8117","Arabis procurrens","Waldst. & Kit.","","Brassicaceae","http://www.verspreidingsatlas.nl/8117","http://ndff-ecogrid.nl/taxonomy/taxa/arabisprocurrens","http://www.verspreidingsatlas.nl/thumbs/map_8117.jpg","","2026-09-10"
"6845","Aralia elata","(Miq.) Seem.","Duivelswandelstok","Araliaceae","http://www.verspreidingsatlas.nl/6845","http://ndff-ecogrid.nl/taxonomy/taxa/araliaelata","http://www.verspreidingsatlas.nl/thumbs/map_6845.jpg","","2026-09-10"
"0083","Arctium lappa","L.","Grote klit","Asteraceae","http://www.verspreidingsatlas.nl/0083","http://ndff-ecogrid.nl/taxonomy/taxa/arctiumlappa","http://www.verspreidingsatlas.nl/thumbs/map_83.jpg","","2026-09-10"
"2457","Arctium minus","(Hill) Bernh.","Gewone klit","Asteraceae","http://www.verspreidingsatlas.nl/2457","http://ndff-ecogrid.nl/taxonomy/taxa/arctiumminus1","http://www.verspreidingsatlas.nl/thumbs/map_2457.jpg","","2026-09-10"
"0085","Arctium nemorosum","Lej.","Bosklit","Asteraceae","http://www.verspreidingsatlas.nl/0085","http://ndff-ecogrid.nl/taxonomy/taxa/arctiumnemorosum","http://www.verspreidingsatlas.nl/thumbs/map_85.jpg","","2026-09-10"
"0087","Arctium tomentosum","Mill.","Donzige klit","Asteraceae","http://www.verspreidingsatlas.nl/0087","http://ndff-ecogrid.nl/taxonomy/taxa/arctiumtomentosum","http://www.verspreidingsatlas.nl/thumbs/map_87.jpg","","2026-09-10"
"0088","Arctostaphylos uva-ursi","(L.) Spreng.","Berendruif","Ericaceae","http://www.verspreidingsatlas.nl/0088","http://ndff-ecogrid.nl/taxonomy/taxa/arctostaphylosuvaursi","http://www.verspreidingsatlas.nl/thumbs/map_88.jpg","","2026-09-10"
"1459","Arenaria leptoclados","(Rchb.) Guss.","Tengere zandmuur","Caryophyllaceae","http://www.verspreidingsatlas.nl/1459","http://ndff-ecogrid.nl/taxonomy/taxa/arenarialeptoclados","http://www.verspreidingsatlas.nl/thumbs/map_1459.jpg","","2026-09-10"
"0089","Arenaria serpyllifolia","L.","Gewone zandmuur","Caryophyllaceae","http://www.verspreidingsatlas.nl/0089","http://ndff-ecogrid.nl/taxonomy/taxa/arenariaserpyllifolia","http://www.verspreidingsatlas.nl/thumbs/map_89.jpg","","2026-09-10"
"1640","Arenaria serpyllifolia subsp. lloydii","(Jord.) H.E. Weber","Gedrongen zandmuur","Caryophyllaceae","http://www.verspreidingsatlas.nl/1640","http://ndff-ecogrid.nl/taxonomy/taxa/arenariaserpyllifoliasubsplloydii","http://www.verspreidingsatlas.nl/thumbs/map_1640.jpg","","2026-09-10"
"0090","Aristolochia clematitis","L.","Pijpbloem","Aristolochiaceae","http://www.verspreidingsatlas.nl/0090","http://ndff-ecogrid.nl/taxonomy/taxa/aristolochiaclematitis","http://www.verspreidingsatlas.nl/thumbs/map_90.jpg","","2026-09-10"
"0091","Armeria maritima","(Mill.) Willd.","Engels gras","Plumbaginaceae","http://www.verspreidingsatlas.nl/0091","http://ndff-ecogrid.nl/taxonomy/taxa/armeriamaritima","http://www.verspreidingsatlas.nl/thumbs/map_91.jpg","","2026-09-10"
"0092","Armoracia rusticana","G. Gaertn.","Mierikswortel","Brassicaceae","http://www.verspreidingsatlas.nl/0092","http://ndff-ecogrid.nl/taxonomy/taxa/armoraciarusticana","http://www.verspreidingsatlas.nl/thumbs/map_92.jpg","","2026-09-10"
"0093","Arnica montana","L.","Valkruid","Asteraceae","http://www.verspreidingsatlas.nl/0093","http://ndff-ecogrid.nl/taxonomy/taxa/arnicamontana","http://www.verspreidingsatlas.nl/thumbs/map_93.jpg","","2026-09-10"
"0094","Arnoseris minima","(L.) Schweigg. & Körte","Korensla","Asteraceae","http://www.verspreidingsatlas.nl/0094","http://ndff-ecogrid.nl/taxonomy/taxa/arnoserisminima","http://www.verspreidingsatlas.nl/thumbs/map_94.jpg","","2026-09-10"
"6846","Aronia arbutifolia","(L.) Pers.","","Rosaceae","http://www.verspreidingsatlas.nl/6846","http://ndff-ecogrid.nl/taxonomy/taxa/aroniaarbutifolia","http://www.verspreidingsatlas.nl/thumbs/map_6846.jpg","","2026-09-10"
"6847","Aronia melanocarpa","(Michx.) Elliott","","Rosaceae","http://www.verspreidingsatlas.nl/6847","http://ndff-ecogrid.nl/taxonomy/taxa/aroniamelanocarpa","http://www.verspreidingsatlas.nl/thumbs/map_6847.jpg","","2026-09-10"
"1965","Aronia x prunifolia","(Marshall) Rehder","Zwarte appelbes","Rosaceae","http://www.verspreidingsatlas.nl/1965","http://ndff-ecogrid.nl/taxonomy/taxa/aroniaxprunifolia","http://www.verspreidingsatlas.nl/thumbs/map_1965.jpg","","2026-09-10"
"0096","Arrhenatherum elatius","(L.) P. Beauv. ex J. Presl & C. Presl","Glanshaver","Poaceae","http://www.verspreidingsatlas.nl/0096","http://ndff-ecogrid.nl/taxonomy/taxa/arrhenatherumelatius","http://www.verspreidingsatlas.nl/thumbs/map_96.jpg","","2026-09-10"
"0097","Artemisia absinthium","L.","Absintalsem","Asteraceae","http://www.verspreidingsatlas.nl/0097","http://ndff-ecogrid.nl/taxonomy/taxa/artemisiaabsinthium","http://www.verspreidingsatlas.nl/thumbs/map_97.jpg","","2026-09-10"
"1663","Artemisia biennis","Willd.","Rechte alsem","Asteraceae","http://www.verspreidingsatlas.nl/1663","http://ndff-ecogrid.nl/taxonomy/taxa/artemisiabiennis","http://www.verspreidingsatlas.nl/thumbs/map_1663.jpg","","2026-09-10"
"2392","Artemisia campestris","L.","Wilde / Duinaveruit","Asteraceae","http://www.verspreidingsatlas.nl/2392","http://ndff-ecogrid.nl/taxonomy/taxa/artemisiacampestris","http://www.verspreidingsatlas.nl/thumbs/map_2392.jpg","","2026-09-10"
"0098","Artemisia campestris subsp. campestris","L.","Wilde averuit","Asteraceae","http://www.verspreidingsatlas.nl/0098","http://ndff-ecogrid.nl/taxonomy/taxa/artemisiacampestrissubspcampestris","http://www.verspreidingsatlas.nl/thumbs/map_98.jpg","","2026-09-10"
"0099","Artemisia campestris subsp. maritima","Arcangeli","Duinaveruit","Asteraceae","http://www.verspreidingsatlas.nl/0099","http://ndff-ecogrid.nl/taxonomy/taxa/artemisiacampestrissubspmaritima","http://www.verspreidingsatlas.nl/thumbs/map_99.jpg","","2026-09-10"
"5019","Artemisia dracunculus","L.","Dragon","Asteraceae","http://www.verspreidingsatlas.nl/5019","http://ndff-ecogrid.nl/taxonomy/taxa/artemisiadracunculus","http://www.verspreidingsatlas.nl/thumbs/map_5019.jpg","","2026-09-10"
"0100","Artemisia maritima","L.","Zeealsem","Asteraceae","http://www.verspreidingsatlas.nl/0100","http://ndff-ecogrid.nl/taxonomy/taxa/artemisiamaritima","http://www.verspreidingsatlas.nl/thumbs/map_100.jpg","","2026-09-10"
"5664","Artemisia princeps","Pamp.","Wijde alsem","Asteraceae","http://www.verspreidingsatlas.nl/5664","http://ndff-ecogrid.nl/taxonomy/taxa/artemisiaprinceps","http://www.verspreidingsatlas.nl/thumbs/map_5664.jpg","","2026-09-10"
"5478","Artemisia verlotiorum","Lamotte","Herfstalsem","Asteraceae","http://www.verspreidingsatlas.nl/5478","http://ndff-ecogrid.nl/taxonomy/taxa/artemisiaverlotiorum","http://www.verspreidingsatlas.nl/thumbs/map_5478.jpg","","2026-09-10"
"0101","Artemisia vulgaris","L.","Bijvoet","Asteraceae","http://www.verspreidingsatlas.nl/0101","http://ndff-ecogrid.nl/taxonomy/taxa/artemisiavulgaris","http://www.verspreidingsatlas.nl/thumbs/map_101.jpg","","2026-09-10"
"0102","Arum italicum","Mill.","Italiaanse aronskelk","Araceae","http://www.verspreidingsatlas.nl/0102","http://ndff-ecogrid.nl/taxonomy/taxa/arumitalicum","http://www.verspreidingsatlas.nl/thumbs/map_102.jpg","","2026-09-10"
"0103","Arum maculatum","L.","Gevlekte aronskelk","Araceae","http://www.verspreidingsatlas.nl/0103","http://ndff-ecogrid.nl/taxonomy/taxa/arummaculatum","http://www.verspreidingsatlas.nl/thumbs/map_103.jpg","","2026-09-10"
"5020","Aruncus dioicus","(Walter) Fernald","Geitenbaard","Rosaceae","http://www.verspreidingsatlas.nl/5020","http://ndff-ecogrid.nl/taxonomy/taxa/aruncusdioicus","http://www.verspreidingsatlas.nl/thumbs/map_5020.jpg","","2026-09-10"
"5022","Asarum europaeum","L.","Mansoor","Aristolochiaceae","http://www.verspreidingsatlas.nl/5022","http://ndff-ecogrid.nl/taxonomy/taxa/asarumeuropaeum","http://www.verspreidingsatlas.nl/thumbs/map_5022.jpg","","2026-09-10"
"5323","Asclepias syriaca","L.","Zijdeplant","Apocynaceae","http://www.verspreidingsatlas.nl/5323","http://ndff-ecogrid.nl/taxonomy/taxa/asclepiassyriaca","http://www.verspreidingsatlas.nl/thumbs/map_5323.jpg","","2026-09-10"
"1904","Asparagus officinalis","L.","Asperge / Liggende asperge","Asparagaceae","http://www.verspreidingsatlas.nl/1904","http://ndff-ecogrid.nl/taxonomy/taxa/asparagusofficinalis","http://www.verspreidingsatlas.nl/thumbs/map_1904.jpg","","2026-09-10"
"0104","Asparagus officinalis subsp. officinalis","L.","Asperge","Asparagaceae","http://www.verspreidingsatlas.nl/0104","http://ndff-ecogrid.nl/taxonomy/taxa/asparagusofficinalissubspofficinalis","http://www.verspreidingsatlas.nl/thumbs/map_104.jpg","","2026-09-10"
"0105","Asparagus officinalis subsp. prostratus","(Dumort.) Corb.","Liggende asperge","Asparagaceae","http://www.verspreidingsatlas.nl/0105","http://ndff-ecogrid.nl/taxonomy/taxa/asparagusofficinalissubspprostratus","http://www.verspreidingsatlas.nl/thumbs/map_105.jpg","","2026-09-10"
"0106","Asperugo procumbens","L.","Scherpkruid","Boraginaceae","http://www.verspreidingsatlas.nl/0106","http://ndff-ecogrid.nl/taxonomy/taxa/asperugoprocumbens","http://www.verspreidingsatlas.nl/thumbs/map_106.jpg","","2026-09-10"
"0107","Asperula arvensis","L.","Akkerbedstro","Rubiaceae","http://www.verspreidingsatlas.nl/0107","http://ndff-ecogrid.nl/taxonomy/taxa/asperulaarvensis","http://www.verspreidingsatlas.nl/thumbs/map_107.jpg","","2026-09-10"
"0108","Asperula cynanchica","L.","Kalkbedstro","Rubiaceae","http://www.verspreidingsatlas.nl/0108","http://ndff-ecogrid.nl/taxonomy/taxa/asperulacynanchica","http://www.verspreidingsatlas.nl/thumbs/map_108.jpg","","2026-09-10"
"0111","Asplenium adiantum-nigrum","L.","Zwartsteel","Aspleniaceae","http://www.verspreidingsatlas.nl/0111","http://ndff-ecogrid.nl/taxonomy/taxa/aspleniumadiantumnigrum","http://www.verspreidingsatlas.nl/thumbs/map_111.jpg","","2026-09-10"
"0301","Asplenium ceterach","L.","Schubvaren","Aspleniaceae","http://www.verspreidingsatlas.nl/0301","http://ndff-ecogrid.nl/taxonomy/taxa/aspleniumceterach","http://www.verspreidingsatlas.nl/thumbs/map_301.jpg","","2026-09-10"
"9492","Asplenium obovatum subsp. lanceolatum","(Fiori) P. Silva","Lancetvormige streepvaren","Aspleniaceae","http://www.verspreidingsatlas.nl/9492","http://ndff-ecogrid.nl/taxonomy/taxa/aspleniumobovatumsubsplanceolatum","http://www.verspreidingsatlas.nl/thumbs/map_9492.jpg","","2026-09-10"
"0112","Asplenium ruta-muraria","L.","Muurvaren","Aspleniaceae","http://www.verspreidingsatlas.nl/0112","http://ndff-ecogrid.nl/taxonomy/taxa/aspleniumrutamuraria","http://www.verspreidingsatlas.nl/thumbs/map_112.jpg","","2026-09-10"
"0934","Asplenium scolopendrium","L.","Tongvaren","Aspleniaceae","http://www.verspreidingsatlas.nl/0934","http://ndff-ecogrid.nl/taxonomy/taxa/aspleniumscolopendrium","http://www.verspreidingsatlas.nl/thumbs/map_934.jpg","","2026-09-10"
"0113","Asplenium trichomanes","L.","Steenbreekvaren","Aspleniaceae","http://www.verspreidingsatlas.nl/0113","http://ndff-ecogrid.nl/taxonomy/taxa/aspleniumtrichomanes","http://www.verspreidingsatlas.nl/thumbs/map_113.jpg","","2026-09-10"
"1609","Asplenium viride","Huds.","Groensteel","Aspleniaceae","http://www.verspreidingsatlas.nl/1609","http://ndff-ecogrid.nl/taxonomy/taxa/aspleniumviride","http://www.verspreidingsatlas.nl/thumbs/map_1609.jpg","","2026-09-10"
"2474","Astragalus cicer","L.","Bergerwt","Fabaceae","http://www.verspreidingsatlas.nl/2474","http://ndff-ecogrid.nl/taxonomy/taxa/astragaluscicer","http://www.verspreidingsatlas.nl/thumbs/map_2474.jpg","","2026-09-10"
"0118","Astragalus glycyphyllos","L.","Hokjespeul","Fabaceae","http://www.verspreidingsatlas.nl/0118","http://ndff-ecogrid.nl/taxonomy/taxa/astragalusglycyphyllos","http://www.verspreidingsatlas.nl/thumbs/map_118.jpg","","2026-09-10"
"0119","Athyrium filix-femina","(L.) Roth","Wijfjesvaren","Athyriaceae","http://www.verspreidingsatlas.nl/0119","http://ndff-ecogrid.nl/taxonomy/taxa/athyriumfilixfemina","http://www.verspreidingsatlas.nl/thumbs/map_119.jpg","","2026-09-10"
"0120","Atriplex glabriuscula","Edmondston","Kustmelde","Amaranthaceae","http://www.verspreidingsatlas.nl/0120","http://ndff-ecogrid.nl/taxonomy/taxa/atriplexglabriuscula","http://www.verspreidingsatlas.nl/thumbs/map_120.jpg","","2026-09-10"
"1664","Atriplex hortensis","L.","Tuinmelde","Amaranthaceae","http://www.verspreidingsatlas.nl/1664","http://ndff-ecogrid.nl/taxonomy/taxa/atriplexhortensis","http://www.verspreidingsatlas.nl/thumbs/map_1664.jpg","","2026-09-10"
"0124","Atriplex laciniata","L.","Gelobde melde","Amaranthaceae","http://www.verspreidingsatlas.nl/0124","http://ndff-ecogrid.nl/taxonomy/taxa/atriplexlaciniata","http://www.verspreidingsatlas.nl/thumbs/map_124.jpg","","2026-09-10"
"0122","Atriplex littoralis","L.","Strandmelde","Amaranthaceae","http://www.verspreidingsatlas.nl/0122","http://ndff-ecogrid.nl/taxonomy/taxa/atriplexlittoralis","http://www.verspreidingsatlas.nl/thumbs/map_122.jpg","","2026-09-10"
"2411","Atriplex longipes","Drejer","Gesteelde spiesmelde","Amaranthaceae","http://www.verspreidingsatlas.nl/2411","http://ndff-ecogrid.nl/taxonomy/taxa/atriplexlongipes","http://www.verspreidingsatlas.nl/thumbs/map_2411.jpg","","2026-09-10"
"6853","Atriplex micrantha","Ledeb.","Grijze melde","Amaranthaceae","http://www.verspreidingsatlas.nl/6853","http://ndff-ecogrid.nl/taxonomy/taxa/atriplexmicrantha","http://www.verspreidingsatlas.nl/thumbs/map_6853.jpg","","2026-09-10"
"0123","Atriplex patula","L.","Uitstaande melde","Amaranthaceae","http://www.verspreidingsatlas.nl/0123","http://ndff-ecogrid.nl/taxonomy/taxa/atriplexpatula","http://www.verspreidingsatlas.nl/thumbs/map_123.jpg","","2026-09-10"
"0595","Atriplex pedunculata","L.","Gesteelde zoutmelde","Amaranthaceae","http://www.verspreidingsatlas.nl/0595","http://ndff-ecogrid.nl/taxonomy/taxa/atriplexpedunculata","http://www.verspreidingsatlas.nl/thumbs/map_595.jpg","","2026-09-10"
"0596","Atriplex portulacoides","L.","Gewone zoutmelde","Amaranthaceae","http://www.verspreidingsatlas.nl/0596","http://ndff-ecogrid.nl/taxonomy/taxa/atriplexportulacoides","http://www.verspreidingsatlas.nl/thumbs/map_596.jpg","","2026-09-10"
"2394","Atriplex prostrata","DC.","Spiesmelde","Amaranthaceae","http://www.verspreidingsatlas.nl/2394","http://ndff-ecogrid.nl/taxonomy/taxa/atriplexprostrata1","http://www.verspreidingsatlas.nl/thumbs/map_2394.jpg","","2026-09-10"
"0125","Atropa bella-donna","L.","Wolfskers","Solanaceae","http://www.verspreidingsatlas.nl/0125","http://ndff-ecogrid.nl/taxonomy/taxa/atropabelladonna","http://www.verspreidingsatlas.nl/thumbs/map_125.jpg","","2026-09-10"
"5026","Aubrieta deltoidea","(L.) DC.","Aubrietia","Brassicaceae","http://www.verspreidingsatlas.nl/5026","http://ndff-ecogrid.nl/taxonomy/taxa/aubrietadeltoidea","http://www.verspreidingsatlas.nl/thumbs/map_5026.jpg","","2026-09-10"
"8072","Aucuba japonica","Thunb.","Broodboom","Garryaceae","http://www.verspreidingsatlas.nl/8072","http://ndff-ecogrid.nl/taxonomy/taxa/aucubajaponica","http://www.verspreidingsatlas.nl/thumbs/map_8072.jpg","","2026-09-10"
"5382","Aurinia saxatilis","(L.) Desv.","Rotsschildzaad","Brassicaceae","http://www.verspreidingsatlas.nl/5382","http://ndff-ecogrid.nl/taxonomy/taxa/auriniasaxatilis","http://www.verspreidingsatlas.nl/thumbs/map_5382.jpg","","2026-09-10"
"0126","Avena fatua","L.","Oot","Poaceae","http://www.verspreidingsatlas.nl/0126","http://ndff-ecogrid.nl/taxonomy/taxa/avenafatua","http://www.verspreidingsatlas.nl/thumbs/map_126.jpg","","2026-09-10"
"1800","Avena sativa","L.","Gekweekte haver","Poaceae","http://www.verspreidingsatlas.nl/1800","http://ndff-ecogrid.nl/taxonomy/taxa/avenasativa","http://www.verspreidingsatlas.nl/thumbs/map_1800.jpg","","2026-09-10"
"5028","Avena sterilis","L.","Wilde haver","Poaceae","http://www.verspreidingsatlas.nl/5028","http://ndff-ecogrid.nl/taxonomy/taxa/avenasterilis","http://www.verspreidingsatlas.nl/thumbs/map_5028.jpg","","2026-09-10"
"5027","Avena strigosa","Schreb.","Evene","Poaceae","http://www.verspreidingsatlas.nl/5027","http://ndff-ecogrid.nl/taxonomy/taxa/avenastrigosa","http://www.verspreidingsatlas.nl/thumbs/map_5027.jpg","","2026-09-10"
"0398","Avenella flexuosa","(L.) Drejer","Bochtige smele","Poaceae","http://www.verspreidingsatlas.nl/0398","http://ndff-ecogrid.nl/taxonomy/taxa/avenellaflexuosa","http://www.verspreidingsatlas.nl/thumbs/map_398.jpg","","2026-09-10"
"0604","Avenula pubescens","(Huds.) Dumort.","Zachte haver","Poaceae","http://www.verspreidingsatlas.nl/0604","http://ndff-ecogrid.nl/taxonomy/taxa/avenulapubescens","http://www.verspreidingsatlas.nl/thumbs/map_604.jpg","","2026-09-10"
"5029","Axyris amaranthoides","L.","Hoornmelde","Amaranthaceae","http://www.verspreidingsatlas.nl/5029","http://ndff-ecogrid.nl/taxonomy/taxa/axyrisamaranthoides","http://www.verspreidingsatlas.nl/thumbs/map_5029.jpg","","2026-09-10"
"0127","Azolla cristata","Kaulf.","Kleine kroosvaren","Salviniaceae","http://www.verspreidingsatlas.nl/0127","http://ndff-ecogrid.nl/taxonomy/taxa/azollacristata","http://www.verspreidingsatlas.nl/thumbs/map_127.jpg","","2026-09-10"
"0128","Azolla filiculoides","Lam.","Grote kroosvaren","Salviniaceae","http://www.verspreidingsatlas.nl/0128","http://ndff-ecogrid.nl/taxonomy/taxa/azollafiliculoides","http://www.verspreidingsatlas.nl/thumbs/map_128.jpg","","2026-09-10"
"5462","Baccharis halimifolia","L.","Struikaster","Asteraceae","http://www.verspreidingsatlas.nl/5462","http://ndff-ecogrid.nl/taxonomy/taxa/baccharishalimifolia","http://www.verspreidingsatlas.nl/thumbs/map_5462.jpg","","2026-09-10"
"5521","Baldellia ranunculoides","(L.) Parl.","Stijve / Kruipende moerasweegbree","Alismataceae","http://www.verspreidingsatlas.nl/5521","http://ndff-ecogrid.nl/taxonomy/taxa/baldelliaranunculoides","http://www.verspreidingsatlas.nl/thumbs/map_5521.jpg","","2026-09-10"
"0429","Baldellia ranunculoides subsp. ranunculoides","","Stijve moerasweegbree","Alismataceae","http://www.verspreidingsatlas.nl/0429","http://ndff-ecogrid.nl/taxonomy/taxa/baldelliaranunculoidessubspranunculoides","http://www.verspreidingsatlas.nl/thumbs/map_429.jpg","","2026-09-10"
"0430","Baldellia ranunculoides subsp. repens","(Lam.) Á.Löve & D.Löve","Kruipende moerasweegbree","Alismataceae","http://www.verspreidingsatlas.nl/0430","http://ndff-ecogrid.nl/taxonomy/taxa/baldelliaranunculoidessubsprepens","http://www.verspreidingsatlas.nl/thumbs/map_430.jpg","","2026-09-10"
"5030","Ballota nigra","L.","Stinkende ballote s.l.","Lamiaceae","http://www.verspreidingsatlas.nl/5030","http://ndff-ecogrid.nl/taxonomy/taxa/ballotanigra","http://www.verspreidingsatlas.nl/thumbs/map_5030.jpg","","2026-09-10"
"0129","Ballota nigra subsp. meridionalis","L.","Stinkende ballote","Lamiaceae","http://www.verspreidingsatlas.nl/0129","http://ndff-ecogrid.nl/taxonomy/taxa/ballotanigrasubspmeridionalis","http://www.verspreidingsatlas.nl/thumbs/map_129.jpg","","2026-09-10"
"5162","Ballota nigra subsp. nigra","L.","Echte ballote","Lamiaceae","http://www.verspreidingsatlas.nl/5162","http://ndff-ecogrid.nl/taxonomy/taxa/ballotanigrasubspnigra","http://www.verspreidingsatlas.nl/thumbs/map_5162.jpg","","2026-09-10"
"0130","Barbarea intermedia","Boreau","Bitter barbarakruid","Brassicaceae","http://www.verspreidingsatlas.nl/0130","http://ndff-ecogrid.nl/taxonomy/taxa/barbareaintermedia","http://www.verspreidingsatlas.nl/thumbs/map_130.jpg","","2026-09-10"
"0131","Barbarea stricta","Andrz.","Stijf barbarakruid","Brassicaceae","http://www.verspreidingsatlas.nl/0131","http://ndff-ecogrid.nl/taxonomy/taxa/barbareastricta","http://www.verspreidingsatlas.nl/thumbs/map_131.jpg","","2026-09-10"
"0132","Barbarea verna","(Mill.) Asch.","Vroeg barbarakruid","Brassicaceae","http://www.verspreidingsatlas.nl/0132","http://ndff-ecogrid.nl/taxonomy/taxa/barbareaverna","http://www.verspreidingsatlas.nl/thumbs/map_132.jpg","","2026-09-10"
"0133","Barbarea vulgaris","W.T. Aiton","Gewoon barbarakruid","Brassicaceae","http://www.verspreidingsatlas.nl/0133","http://ndff-ecogrid.nl/taxonomy/taxa/barbareavulgaris","http://www.verspreidingsatlas.nl/thumbs/map_133.jpg","","2026-09-10"
"0134","Bassia hirsuta","(L.) Asch.","Ruig zoutkruid","Amaranthaceae","http://www.verspreidingsatlas.nl/0134","http://ndff-ecogrid.nl/taxonomy/taxa/bassiahirsuta","http://www.verspreidingsatlas.nl/thumbs/map_134.jpg","","2026-09-10"
"1697","Bassia scoparia","(L.) A.J. Scott","Studentenkruid","Amaranthaceae","http://www.verspreidingsatlas.nl/1697","http://ndff-ecogrid.nl/taxonomy/taxa/bassiascoparia","http://www.verspreidingsatlas.nl/thumbs/map_1697.jpg","","2026-09-10"
"6855","Beckmannia syzigachne","(Steud.) Fernald","Zompgras","Poaceae","http://www.verspreidingsatlas.nl/6855","http://ndff-ecogrid.nl/taxonomy/taxa/beckmanniasyzigachne","http://www.verspreidingsatlas.nl/thumbs/map_6855.jpg","","2026-09-10"
"0135","Bellis perennis","L.","Madeliefje","Asteraceae","http://www.verspreidingsatlas.nl/0135","http://ndff-ecogrid.nl/taxonomy/taxa/bellisperennis","http://www.verspreidingsatlas.nl/thumbs/map_135.jpg","","2026-09-10"
"5385","Berberis aggregata","C.K. Schneid.","Roze berberis","Berberidaceae","http://www.verspreidingsatlas.nl/5385","http://ndff-ecogrid.nl/taxonomy/taxa/berberisaggregata","http://www.verspreidingsatlas.nl/thumbs/map_5385.jpg","","2026-09-10"
"2101","Berberis aquifolium","Pursh","Mahonie","Berberidaceae","http://www.verspreidingsatlas.nl/2101","http://ndff-ecogrid.nl/taxonomy/taxa/berberisaquifolium","http://www.verspreidingsatlas.nl/thumbs/map_2101.jpg","","2026-09-10"
"8133","Berberis julianae","C.K. Schneid.","Chinese zuurbes","Berberidaceae","http://www.verspreidingsatlas.nl/8133","http://ndff-ecogrid.nl/taxonomy/taxa/berberisjulianae","http://www.verspreidingsatlas.nl/thumbs/map_8133.jpg","","2026-09-10"
"5212","Berberis thunbergii","DC.","Japanse berberis","Berberidaceae","http://www.verspreidingsatlas.nl/5212","http://ndff-ecogrid.nl/taxonomy/taxa/berberisthunbergii","http://www.verspreidingsatlas.nl/thumbs/map_5212.jpg","","2026-09-10"
"0136","Berberis vulgaris","L.","Zuurbes","Berberidaceae","http://www.verspreidingsatlas.nl/0136","http://ndff-ecogrid.nl/taxonomy/taxa/berberisvulgaris","http://www.verspreidingsatlas.nl/thumbs/map_136.jpg","","2026-09-10"
"0137","Berteroa incana","(L.) DC.","Grijskruid","Brassicaceae","http://www.verspreidingsatlas.nl/0137","http://ndff-ecogrid.nl/taxonomy/taxa/berteroaincana","http://www.verspreidingsatlas.nl/thumbs/map_137.jpg","","2026-09-10"
"1215","Berula erecta","(Huds.) Coville","Kleine watereppe","Apiaceae","http://www.verspreidingsatlas.nl/1215","http://ndff-ecogrid.nl/taxonomy/taxa/berulaerecta","http://www.verspreidingsatlas.nl/thumbs/map_1215.jpg","","2026-09-10"
"2335","Beta vulgaris","L.","Biet s.l.","Amaranthaceae","http://www.verspreidingsatlas.nl/2335","http://ndff-ecogrid.nl/taxonomy/taxa/betavulgaris","http://www.verspreidingsatlas.nl/thumbs/map_2335.jpg","","2026-09-10"
"0138","Beta vulgaris subsp. maritima","(L.) Arcangeli","Strandbiet","Amaranthaceae","http://www.verspreidingsatlas.nl/0138","http://ndff-ecogrid.nl/taxonomy/taxa/betavulgarissubspmaritima","http://www.verspreidingsatlas.nl/thumbs/map_138.jpg","","2026-09-10"
"1801","Beta vulgaris subsp. vulgaris","","Gekweekte biet","Amaranthaceae","http://www.verspreidingsatlas.nl/1801","http://ndff-ecogrid.nl/taxonomy/taxa/betavulgarissubspvulgaris","http://www.verspreidingsatlas.nl/thumbs/map_1801.jpg","","2026-09-10"
"1244","Betonica officinalis","L.","Betonie","Lamiaceae","http://www.verspreidingsatlas.nl/1244","http://ndff-ecogrid.nl/taxonomy/taxa/betonicaofficinalis","http://www.verspreidingsatlas.nl/thumbs/map_1244.jpg","","2026-09-10"
"0140","Betula pendula","Roth","Ruwe berk","Betulaceae","http://www.verspreidingsatlas.nl/0140","http://ndff-ecogrid.nl/taxonomy/taxa/betulapendula","http://www.verspreidingsatlas.nl/thumbs/map_140.jpg","","2026-09-10"
"0139","Betula pubescens","Ehrh.","Zachte berk","Betulaceae","http://www.verspreidingsatlas.nl/0139","http://ndff-ecogrid.nl/taxonomy/taxa/betulapubescens","http://www.verspreidingsatlas.nl/thumbs/map_139.jpg","","2026-09-10"
"0141","Bidens cernua","L.","Knikkend tandzaad","Asteraceae","http://www.verspreidingsatlas.nl/0141","http://ndff-ecogrid.nl/taxonomy/taxa/bidenscernua","http://www.verspreidingsatlas.nl/thumbs/map_141.jpg","","2026-09-10"
"0142","Bidens connata","Muhl. ex Willd.","Smal tandzaad","Asteraceae","http://www.verspreidingsatlas.nl/0142","http://ndff-ecogrid.nl/taxonomy/taxa/bidensconnata","http://www.verspreidingsatlas.nl/thumbs/map_142.jpg","","2026-09-10"
"0143","Bidens frondosa","L.","Zwart tandzaad","Asteraceae","http://www.verspreidingsatlas.nl/0143","http://ndff-ecogrid.nl/taxonomy/taxa/bidensfrondosa","http://www.verspreidingsatlas.nl/thumbs/map_143.jpg","","2026-09-10"
"8138","Bidens pilosa","L.","","Asteraceae","http://www.verspreidingsatlas.nl/8138","http://ndff-ecogrid.nl/taxonomy/taxa/bidenspilosa","http://www.verspreidingsatlas.nl/thumbs/map_8138.jpg","","2026-09-10"
"2458","Bidens radiata","Thuill.","Riviertandzaad","Asteraceae","http://www.verspreidingsatlas.nl/2458","http://ndff-ecogrid.nl/taxonomy/taxa/bidensradiata","http://www.verspreidingsatlas.nl/thumbs/map_2458.jpg","","2026-09-10"
"0144","Bidens tripartita","L.","Veerdelig tandzaad","Asteraceae","http://www.verspreidingsatlas.nl/0144","http://ndff-ecogrid.nl/taxonomy/taxa/bidenstripartita","http://www.verspreidingsatlas.nl/thumbs/map_144.jpg","","2026-09-10"
"5031","Bifora radians","M. Bieb.","Holzaad","Apiaceae","http://www.verspreidingsatlas.nl/5031","http://ndff-ecogrid.nl/taxonomy/taxa/biforaradians","http://www.verspreidingsatlas.nl/thumbs/map_5031.jpg","","2026-09-10"
"2336","Blackstonia perfoliata","(L.) Huds.","Zomer- / Herfstbitterling","Gentianaceae","http://www.verspreidingsatlas.nl/2336","http://ndff-ecogrid.nl/taxonomy/taxa/blackstoniaperfoliata","http://www.verspreidingsatlas.nl/thumbs/map_2336.jpg","","2026-09-10"
"1855","Blackstonia perfoliata subsp. perfoliata","(L.) Huds.","Zomerbitterling","Gentianaceae","http://www.verspreidingsatlas.nl/1855","http://ndff-ecogrid.nl/taxonomy/taxa/blackstoniaperfoliatasubspperfoliata","http://www.verspreidingsatlas.nl/thumbs/map_1855.jpg","","2026-09-10"
"0145","Blackstonia perfoliata subsp. serotina","(Rchb.) Vollmann","Herfstbitterling","Gentianaceae","http://www.verspreidingsatlas.nl/0145","http://ndff-ecogrid.nl/taxonomy/taxa/blackstoniaperfoliatasubspserotina","http://www.verspreidingsatlas.nl/thumbs/map_145.jpg","","2026-09-10"
"0307","Blitum bonus-henricus","(L.) Rchb.","Brave hendrik","Amaranthaceae","http://www.verspreidingsatlas.nl/0307","http://ndff-ecogrid.nl/taxonomy/taxa/blitumbonus-henricus","http://www.verspreidingsatlas.nl/thumbs/map_307.jpg","","2026-09-10"
"0308","Blitum capitatum","L.","Trosaardbeispinazie","Amaranthaceae","http://www.verspreidingsatlas.nl/0308","http://ndff-ecogrid.nl/taxonomy/taxa/blitumcapitatum","http://www.verspreidingsatlas.nl/thumbs/map_308.jpg","","2026-09-10"
"0311","Blitum virgatum","L.","Rode aardbeispinazie","Amaranthaceae","http://www.verspreidingsatlas.nl/0311","http://ndff-ecogrid.nl/taxonomy/taxa/blitumvirgatum","http://www.verspreidingsatlas.nl/thumbs/map_311.jpg","","2026-09-10"
"1157","Blysmus compressus","(L.) Panz. ex Link","Platte bies","Cyperaceae","http://www.verspreidingsatlas.nl/1157","http://ndff-ecogrid.nl/taxonomy/taxa/blysmuscompressus","http://www.verspreidingsatlas.nl/thumbs/map_1157.jpg","","2026-09-10"
"1158","Blysmus rufus","(Huds.) Link","Rode bies","Cyperaceae","http://www.verspreidingsatlas.nl/1158","http://ndff-ecogrid.nl/taxonomy/taxa/blysmusrufus","http://www.verspreidingsatlas.nl/thumbs/map_1158.jpg","","2026-09-10"
"8453","Bolboschoenus laticarpus","Marhold, Hroudová, Duchácek & Zákr.","Oeverbies","Cyperaceae","http://www.verspreidingsatlas.nl/8453","http://ndff-ecogrid.nl/taxonomy/taxa/bolboschoenuslaticarpus","http://www.verspreidingsatlas.nl/thumbs/map_8453.jpg","","2026-09-10"
"2048","Bolboschoenus maritimus","(L.) Palla","Heen","Cyperaceae","http://www.verspreidingsatlas.nl/2048","http://ndff-ecogrid.nl/taxonomy/taxa/bolboschoenusmaritimusss","http://www.verspreidingsatlas.nl/thumbs/map_2048.jpg","","2026-09-10"
"2083","Bolboschoenus planiculmis","(F.Schmidt) T.V.Egorova","Oostelijke bies","Cyperaceae","http://www.verspreidingsatlas.nl/2083","http://ndff-ecogrid.nl/taxonomy/taxa/bolboschoenusplaniculmis","http://www.verspreidingsatlas.nl/thumbs/map_2083.jpg","","2026-09-10"
"0147","Borago officinalis","L.","Bernagie","Boraginaceae","http://www.verspreidingsatlas.nl/0147","http://ndff-ecogrid.nl/taxonomy/taxa/boragoofficinalis","http://www.verspreidingsatlas.nl/thumbs/map_147.jpg","","2026-09-10"
"0148","Botrychium lunaria","(L.) Sw.","Gelobde maanvaren","Ophioglossaceae","http://www.verspreidingsatlas.nl/0148","http://ndff-ecogrid.nl/taxonomy/taxa/botrychiumlunaria","http://www.verspreidingsatlas.nl/thumbs/map_148.jpg","","2026-09-10"
"0149","Botrychium matricariifolium","(Retz.) A. Braun ex W.D.J. Koch","Vertakte maanvaren","Ophioglossaceae","http://www.verspreidingsatlas.nl/0149","http://ndff-ecogrid.nl/taxonomy/taxa/botrychiummatricariifolium","http://www.verspreidingsatlas.nl/thumbs/map_149.jpg","","2026-09-10"
"0150","Brachypodium pinnatum","(L.) P. Beauv.","Gevinde kortsteel","Poaceae","http://www.verspreidingsatlas.nl/0150","http://ndff-ecogrid.nl/taxonomy/taxa/brachypodiumpinnatum","http://www.verspreidingsatlas.nl/thumbs/map_150.jpg","","2026-09-10"
"0151","Brachypodium sylvaticum","(Huds.) P. Beauv.","Boskortsteel","Poaceae","http://www.verspreidingsatlas.nl/0151","http://ndff-ecogrid.nl/taxonomy/taxa/brachypodiumsylvaticum","http://www.verspreidingsatlas.nl/thumbs/map_151.jpg","","2026-09-10"
"1665","Brassica juncea","(L.) Czern.","Sareptamosterd","Brassicaceae","http://www.verspreidingsatlas.nl/1665","http://ndff-ecogrid.nl/taxonomy/taxa/brassicajuncea","http://www.verspreidingsatlas.nl/thumbs/map_1665.jpg","","2026-09-10"
"1802","Brassica napus","L.","Koolzaad","Brassicaceae","http://www.verspreidingsatlas.nl/1802","http://ndff-ecogrid.nl/taxonomy/taxa/brassicanapus","http://www.verspreidingsatlas.nl/thumbs/map_1802.jpg","","2026-09-10"
"0152","Brassica nigra","(L.) W.D.J. Koch","Zwarte mosterd","Brassicaceae","http://www.verspreidingsatlas.nl/0152","http://ndff-ecogrid.nl/taxonomy/taxa/brassicanigra","http://www.verspreidingsatlas.nl/thumbs/map_152.jpg","","2026-09-10"
"1803","Brassica oleracea","L.","Kool / Wilde kool","Brassicaceae","http://www.verspreidingsatlas.nl/1803","http://ndff-ecogrid.nl/taxonomy/taxa/brassicaoleracea","http://www.verspreidingsatlas.nl/thumbs/map_1803.jpg","","2026-09-10"
"5481","Brassica oleracea subsp. oleracea","","Wilde kool","Brassicaceae","http://www.verspreidingsatlas.nl/5481","http://ndff-ecogrid.nl/taxonomy/taxa/brassicaoleraceasubspoleracea","http://www.verspreidingsatlas.nl/thumbs/map_5481.jpg","","2026-09-10"
"1804","Brassica rapa","L.","Raapzaad","Brassicaceae","http://www.verspreidingsatlas.nl/1804","http://ndff-ecogrid.nl/taxonomy/taxa/brassicarapa","http://www.verspreidingsatlas.nl/thumbs/map_1804.jpg","","2026-09-10"
"5612","Briza maxima","L.","Groot trilgras","Poaceae","http://www.verspreidingsatlas.nl/5612","http://ndff-ecogrid.nl/taxonomy/taxa/brizamaxima","http://www.verspreidingsatlas.nl/thumbs/map_5612.jpg","","2026-09-10"
"0153","Briza media","L.","Bevertjes","Poaceae","http://www.verspreidingsatlas.nl/0153","http://ndff-ecogrid.nl/taxonomy/taxa/brizamedia","http://www.verspreidingsatlas.nl/thumbs/map_153.jpg","","2026-09-10"
"0157","Bromopsis erecta","(Huds.) Fourr.","Bergdravik","Poaceae","http://www.verspreidingsatlas.nl/0157","http://ndff-ecogrid.nl/taxonomy/taxa/bromopsiserecta","http://www.verspreidingsatlas.nl/thumbs/map_157.jpg","","2026-09-10"
"0159","Bromopsis inermis subsp. inermis","(Leyss.) Holub","Kweekdravik","Poaceae","http://www.verspreidingsatlas.nl/0159","http://ndff-ecogrid.nl/taxonomy/taxa/bromopsisinermissubspinermis","http://www.verspreidingsatlas.nl/thumbs/map_159.jpg","","2026-09-10"
"2475","Bromopsis pumpelliana","(Scribn.) Holub","","Poaceae","http://www.verspreidingsatlas.nl/2475","http://ndff-ecogrid.nl/taxonomy/taxa/bromopsispumpelliana","http://www.verspreidingsatlas.nl/thumbs/map_2475.jpg","","2026-09-10"
"2432","Bromopsis ramosa","(Huds.) Holub","Bosdravik / Ruwe dravik","Poaceae","http://www.verspreidingsatlas.nl/2432","http://ndff-ecogrid.nl/taxonomy/taxa/bromopsisramosa","http://www.verspreidingsatlas.nl/thumbs/map_2432.jpg","","2026-09-10"
"0155","Bromopsis ramosa subsp. benekenii","(Lange) Tzvelev","Bosdravik","Poaceae","http://www.verspreidingsatlas.nl/0155","http://ndff-ecogrid.nl/taxonomy/taxa/bromopsisramosasubspbenekenii","http://www.verspreidingsatlas.nl/thumbs/map_155.jpg","","2026-09-10"
"0163","Bromopsis ramosa subsp. ramosa","(Huds.) Holub","Ruwe dravik","Poaceae","http://www.verspreidingsatlas.nl/0163","http://ndff-ecogrid.nl/taxonomy/taxa/bromopsisramosasubspramosa","http://www.verspreidingsatlas.nl/thumbs/map_163.jpg","","2026-09-10"
"0154","Bromus arvensis","L.","Akkerdravik","Poaceae","http://www.verspreidingsatlas.nl/0154","http://ndff-ecogrid.nl/taxonomy/taxa/bromusarvensis","http://www.verspreidingsatlas.nl/thumbs/map_154.jpg","","2026-09-10"
"1421","Bromus bromoideus","(Lej.) Crép.","Ardense dravik","Poaceae","http://www.verspreidingsatlas.nl/1421","http://ndff-ecogrid.nl/taxonomy/taxa/bromusbromoideus","http://www.verspreidingsatlas.nl/thumbs/map_1421.jpg","","2026-09-10"
"8141","Bromus grossus","Desf. ex DC.","Zware dreps","Poaceae","http://www.verspreidingsatlas.nl/8141","http://ndff-ecogrid.nl/taxonomy/taxa/bromusgrossus","http://www.verspreidingsatlas.nl/thumbs/map_8141.jpg","","2026-09-10"
"2337","Bromus hordeaceus","L.","Zachte dravik","Poaceae","http://www.verspreidingsatlas.nl/2337","http://ndff-ecogrid.nl/taxonomy/taxa/bromushordeaceus","http://www.verspreidingsatlas.nl/thumbs/map_2337.jpg","","2026-09-10"
"0161","Bromus hordeaceus subsp. hordeaceus","","Zachte dravik s.s.","Poaceae","http://www.verspreidingsatlas.nl/0161","http://ndff-ecogrid.nl/taxonomy/taxa/bromushordeaceussubsphordeaceus","http://www.verspreidingsatlas.nl/thumbs/map_161.jpg","","2026-09-10"
"0158","Bromus hordeaceus subsp. thominei","(Hardouin) Maire & Weiller","Duindravik","Poaceae","http://www.verspreidingsatlas.nl/0158","http://ndff-ecogrid.nl/taxonomy/taxa/bromushordeaceussubspthominei","http://www.verspreidingsatlas.nl/thumbs/map_158.jpg","","2026-09-10"
"1666","Bromus japonicus","Houtt.","Japanse dravik","Poaceae","http://www.verspreidingsatlas.nl/1666","http://ndff-ecogrid.nl/taxonomy/taxa/bromusjaponicus","http://www.verspreidingsatlas.nl/thumbs/map_1666.jpg","","2026-09-10"
"8142","Bromus lanceolatus","Roth","","Poaceae","http://www.verspreidingsatlas.nl/8142","http://ndff-ecogrid.nl/taxonomy/taxa/bromuslanceolatus","http://www.verspreidingsatlas.nl/thumbs/map_8142.jpg","","2026-09-10"
"0160","Bromus lepidus","Holmb.","Sierlijke dravik","Poaceae","http://www.verspreidingsatlas.nl/0160","http://ndff-ecogrid.nl/taxonomy/taxa/bromuslepidus","http://www.verspreidingsatlas.nl/thumbs/map_160.jpg","","2026-09-10"
"1610","Bromus racemosus","L.","Trosdravik","Poaceae","http://www.verspreidingsatlas.nl/1610","http://ndff-ecogrid.nl/taxonomy/taxa/bromusracemosus","http://www.verspreidingsatlas.nl/thumbs/map_1610.jpg","","2026-09-10"
"0156","Bromus racemosus subsp. commutatus","(Schrader) Syme","Grote trosdravik","Poaceae","http://www.verspreidingsatlas.nl/0156","http://ndff-ecogrid.nl/taxonomy/taxa/bromusracemosussubspcommutatus","http://www.verspreidingsatlas.nl/thumbs/map_156.jpg","","2026-09-10"
"0162","Bromus racemosus subsp. racemosus","","Velddravik","Poaceae","http://www.verspreidingsatlas.nl/0162","http://ndff-ecogrid.nl/taxonomy/taxa/bromusracemosussubspracemosus","http://www.verspreidingsatlas.nl/thumbs/map_162.jpg","","2026-09-10"
"0164","Bromus secalinus","L.","Dreps","Poaceae","http://www.verspreidingsatlas.nl/0164","http://ndff-ecogrid.nl/taxonomy/taxa/bromussecalinus","http://www.verspreidingsatlas.nl/thumbs/map_164.jpg","","2026-09-10"
"8144","Broussonetia papyrifera","(L.) L'Hér. ex Vent.","Papiermoerbei","Moraceae","http://www.verspreidingsatlas.nl/8144","http://ndff-ecogrid.nl/taxonomy/taxa/broussonetiapapyrifera","http://www.verspreidingsatlas.nl/thumbs/map_8144.jpg","","2026-09-10"
"5386","Brunnera macrophylla","(Adams) I.M. Johnst.","Kaukasisch vergeet-mij-nietje","Boraginaceae","http://www.verspreidingsatlas.nl/5386","http://ndff-ecogrid.nl/taxonomy/taxa/brunneramacrophylla","http://www.verspreidingsatlas.nl/thumbs/map_5386.jpg","","2026-09-10"
"0167","Bryonia dioica","Jacq.","Heggenrank","Cucurbitaceae","http://www.verspreidingsatlas.nl/0167","http://ndff-ecogrid.nl/taxonomy/taxa/bryoniadioica","http://www.verspreidingsatlas.nl/thumbs/map_167.jpg","","2026-09-10"
"5032","Buddleja davidii","Franch.","Vlinderstruik","Scrophulariaceae","http://www.verspreidingsatlas.nl/5032","http://ndff-ecogrid.nl/taxonomy/taxa/buddlejadavidii","http://www.verspreidingsatlas.nl/thumbs/map_5032.jpg","","2026-09-10"
"0168","Bunias orientalis","L.","Grote hardvrucht","Brassicaceae","http://www.verspreidingsatlas.nl/0168","http://ndff-ecogrid.nl/taxonomy/taxa/buniasorientalis","http://www.verspreidingsatlas.nl/thumbs/map_168.jpg","","2026-09-10"
"0169","Bunium bulbocastanum","L.","Aardkastanje","Apiaceae","http://www.verspreidingsatlas.nl/0169","http://ndff-ecogrid.nl/taxonomy/taxa/buniumbulbocastanum","http://www.verspreidingsatlas.nl/thumbs/map_169.jpg","","2026-09-10"
"2459","Bupleurum falcatum","L.","Sikkelgoudscherm","Apiaceae","http://www.verspreidingsatlas.nl/2459","http://ndff-ecogrid.nl/taxonomy/taxa/bupleurumfalcatum","http://www.verspreidingsatlas.nl/thumbs/map_2459.jpg","","2026-09-10"
"1670","Bupleurum rotundifolium","L.","Doorwas","Apiaceae","http://www.verspreidingsatlas.nl/1670","http://ndff-ecogrid.nl/taxonomy/taxa/bupleurumrotundifolium","http://www.verspreidingsatlas.nl/thumbs/map_1670.jpg","","2026-09-10"
"1669","Bupleurum subovatum","Link ex Spreng.","Smalle doorwas","Apiaceae","http://www.verspreidingsatlas.nl/1669","http://ndff-ecogrid.nl/taxonomy/taxa/bupleurumsubovatum","http://www.verspreidingsatlas.nl/thumbs/map_1669.jpg","","2026-09-10"
"0170","Bupleurum tenuissimum","L.","Fijn goudscherm","Apiaceae","http://www.verspreidingsatlas.nl/0170","http://ndff-ecogrid.nl/taxonomy/taxa/bupleurumtenuissimum","http://www.verspreidingsatlas.nl/thumbs/map_170.jpg","","2026-09-10"
"0171","Butomus umbellatus","L.","Zwanenbloem","Butomaceae","http://www.verspreidingsatlas.nl/0171","http://ndff-ecogrid.nl/taxonomy/taxa/butomusumbellatus","http://www.verspreidingsatlas.nl/thumbs/map_171.jpg","","2026-09-10"
"5171","Buxus sempervirens","L.","Buxus","Buxaceae","http://www.verspreidingsatlas.nl/5171","http://ndff-ecogrid.nl/taxonomy/taxa/buxussempervirens","http://www.verspreidingsatlas.nl/thumbs/map_5171.jpg","","2026-09-10"
"5533","Cabomba caroliniana","A. Gray","Waterwaaier","Cabombaceae","http://www.verspreidingsatlas.nl/5533","http://ndff-ecogrid.nl/taxonomy/taxa/cabombacaroliniana","http://www.verspreidingsatlas.nl/thumbs/map_5533.jpg","","2026-09-10"
"0172","Cakile maritima","Scop.","Zeeraket","Brassicaceae","http://www.verspreidingsatlas.nl/0172","http://ndff-ecogrid.nl/taxonomy/taxa/cakilemaritima","http://www.verspreidingsatlas.nl/thumbs/map_172.jpg","","2026-09-10"
"0050","Calamagrostis arenaria","(L.) Roth","Helm","Poaceae","http://www.verspreidingsatlas.nl/0050","http://ndff-ecogrid.nl/taxonomy/taxa/calamagrostisarenaria","http://www.verspreidingsatlas.nl/thumbs/map_50.jpg","","2026-09-10"
"0173","Calamagrostis canescens","(Weber) Roth","Hennegras","Poaceae","http://www.verspreidingsatlas.nl/0173","http://ndff-ecogrid.nl/taxonomy/taxa/calamagrostiscanescens","http://www.verspreidingsatlas.nl/thumbs/map_173.jpg","","2026-09-10"
"0174","Calamagrostis epigejos","(L.) Roth","Duinriet","Poaceae","http://www.verspreidingsatlas.nl/0174","http://ndff-ecogrid.nl/taxonomy/taxa/calamagrostisepigejos","http://www.verspreidingsatlas.nl/thumbs/map_174.jpg","","2026-09-10"
"0176","Calamagrostis pseudophragmites","(Haller f.) Koeler","Rivierstruisriet","Poaceae","http://www.verspreidingsatlas.nl/0176","http://ndff-ecogrid.nl/taxonomy/taxa/calamagrostispseudophragmites","http://www.verspreidingsatlas.nl/thumbs/map_176.jpg","","2026-09-10"
"0175","Calamagrostis stricta","(Timm) Koeler","Stijf struisriet","Poaceae","http://www.verspreidingsatlas.nl/0175","http://ndff-ecogrid.nl/taxonomy/taxa/calamagrostisstricta","http://www.verspreidingsatlas.nl/thumbs/map_175.jpg","","2026-09-10"
"0049","Calamagrostis x calammophila","Saarela","Noordse helm","Poaceae","http://www.verspreidingsatlas.nl/0049","http://ndff-ecogrid.nl/taxonomy/taxa/calamagrostisxcalammophila","http://www.verspreidingsatlas.nl/thumbs/map_49.jpg","","2026-09-10"
"1671","Calendula arvensis","L.","Akkergoudsbloem","Asteraceae","http://www.verspreidingsatlas.nl/1671","http://ndff-ecogrid.nl/taxonomy/taxa/calendulaarvensis","http://www.verspreidingsatlas.nl/thumbs/map_1671.jpg","","2026-09-10"
"2214","Calendula officinalis","L.","Tuingoudsbloem","Asteraceae","http://www.verspreidingsatlas.nl/2214","http://ndff-ecogrid.nl/taxonomy/taxa/calendulaofficinalis","http://www.verspreidingsatlas.nl/thumbs/map_2214.jpg","","2026-09-10"
"0177","Calepina irregularis","(Asso) Thell.","Kalkraket","Brassicaceae","http://www.verspreidingsatlas.nl/0177","http://ndff-ecogrid.nl/taxonomy/taxa/calepinairregularis","http://www.verspreidingsatlas.nl/thumbs/map_177.jpg","","2026-09-10"
"0178","Calla palustris","L.","Slangenwortel","Araceae","http://www.verspreidingsatlas.nl/0178","http://ndff-ecogrid.nl/taxonomy/taxa/callapalustris","http://www.verspreidingsatlas.nl/thumbs/map_178.jpg","","2026-09-10"
"10520","Callitriche brutia","Petagna","Haaksterrenkroos","Plantaginaceae","http://www.verspreidingsatlas.nl/10520","http://ndff-ecogrid.nl/taxonomy/taxa/callitrichebrutiah24","http://www.verspreidingsatlas.nl/thumbs/map_10520.jpg","","2026-09-10"
"0179","Callitriche cophocarpa","Sendtner","Gekield sterrenkroos","Plantaginaceae","http://www.verspreidingsatlas.nl/0179","http://ndff-ecogrid.nl/taxonomy/taxa/callitrichecophocarpa","http://www.verspreidingsatlas.nl/thumbs/map_179.jpg","","2026-09-10"
"0181","Callitriche hermaphroditica","L.","Rond sterrenkroos","Plantaginaceae","http://www.verspreidingsatlas.nl/0181","http://ndff-ecogrid.nl/taxonomy/taxa/callitrichehermaphroditica","http://www.verspreidingsatlas.nl/thumbs/map_181.jpg","","2026-09-10"
"0182","Callitriche obtusangula","Le Gall ex Hegelm.","Stomphoekig sterrenkroos","Plantaginaceae","http://www.verspreidingsatlas.nl/0182","http://ndff-ecogrid.nl/taxonomy/taxa/callitricheobtusangula","http://www.verspreidingsatlas.nl/thumbs/map_182.jpg","","2026-09-10"
"0183","Callitriche palustris","L.","Klein sterrenkroos","Plantaginaceae","http://www.verspreidingsatlas.nl/0183","http://ndff-ecogrid.nl/taxonomy/taxa/callitrichepalustris","http://www.verspreidingsatlas.nl/thumbs/map_183.jpg","","2026-09-10"
"0184","Callitriche platycarpa","Kütz.","Gewoon sterrenkroos","Plantaginaceae","http://www.verspreidingsatlas.nl/0184","http://ndff-ecogrid.nl/taxonomy/taxa/callitricheplatycarpa","http://www.verspreidingsatlas.nl/thumbs/map_184.jpg","","2026-09-10"
"0185","Callitriche stagnalis","Scop.","Gevleugeld sterrenkroos","Plantaginaceae","http://www.verspreidingsatlas.nl/0185","http://ndff-ecogrid.nl/taxonomy/taxa/callitrichestagnalis","http://www.verspreidingsatlas.nl/thumbs/map_185.jpg","","2026-09-10"
"5315","Callitriche truncata subsp. occidentalis","(Rouy) Schotsman","Doorschijnend sterrenkroos","Plantaginaceae","http://www.verspreidingsatlas.nl/5315","http://ndff-ecogrid.nl/taxonomy/taxa/callitrichetruncatasubspoccidentalis","http://www.verspreidingsatlas.nl/thumbs/map_5315.jpg","","2026-09-10"
"0186","Calluna vulgaris","(L.) Hull","Struikhei","Ericaceae","http://www.verspreidingsatlas.nl/0186","http://ndff-ecogrid.nl/taxonomy/taxa/callunavulgaris","http://www.verspreidingsatlas.nl/thumbs/map_186.jpg","","2026-09-10"
"5523","Calluna vulgaris var. hirsuta","(K.F. Waitz) Gray","Struikhei (var. hirsuta)","Ericaceae","http://www.verspreidingsatlas.nl/5523","http://ndff-ecogrid.nl/taxonomy/taxa/callunavulgarisvarhirsuta","http://www.verspreidingsatlas.nl/thumbs/map_5523.jpg","","2026-09-10"
"2338","Caltha palustris","L.","Gewone / Spindotterbloem","Ranunculaceae","http://www.verspreidingsatlas.nl/2338","http://ndff-ecogrid.nl/taxonomy/taxa/calthapalustris","http://www.verspreidingsatlas.nl/thumbs/map_2338.jpg","","2026-09-10"
"0187","Caltha palustris subsp. palustris","L.","Gewone dotterbloem","Ranunculaceae","http://www.verspreidingsatlas.nl/0187","http://ndff-ecogrid.nl/taxonomy/taxa/calthapalustrissubsppalustris","http://www.verspreidingsatlas.nl/thumbs/map_187.jpg","","2026-09-10"
"1460","Caltha palustris subsp. radicans","(T.F. Forst.) Hook.","Spindotterbloem","Ranunculaceae","http://www.verspreidingsatlas.nl/1460","http://ndff-ecogrid.nl/taxonomy/taxa/calthapalustrissubspradicans","http://www.verspreidingsatlas.nl/thumbs/map_1460.jpg","","2026-09-10"
"10457","Camelina microcarpa","Andrz. ex DC.","Kleinzadige huttentut","Brassicaceae","http://www.verspreidingsatlas.nl/10457","http://ndff-ecogrid.nl/taxonomy/taxa/camelinamicrocarpa","http://www.verspreidingsatlas.nl/thumbs/map_10457.jpg","","2026-09-10"
"5325","Camelina sativa","(Mill.) E. Schmid","Vlas- / Zaadhuttentut","Brassicaceae","http://www.verspreidingsatlas.nl/5325","http://ndff-ecogrid.nl/taxonomy/taxa/camelinasativa","http://www.verspreidingsatlas.nl/thumbs/map_5325.jpg","","2026-09-10"
"0190","Camelina sativa subsp. alyssum","(Mill.) Em. Schmid","Vlashuttentut","Brassicaceae","http://www.verspreidingsatlas.nl/0190","http://ndff-ecogrid.nl/taxonomy/taxa/camelinasativasubspalyssum","http://www.verspreidingsatlas.nl/thumbs/map_190.jpg","","2026-09-10"
"1629","Camelina sativa subsp. sativa","(L.) Crantz","Zaadhuttentut","Brassicaceae","http://www.verspreidingsatlas.nl/1629","http://ndff-ecogrid.nl/taxonomy/taxa/camelinasativasubspsativa","http://www.verspreidingsatlas.nl/thumbs/map_1629.jpg","","2026-09-10"
"5387","Campanula carpatica","Jacq.","Karpatenklokje","Campanulaceae","http://www.verspreidingsatlas.nl/5387","http://ndff-ecogrid.nl/taxonomy/taxa/campanulacarpatica","http://www.verspreidingsatlas.nl/thumbs/map_5387.jpg","","2026-09-10"
"0191","Campanula glomerata","L.","Kluwenklokje","Campanulaceae","http://www.verspreidingsatlas.nl/0191","http://ndff-ecogrid.nl/taxonomy/taxa/campanulaglomerata","http://www.verspreidingsatlas.nl/thumbs/map_191.jpg","","2026-09-10"
"0192","Campanula latifolia","L.","Breed klokje","Campanulaceae","http://www.verspreidingsatlas.nl/0192","http://ndff-ecogrid.nl/taxonomy/taxa/campanulalatifolia","http://www.verspreidingsatlas.nl/thumbs/map_192.jpg","","2026-09-10"
"5326","Campanula medium","L.","Mariëtteklokje","Campanulaceae","http://www.verspreidingsatlas.nl/5326","http://ndff-ecogrid.nl/taxonomy/taxa/campanulamedium","http://www.verspreidingsatlas.nl/thumbs/map_5326.jpg","","2026-09-10"
"0193","Campanula patula","L.","Weideklokje","Campanulaceae","http://www.verspreidingsatlas.nl/0193","http://ndff-ecogrid.nl/taxonomy/taxa/campanulapatula","http://www.verspreidingsatlas.nl/thumbs/map_193.jpg","","2026-09-10"
"0194","Campanula persicifolia","L.","Prachtklokje","Campanulaceae","http://www.verspreidingsatlas.nl/0194","http://ndff-ecogrid.nl/taxonomy/taxa/campanulapersicifolia","http://www.verspreidingsatlas.nl/thumbs/map_194.jpg","","2026-09-10"
"5353","Campanula portenschlagiana","Schultes","Dalmatiëklokje","Campanulaceae","http://www.verspreidingsatlas.nl/5353","http://ndff-ecogrid.nl/taxonomy/taxa/campanulaportenschlagiana","http://www.verspreidingsatlas.nl/thumbs/map_5353.jpg","","2026-09-10"
"5352","Campanula poscharskyana","Degen","Kruipklokje","Campanulaceae","http://www.verspreidingsatlas.nl/5352","http://ndff-ecogrid.nl/taxonomy/taxa/campanulaporscharskyana","http://www.verspreidingsatlas.nl/thumbs/map_5352.jpg","","2026-09-10"
"5388","Campanula pyramidalis","L.","Piramideklokje","Campanulaceae","http://www.verspreidingsatlas.nl/5388","http://ndff-ecogrid.nl/taxonomy/taxa/campanulapyramidalis","http://www.verspreidingsatlas.nl/thumbs/map_5388.jpg","","2026-09-10"
"0195","Campanula rapunculoides","L.","Akkerklokje","Campanulaceae","http://www.verspreidingsatlas.nl/0195","http://ndff-ecogrid.nl/taxonomy/taxa/campanularapunculoides","http://www.verspreidingsatlas.nl/thumbs/map_195.jpg","","2026-09-10"
"0196","Campanula rapunculus","L.","Rapunzelklokje","Campanulaceae","http://www.verspreidingsatlas.nl/0196","http://ndff-ecogrid.nl/taxonomy/taxa/campanularapunculus","http://www.verspreidingsatlas.nl/thumbs/map_196.jpg","","2026-09-10"
"0198","Campanula rotundifolia","L.","Grasklokje","Campanulaceae","http://www.verspreidingsatlas.nl/0198","http://ndff-ecogrid.nl/taxonomy/taxa/campanularotundifolia","http://www.verspreidingsatlas.nl/thumbs/map_198.jpg","","2026-09-10"
"0199","Campanula trachelium","L.","Ruig klokje","Campanulaceae","http://www.verspreidingsatlas.nl/0199","http://ndff-ecogrid.nl/taxonomy/taxa/campanulatrachelium","http://www.verspreidingsatlas.nl/thumbs/map_199.jpg","","2026-09-10"
"1805","Cannabis sativa","L.","Hennep","Cannabaceae","http://www.verspreidingsatlas.nl/1805","http://ndff-ecogrid.nl/taxonomy/taxa/cannabissativa","http://www.verspreidingsatlas.nl/thumbs/map_1805.jpg","","2026-09-10"
"0200","Capsella bursa-pastoris","(L.) Medik.","Herderstasje","Brassicaceae","http://www.verspreidingsatlas.nl/0200","http://ndff-ecogrid.nl/taxonomy/taxa/capsellabursapastoris","http://www.verspreidingsatlas.nl/thumbs/map_200.jpg","","2026-09-10"
"0201","Cardamine amara","L.","Bittere veldkers","Brassicaceae","http://www.verspreidingsatlas.nl/0201","http://ndff-ecogrid.nl/taxonomy/taxa/cardamineamara","http://www.verspreidingsatlas.nl/thumbs/map_201.jpg","","2026-09-10"
"2440","Cardamine bulbifera","(L.) Crantz","Bolletjeskers","Brassicaceae","http://www.verspreidingsatlas.nl/2440","http://ndff-ecogrid.nl/taxonomy/taxa/cardaminebulbifera","http://www.verspreidingsatlas.nl/thumbs/map_2440.jpg","","2026-09-10"
"5482","Cardamine corymbosa","Hook. f.","Nieuw-Zeelandse veldkers","Brassicaceae","http://www.verspreidingsatlas.nl/5482","http://ndff-ecogrid.nl/taxonomy/taxa/cardaminecorymbosa","http://www.verspreidingsatlas.nl/thumbs/map_5482.jpg","","2026-09-10"
"0202","Cardamine flexuosa","With.","Bosveldkers","Brassicaceae","http://www.verspreidingsatlas.nl/0202","http://ndff-ecogrid.nl/taxonomy/taxa/cardamineflexuosa","http://www.verspreidingsatlas.nl/thumbs/map_202.jpg","","2026-09-10"
"0203","Cardamine hirsuta","L.","Kleine veldkers","Brassicaceae","http://www.verspreidingsatlas.nl/0203","http://ndff-ecogrid.nl/taxonomy/taxa/cardaminehirsuta","http://www.verspreidingsatlas.nl/thumbs/map_203.jpg","","2026-09-10"
"0204","Cardamine impatiens","L.","Springzaadveldkers","Brassicaceae","http://www.verspreidingsatlas.nl/0204","http://ndff-ecogrid.nl/taxonomy/taxa/cardamineimpatiens","http://www.verspreidingsatlas.nl/thumbs/map_204.jpg","","2026-09-10"
"5651","Cardamine occulta","Hornem.","Aziatische veldkers","Brassicaceae","http://www.verspreidingsatlas.nl/5651","http://ndff-ecogrid.nl/taxonomy/taxa/cardamineocculta","http://www.verspreidingsatlas.nl/thumbs/map_5651.jpg","","2026-09-10"
"0205","Cardamine pratensis","L.","Pinksterbloem","Brassicaceae","http://www.verspreidingsatlas.nl/0205","http://ndff-ecogrid.nl/taxonomy/taxa/cardaminepratensis","http://www.verspreidingsatlas.nl/thumbs/map_205.jpg","","2026-09-10"
"0207","Carduus acanthoides","L.","Langstekelige distel","Asteraceae","http://www.verspreidingsatlas.nl/0207","http://ndff-ecogrid.nl/taxonomy/taxa/carduusacanthoides","http://www.verspreidingsatlas.nl/thumbs/map_207.jpg","","2026-09-10"
"0208","Carduus crispus","L.","Kruldistel","Asteraceae","http://www.verspreidingsatlas.nl/0208","http://ndff-ecogrid.nl/taxonomy/taxa/carduuscrispus","http://www.verspreidingsatlas.nl/thumbs/map_208.jpg","","2026-09-10"
"0209","Carduus nutans","L.","Knikkende distel","Asteraceae","http://www.verspreidingsatlas.nl/0209","http://ndff-ecogrid.nl/taxonomy/taxa/carduusnutans","http://www.verspreidingsatlas.nl/thumbs/map_209.jpg","","2026-09-10"
"0210","Carduus tenuiflorus","Curtis","Tengere distel","Asteraceae","http://www.verspreidingsatlas.nl/0210","http://ndff-ecogrid.nl/taxonomy/taxa/carduustenuiflorus","http://www.verspreidingsatlas.nl/thumbs/map_210.jpg","","2026-09-10"
"0211","Carex acuta","L.","Scherpe zegge","Cyperaceae","http://www.verspreidingsatlas.nl/0211","http://ndff-ecogrid.nl/taxonomy/taxa/carexacuta","http://www.verspreidingsatlas.nl/thumbs/map_211.jpg","","2026-09-10"
"0212","Carex acutiformis","Ehrh.","Moeraszegge","Cyperaceae","http://www.verspreidingsatlas.nl/0212","http://ndff-ecogrid.nl/taxonomy/taxa/carexacutiformis","http://www.verspreidingsatlas.nl/thumbs/map_212.jpg","","2026-09-10"
"0213","Carex appropinquata","Schumach.","Paardenhaarzegge","Cyperaceae","http://www.verspreidingsatlas.nl/0213","http://ndff-ecogrid.nl/taxonomy/taxa/carexappropinquata","http://www.verspreidingsatlas.nl/thumbs/map_213.jpg","","2026-09-10"
"0214","Carex aquatilis","Wahlenb.","Noordse zegge","Cyperaceae","http://www.verspreidingsatlas.nl/0214","http://ndff-ecogrid.nl/taxonomy/taxa/carexaquatilis","http://www.verspreidingsatlas.nl/thumbs/map_214.jpg","","2026-09-10"
"0215","Carex arenaria","L.","Zandzegge","Cyperaceae","http://www.verspreidingsatlas.nl/0215","http://ndff-ecogrid.nl/taxonomy/taxa/carexarenaria","http://www.verspreidingsatlas.nl/thumbs/map_215.jpg","","2026-09-10"
"5390","Carex binervis","Sm.","Tweenervige zegge","Cyperaceae","http://www.verspreidingsatlas.nl/5390","http://ndff-ecogrid.nl/taxonomy/taxa/carexbinervis","http://www.verspreidingsatlas.nl/thumbs/map_5390.jpg","","2026-09-10"
"0216","Carex brizoides","L.","Trilgraszegge","Cyperaceae","http://www.verspreidingsatlas.nl/0216","http://ndff-ecogrid.nl/taxonomy/taxa/carexbrizoides","http://www.verspreidingsatlas.nl/thumbs/map_216.jpg","","2026-09-10"
"0217","Carex buxbaumii","Wahlenb.","Knotszegge","Cyperaceae","http://www.verspreidingsatlas.nl/0217","http://ndff-ecogrid.nl/taxonomy/taxa/carexbuxbaumii","http://www.verspreidingsatlas.nl/thumbs/map_217.jpg","","2026-09-10"
"0219","Carex canescens","L.","Zompzegge","Cyperaceae","http://www.verspreidingsatlas.nl/0219","http://ndff-ecogrid.nl/taxonomy/taxa/carexcanescens","http://www.verspreidingsatlas.nl/thumbs/map_219.jpg","","2026-09-10"
"0218","Carex caryophyllea","Latourr.","Voorjaarszegge","Cyperaceae","http://www.verspreidingsatlas.nl/0218","http://ndff-ecogrid.nl/taxonomy/taxa/carexcaryophyllea","http://www.verspreidingsatlas.nl/thumbs/map_218.jpg","","2026-09-10"
"1400","Carex cespitosa","L.","Polzegge","Cyperaceae","http://www.verspreidingsatlas.nl/1400","http://ndff-ecogrid.nl/taxonomy/taxa/carexcespitosa","http://www.verspreidingsatlas.nl/thumbs/map_1400.jpg","","2026-09-10"
"0241","Carex colchica","J. Gay","Rivierduinzegge","Cyperaceae","http://www.verspreidingsatlas.nl/0241","http://ndff-ecogrid.nl/taxonomy/taxa/carexcolchica","http://www.verspreidingsatlas.nl/thumbs/map_241.jpg","","2026-09-10"
"2455","Carex crawfordii","Fernald","Amerikaanse hazenzegge","Cyperaceae","http://www.verspreidingsatlas.nl/2455","http://ndff-ecogrid.nl/taxonomy/taxa/carexcrawfordii","http://www.verspreidingsatlas.nl/thumbs/map_2455.jpg","","2026-09-10"
"5537","Carex davalliana","Sm.","Veenzegge","Cyperaceae","http://www.verspreidingsatlas.nl/5537","http://ndff-ecogrid.nl/taxonomy/taxa/carexdavalliana","http://www.verspreidingsatlas.nl/thumbs/map_5537.jpg","","2026-09-10"
"0220","Carex demissa","Hornem.","Geelgroene zegge","Cyperaceae","http://www.verspreidingsatlas.nl/0220","http://ndff-ecogrid.nl/taxonomy/taxa/carexdemissa","http://www.verspreidingsatlas.nl/thumbs/map_220.jpg","","2026-09-10"
"0221","Carex diandra","Schrank","Ronde zegge","Cyperaceae","http://www.verspreidingsatlas.nl/0221","http://ndff-ecogrid.nl/taxonomy/taxa/carexdiandra","http://www.verspreidingsatlas.nl/thumbs/map_221.jpg","","2026-09-10"
"0222","Carex digitata","L.","Vingerzegge","Cyperaceae","http://www.verspreidingsatlas.nl/0222","http://ndff-ecogrid.nl/taxonomy/taxa/carexdigitata","http://www.verspreidingsatlas.nl/thumbs/map_222.jpg","","2026-09-10"
"0223","Carex dioica","L.","Tweehuizige zegge","Cyperaceae","http://www.verspreidingsatlas.nl/0223","http://ndff-ecogrid.nl/taxonomy/taxa/carexdioica","http://www.verspreidingsatlas.nl/thumbs/map_223.jpg","","2026-09-10"
"0224","Carex distans","L.","Zilte zegge","Cyperaceae","http://www.verspreidingsatlas.nl/0224","http://ndff-ecogrid.nl/taxonomy/taxa/carexdistans","http://www.verspreidingsatlas.nl/thumbs/map_224.jpg","","2026-09-10"
"0225","Carex disticha","Huds.","Tweerijige zegge","Cyperaceae","http://www.verspreidingsatlas.nl/0225","http://ndff-ecogrid.nl/taxonomy/taxa/carexdisticha","http://www.verspreidingsatlas.nl/thumbs/map_225.jpg","","2026-09-10"
"0226","Carex divisa","Huds.","Kustzegge","Cyperaceae","http://www.verspreidingsatlas.nl/0226","http://ndff-ecogrid.nl/taxonomy/taxa/carexdivisa","http://www.verspreidingsatlas.nl/thumbs/map_226.jpg","","2026-09-10"
"0227","Carex divulsa","Stokes","IJle bermzegge","Cyperaceae","http://www.verspreidingsatlas.nl/0227","http://ndff-ecogrid.nl/taxonomy/taxa/carexdivulsah24","http://www.verspreidingsatlas.nl/thumbs/map_227.jpg","","2026-09-10"
"0228","Carex echinata","Murray","Sterzegge","Cyperaceae","http://www.verspreidingsatlas.nl/0228","http://ndff-ecogrid.nl/taxonomy/taxa/carexechinata","http://www.verspreidingsatlas.nl/thumbs/map_228.jpg","","2026-09-10"
"0237","Carex elata","All.","Stijve zegge","Cyperaceae","http://www.verspreidingsatlas.nl/0237","http://ndff-ecogrid.nl/taxonomy/taxa/carexelata","http://www.verspreidingsatlas.nl/thumbs/map_237.jpg","","2026-09-10"
"0229","Carex elongata","L.","Elzenzegge","Cyperaceae","http://www.verspreidingsatlas.nl/0229","http://ndff-ecogrid.nl/taxonomy/taxa/carexelongata","http://www.verspreidingsatlas.nl/thumbs/map_229.jpg","","2026-09-10"
"0230","Carex ericetorum","Pollich","Heidezegge","Cyperaceae","http://www.verspreidingsatlas.nl/0230","http://ndff-ecogrid.nl/taxonomy/taxa/carexericetorum","http://www.verspreidingsatlas.nl/thumbs/map_230.jpg","","2026-09-10"
"0231","Carex extensa","Gooden.","Kwelderzegge","Cyperaceae","http://www.verspreidingsatlas.nl/0231","http://ndff-ecogrid.nl/taxonomy/taxa/carexextensa","http://www.verspreidingsatlas.nl/thumbs/map_231.jpg","","2026-09-10"
"0232","Carex flacca","Schreb.","Zeegroene zegge","Cyperaceae","http://www.verspreidingsatlas.nl/0232","http://ndff-ecogrid.nl/taxonomy/taxa/carexflacca","http://www.verspreidingsatlas.nl/thumbs/map_232.jpg","","2026-09-10"
"0233","Carex flava","L.","Gele zegge","Cyperaceae","http://www.verspreidingsatlas.nl/0233","http://ndff-ecogrid.nl/taxonomy/taxa/carexflava","http://www.verspreidingsatlas.nl/thumbs/map_233.jpg","","2026-09-10"
"0234","Carex hartmaniorum","A. Cajander","Kleine knotszegge","Cyperaceae","http://www.verspreidingsatlas.nl/0234","http://ndff-ecogrid.nl/taxonomy/taxa/carexhartmaniorum","http://www.verspreidingsatlas.nl/thumbs/map_234.jpg","","2026-09-10"
"0235","Carex hirta","L.","Ruige zegge","Cyperaceae","http://www.verspreidingsatlas.nl/0235","http://ndff-ecogrid.nl/taxonomy/taxa/carexhirta","http://www.verspreidingsatlas.nl/thumbs/map_235.jpg","","2026-09-10"
"0236","Carex hostiana","DC.","Blonde zegge","Cyperaceae","http://www.verspreidingsatlas.nl/0236","http://ndff-ecogrid.nl/taxonomy/taxa/carexhostiana","http://www.verspreidingsatlas.nl/thumbs/map_236.jpg","","2026-09-10"
"0238","Carex laevigata","Sm.","Gladde zegge","Cyperaceae","http://www.verspreidingsatlas.nl/0238","http://ndff-ecogrid.nl/taxonomy/taxa/carexlaevigata","http://www.verspreidingsatlas.nl/thumbs/map_238.jpg","","2026-09-10"
"0239","Carex lasiocarpa","Ehrh.","Draadzegge","Cyperaceae","http://www.verspreidingsatlas.nl/0239","http://ndff-ecogrid.nl/taxonomy/taxa/carexlasiocarpa","http://www.verspreidingsatlas.nl/thumbs/map_239.jpg","","2026-09-10"
"0252","Carex leersii","Willd.","Bleke bermzegge","Cyperaceae","http://www.verspreidingsatlas.nl/0252","http://ndff-ecogrid.nl/taxonomy/taxa/carexleersii","http://www.verspreidingsatlas.nl/thumbs/map_252.jpg","","2026-09-10"
"0240","Carex lepidocarpa","Tausch","Schubzegge","Cyperaceae","http://www.verspreidingsatlas.nl/0240","http://ndff-ecogrid.nl/taxonomy/taxa/carexlepidocarpa","http://www.verspreidingsatlas.nl/thumbs/map_240.jpg","","2026-09-10"
"0246","Carex leporina","L.","Hazenzegge","Cyperaceae","http://www.verspreidingsatlas.nl/0246","http://ndff-ecogrid.nl/taxonomy/taxa/carexleporina","http://www.verspreidingsatlas.nl/thumbs/map_246.jpg","","2026-09-10"
"0242","Carex limosa","L.","Slijkzegge","Cyperaceae","http://www.verspreidingsatlas.nl/0242","http://ndff-ecogrid.nl/taxonomy/taxa/carexlimosa","http://www.verspreidingsatlas.nl/thumbs/map_242.jpg","","2026-09-10"
"5550","Carex muskingumensis","Schwein.","Palmzegge","Cyperaceae","http://www.verspreidingsatlas.nl/5550","http://ndff-ecogrid.nl/taxonomy/taxa/carexmuskingumensis","http://www.verspreidingsatlas.nl/thumbs/map_5550.jpg","","2026-09-10"
"0244","Carex nigra","(L.) Reichard","Zwarte zegge","Cyperaceae","http://www.verspreidingsatlas.nl/0244","http://ndff-ecogrid.nl/taxonomy/taxa/carexnigra","http://www.verspreidingsatlas.nl/thumbs/map_244.jpg","","2026-09-10"
"0261","Carex oederi","Retz.","Dwergzegge","Cyperaceae","http://www.verspreidingsatlas.nl/0261","http://ndff-ecogrid.nl/taxonomy/taxa/carexoederih24","http://www.verspreidingsatlas.nl/thumbs/map_261.jpg","","2026-09-10"
"0245","Carex otrubae","Podp.","Valse voszegge","Cyperaceae","http://www.verspreidingsatlas.nl/0245","http://ndff-ecogrid.nl/taxonomy/taxa/carexotrubae","http://www.verspreidingsatlas.nl/thumbs/map_245.jpg","","2026-09-10"
"0243","Carex pairae","F.W. Schultz","Paira's bermzegge","Cyperaceae","http://www.verspreidingsatlas.nl/0243","http://ndff-ecogrid.nl/taxonomy/taxa/carexpairae","http://www.verspreidingsatlas.nl/thumbs/map_243.jpg","","2026-09-10"
"0247","Carex pallescens","L.","Bleke zegge","Cyperaceae","http://www.verspreidingsatlas.nl/0247","http://ndff-ecogrid.nl/taxonomy/taxa/carexpallescens","http://www.verspreidingsatlas.nl/thumbs/map_247.jpg","","2026-09-10"
"0248","Carex panicea","L.","Blauwe zegge","Cyperaceae","http://www.verspreidingsatlas.nl/0248","http://ndff-ecogrid.nl/taxonomy/taxa/carexpanicea","http://www.verspreidingsatlas.nl/thumbs/map_248.jpg","","2026-09-10"
"0249","Carex paniculata subsp. paniculata","","Pluimzegge","Cyperaceae","http://www.verspreidingsatlas.nl/0249","http://ndff-ecogrid.nl/taxonomy/taxa/carexpaniculatasubsppaniculata","http://www.verspreidingsatlas.nl/thumbs/map_249.jpg","","2026-09-10"
"0250","Carex pendula","Huds.","Hangende zegge","Cyperaceae","http://www.verspreidingsatlas.nl/0250","http://ndff-ecogrid.nl/taxonomy/taxa/carexpendula","http://www.verspreidingsatlas.nl/thumbs/map_250.jpg","","2026-09-10"
"6960","Carex pilosa","Scop.","Gewimperde zegge","Cyperaceae","http://www.verspreidingsatlas.nl/6960","http://ndff-ecogrid.nl/taxonomy/taxa/carexpilosa","http://www.verspreidingsatlas.nl/thumbs/map_6960.jpg","","2026-09-10"
"0251","Carex pilulifera","L.","Pilzegge","Cyperaceae","http://www.verspreidingsatlas.nl/0251","http://ndff-ecogrid.nl/taxonomy/taxa/carexpilulifera","http://www.verspreidingsatlas.nl/thumbs/map_251.jpg","","2026-09-10"
"0253","Carex praecox","Schreb.","Vroege zegge","Cyperaceae","http://www.verspreidingsatlas.nl/0253","http://ndff-ecogrid.nl/taxonomy/taxa/carexpraecox","http://www.verspreidingsatlas.nl/thumbs/map_253.jpg","","2026-09-10"
"0257","Carex pseudobrizoides","Clavaud","Valse zandzegge","Cyperaceae","http://www.verspreidingsatlas.nl/0257","http://ndff-ecogrid.nl/taxonomy/taxa/carexpseudobrizoides","http://www.verspreidingsatlas.nl/thumbs/map_257.jpg","","2026-09-10"
"0254","Carex pseudocyperus","L.","Hoge cyperzegge","Cyperaceae","http://www.verspreidingsatlas.nl/0254","http://ndff-ecogrid.nl/taxonomy/taxa/carexpseudocyperus","http://www.verspreidingsatlas.nl/thumbs/map_254.jpg","","2026-09-10"
"0255","Carex pulicaris","L.","Vlozegge","Cyperaceae","http://www.verspreidingsatlas.nl/0255","http://ndff-ecogrid.nl/taxonomy/taxa/carexpulicaris","http://www.verspreidingsatlas.nl/thumbs/map_255.jpg","","2026-09-10"
"0256","Carex punctata","Gaudin","Stippelzegge","Cyperaceae","http://www.verspreidingsatlas.nl/0256","http://ndff-ecogrid.nl/taxonomy/taxa/carexpunctata","http://www.verspreidingsatlas.nl/thumbs/map_256.jpg","","2026-09-10"
"0258","Carex remota","L.","IJle zegge","Cyperaceae","http://www.verspreidingsatlas.nl/0258","http://ndff-ecogrid.nl/taxonomy/taxa/carexremota","http://www.verspreidingsatlas.nl/thumbs/map_258.jpg","","2026-09-10"
"0259","Carex riparia","Curtis","Oeverzegge","Cyperaceae","http://www.verspreidingsatlas.nl/0259","http://ndff-ecogrid.nl/taxonomy/taxa/carexriparia","http://www.verspreidingsatlas.nl/thumbs/map_259.jpg","","2026-09-10"
"0260","Carex rostrata","Stokes","Snavelzegge","Cyperaceae","http://www.verspreidingsatlas.nl/0260","http://ndff-ecogrid.nl/taxonomy/taxa/carexrostrata","http://www.verspreidingsatlas.nl/thumbs/map_260.jpg","","2026-09-10"
"5667","Carex scoparia","Schkuhr ex Willd.","","Cyperaceae","http://www.verspreidingsatlas.nl/5667","http://ndff-ecogrid.nl/taxonomy/taxa/carexscoparia","http://www.verspreidingsatlas.nl/thumbs/map_5667.jpg","","2026-09-10"
"0262","Carex spicata","Huds.","Gewone bermzegge","Cyperaceae","http://www.verspreidingsatlas.nl/0262","http://ndff-ecogrid.nl/taxonomy/taxa/carexspicata","http://www.verspreidingsatlas.nl/thumbs/map_262.jpg","","2026-09-10"
"0263","Carex strigosa","Huds.","Slanke zegge","Cyperaceae","http://www.verspreidingsatlas.nl/0263","http://ndff-ecogrid.nl/taxonomy/taxa/carexstrigosa","http://www.verspreidingsatlas.nl/thumbs/map_263.jpg","","2026-09-10"
"0264","Carex sylvatica","Huds.","Boszegge","Cyperaceae","http://www.verspreidingsatlas.nl/0264","http://ndff-ecogrid.nl/taxonomy/taxa/carexsylvatica","http://www.verspreidingsatlas.nl/thumbs/map_264.jpg","","2026-09-10"
"0265","Carex tomentosa","L.","Viltzegge","Cyperaceae","http://www.verspreidingsatlas.nl/0265","http://ndff-ecogrid.nl/taxonomy/taxa/carextomentosa","http://www.verspreidingsatlas.nl/thumbs/map_265.jpg","","2026-09-10"
"0266","Carex trinervis","Degland","Drienervige zegge","Cyperaceae","http://www.verspreidingsatlas.nl/0266","http://ndff-ecogrid.nl/taxonomy/taxa/carextrinervis","http://www.verspreidingsatlas.nl/thumbs/map_266.jpg","","2026-09-10"
"0267","Carex vesicaria","L.","Blaaszegge","Cyperaceae","http://www.verspreidingsatlas.nl/0267","http://ndff-ecogrid.nl/taxonomy/taxa/carexvesicaria","http://www.verspreidingsatlas.nl/thumbs/map_267.jpg","","2026-09-10"
"0268","Carex vulpina","L.","Voszegge","Cyperaceae","http://www.verspreidingsatlas.nl/0268","http://ndff-ecogrid.nl/taxonomy/taxa/carexvulpina","http://www.verspreidingsatlas.nl/thumbs/map_268.jpg","","2026-09-10"
"2419","Carex vulpinoidea","Michx.","Ribbelzegge","Cyperaceae","http://www.verspreidingsatlas.nl/2419","http://ndff-ecogrid.nl/taxonomy/taxa/carexvulpinoidea","http://www.verspreidingsatlas.nl/thumbs/map_2419.jpg","","2026-09-10"
"0269","Carlina vulgaris","L.","Driedistel","Asteraceae","http://www.verspreidingsatlas.nl/0269","http://ndff-ecogrid.nl/taxonomy/taxa/carlinavulgaris","http://www.verspreidingsatlas.nl/thumbs/map_269.jpg","","2026-09-10"
"0270","Carpinus betulus","L.","Haagbeuk","Betulaceae","http://www.verspreidingsatlas.nl/0270","http://ndff-ecogrid.nl/taxonomy/taxa/carpinusbetulus","http://www.verspreidingsatlas.nl/thumbs/map_270.jpg","","2026-09-10"
"5033","Carthamus tinctorius","L.","Saffloer","Asteraceae","http://www.verspreidingsatlas.nl/5033","http://ndff-ecogrid.nl/taxonomy/taxa/carthamustinctorius","http://www.verspreidingsatlas.nl/thumbs/map_5033.jpg","","2026-09-10"
"0271","Carum carvi","L.","Karwij","Apiaceae","http://www.verspreidingsatlas.nl/0271","http://ndff-ecogrid.nl/taxonomy/taxa/carumcarvi","http://www.verspreidingsatlas.nl/thumbs/map_271.jpg","","2026-09-10"
"0273","Castanea sativa","Mill.","Tamme kastanje","Fagaceae","http://www.verspreidingsatlas.nl/0273","http://ndff-ecogrid.nl/taxonomy/taxa/castaneasativa","http://www.verspreidingsatlas.nl/thumbs/map_273.jpg","","2026-09-10"
"0274","Catabrosa aquatica","(L.) P. Beauv.","Watergras","Poaceae","http://www.verspreidingsatlas.nl/0274","http://ndff-ecogrid.nl/taxonomy/taxa/catabrosaaquatica","http://www.verspreidingsatlas.nl/thumbs/map_274.jpg","","2026-09-10"
"5391","Catalpa bignonioides","Walter","Trompetboom","Bignoniaceae","http://www.verspreidingsatlas.nl/5391","http://ndff-ecogrid.nl/taxonomy/taxa/catalpabignonioides","http://www.verspreidingsatlas.nl/thumbs/map_5391.jpg","","2026-09-10"
"0275","Catapodium marinum","(L.) C.E. Hubb.","Laksteeltje","Poaceae","http://www.verspreidingsatlas.nl/0275","http://ndff-ecogrid.nl/taxonomy/taxa/catapodiummarinum","http://www.verspreidingsatlas.nl/thumbs/map_275.jpg","","2026-09-10"
"0276","Catapodium rigidum","(L.) C.E. Hubb.","Stijf hardgras","Poaceae","http://www.verspreidingsatlas.nl/0276","http://ndff-ecogrid.nl/taxonomy/taxa/catapodiumrigidum","http://www.verspreidingsatlas.nl/thumbs/map_276.jpg","","2026-09-10"
"1673","Caucalis platycarpos","L.","Caucalis","Apiaceae","http://www.verspreidingsatlas.nl/1673","http://ndff-ecogrid.nl/taxonomy/taxa/caucalisplatycarpos","http://www.verspreidingsatlas.nl/thumbs/map_1673.jpg","","2026-09-10"
"8318","Cenchrus flaccidus","(Griseb.) Morrone","Slank lampenpoetsergras","Poaceae","http://www.verspreidingsatlas.nl/8318","http://ndff-ecogrid.nl/taxonomy/taxa/cenchrusflaccidus","http://www.verspreidingsatlas.nl/thumbs/map_8318.jpg","","2026-09-10"
"9275","Cenchrus longisetus","M.C. Johnst.","Zacht lampenpoetsergras","Poaceae","http://www.verspreidingsatlas.nl/9275","http://ndff-ecogrid.nl/taxonomy/taxa/cenchruslongisetus","http://www.verspreidingsatlas.nl/thumbs/map_9275.jpg","","2026-09-10"
"5659","Cenchrus purpurascens","Thunb.","Breed lampenpoetsergras","Poaceae","http://www.verspreidingsatlas.nl/5659","http://ndff-ecogrid.nl/taxonomy/taxa/cenchruspurpurascens","http://www.verspreidingsatlas.nl/thumbs/map_5659.jpg","","2026-09-10"
"0278","Centaurea calcitrapa","L.","Kalketrip","Asteraceae","http://www.verspreidingsatlas.nl/0278","http://ndff-ecogrid.nl/taxonomy/taxa/centaureacalcitrapa","http://www.verspreidingsatlas.nl/thumbs/map_278.jpg","","2026-09-10"
"0279","Centaurea cyanus","L.","Korenbloem","Asteraceae","http://www.verspreidingsatlas.nl/0279","http://ndff-ecogrid.nl/taxonomy/taxa/centaureacyanus","http://www.verspreidingsatlas.nl/thumbs/map_279.jpg","","2026-09-10"
"1766","Centaurea jacea","L.","Knoopkruid","Asteraceae","http://www.verspreidingsatlas.nl/1766","http://ndff-ecogrid.nl/taxonomy/taxa/centaureajacea","http://www.verspreidingsatlas.nl/thumbs/map_1766.jpg","","2026-09-10"
"5034","Centaurea montana","L.","Bergcentaurie","Asteraceae","http://www.verspreidingsatlas.nl/5034","http://ndff-ecogrid.nl/taxonomy/taxa/centaureamontana","http://www.verspreidingsatlas.nl/thumbs/map_5034.jpg","","2026-09-10"
"0284","Centaurea scabiosa","L.","Grote centaurie","Asteraceae","http://www.verspreidingsatlas.nl/0284","http://ndff-ecogrid.nl/taxonomy/taxa/centaureascabiosa","http://www.verspreidingsatlas.nl/thumbs/map_284.jpg","","2026-09-10"
"1675","Centaurea solstitialis","L.","Zomercentaurie","Asteraceae","http://www.verspreidingsatlas.nl/1675","http://ndff-ecogrid.nl/taxonomy/taxa/centaureasolstitialis","http://www.verspreidingsatlas.nl/thumbs/map_1675.jpg","","2026-09-10"
"5314","Centaurea stoebe","L.","Rijncentaurie","Asteraceae","http://www.verspreidingsatlas.nl/5314","http://ndff-ecogrid.nl/taxonomy/taxa/centaureastoebe","http://www.verspreidingsatlas.nl/thumbs/map_5314.jpg","","2026-09-10"
"0286","Centaurium erythraea","Rafn","Echt duizendguldenkruid","Gentianaceae","http://www.verspreidingsatlas.nl/0286","http://ndff-ecogrid.nl/taxonomy/taxa/centauriumerythraea","http://www.verspreidingsatlas.nl/thumbs/map_286.jpg","","2026-09-10"
"0285","Centaurium littorale","(Turner) Gilmour","Strandduizendguldenkruid","Gentianaceae","http://www.verspreidingsatlas.nl/0285","http://ndff-ecogrid.nl/taxonomy/taxa/centauriumlittorale","http://www.verspreidingsatlas.nl/thumbs/map_285.jpg","","2026-09-10"
"0287","Centaurium pulchellum","(Sw.) Hayek ex Hand.-Mazz.","Fraai duizendguldenkruid","Gentianaceae","http://www.verspreidingsatlas.nl/0287","http://ndff-ecogrid.nl/taxonomy/taxa/centauriumpulchellum","http://www.verspreidingsatlas.nl/thumbs/map_287.jpg","","2026-09-10"
"5035","Centranthus ruber","(L.) DC.","Rode spoorbloem","Caprifoliaceae","http://www.verspreidingsatlas.nl/5035","http://ndff-ecogrid.nl/taxonomy/taxa/centranthusruber","http://www.verspreidingsatlas.nl/thumbs/map_5035.jpg","","2026-09-10"
"0288","Centunculus minimus","L.","Dwergbloem","Primulaceae","http://www.verspreidingsatlas.nl/0288","http://ndff-ecogrid.nl/taxonomy/taxa/centunculusminimus","http://www.verspreidingsatlas.nl/thumbs/map_288.jpg","","2026-09-10"
"0289","Cephalanthera damasonium","(Mill.) Druce","Bleek bosvogeltje","Orchidaceae","http://www.verspreidingsatlas.nl/0289","http://ndff-ecogrid.nl/taxonomy/taxa/cephalantheradamasonium","http://www.verspreidingsatlas.nl/thumbs/map_289.jpg","","2026-09-10"
"0290","Cephalanthera longifolia","(L.) Fritsch","Wit bosvogeltje","Orchidaceae","http://www.verspreidingsatlas.nl/0290","http://ndff-ecogrid.nl/taxonomy/taxa/cephalantheralongifolia","http://www.verspreidingsatlas.nl/thumbs/map_290.jpg","","2026-09-10"
"0291","Cephalanthera rubra","(L.) Rich.","Rood bosvogeltje","Orchidaceae","http://www.verspreidingsatlas.nl/0291","http://ndff-ecogrid.nl/taxonomy/taxa/cephalantherarubra","http://www.verspreidingsatlas.nl/thumbs/map_291.jpg","","2026-09-10"
"0292","Cerastium arvense","L.","Akkerhoornbloem","Caryophyllaceae","http://www.verspreidingsatlas.nl/0292","http://ndff-ecogrid.nl/taxonomy/taxa/cerastiumarvense","http://www.verspreidingsatlas.nl/thumbs/map_292.jpg","","2026-09-10"
"0294","Cerastium brachypetalum","Pers.","Kalkhoornbloem","Caryophyllaceae","http://www.verspreidingsatlas.nl/0294","http://ndff-ecogrid.nl/taxonomy/taxa/cerastiumbrachypetalum","http://www.verspreidingsatlas.nl/thumbs/map_294.jpg","","2026-09-10"
"0293","Cerastium diffusum","Pers.","Scheve hoornbloem","Caryophyllaceae","http://www.verspreidingsatlas.nl/0293","http://ndff-ecogrid.nl/taxonomy/taxa/cerastiumdiffusum","http://www.verspreidingsatlas.nl/thumbs/map_293.jpg","","2026-09-10"
"2314","Cerastium fontanum","Baumg.","Gewone / Glanzige hoornbloem","Caryophyllaceae","http://www.verspreidingsatlas.nl/2314","http://ndff-ecogrid.nl/taxonomy/taxa/cerastiumfontanum","http://www.verspreidingsatlas.nl/thumbs/map_2314.jpg","","2026-09-10"
"1465","Cerastium fontanum subsp. holosteoides","(Fr.) Salman, Ommering & de Voogd","Glanzige hoornbloem","Caryophyllaceae","http://www.verspreidingsatlas.nl/1465","http://ndff-ecogrid.nl/taxonomy/taxa/cerastiumfontanumsubspholosteoides","http://www.verspreidingsatlas.nl/thumbs/map_1465.jpg","","2026-09-10"
"0296","Cerastium fontanum subsp. vulgare","(Hartm.) Greuter & Burdet","Gewone hoornbloem","Caryophyllaceae","http://www.verspreidingsatlas.nl/0296","http://ndff-ecogrid.nl/taxonomy/taxa/cerastiumfontanumsubspvulgare","http://www.verspreidingsatlas.nl/thumbs/map_296.jpg","","2026-09-10"
"0295","Cerastium glomeratum","Thuill.","Kluwenhoornbloem","Caryophyllaceae","http://www.verspreidingsatlas.nl/0295","http://ndff-ecogrid.nl/taxonomy/taxa/cerastiumglomeratum","http://www.verspreidingsatlas.nl/thumbs/map_295.jpg","","2026-09-10"
"5483","Cerastium glutinosum","Fr.","Bleke hoornbloem","Caryophyllaceae","http://www.verspreidingsatlas.nl/5483","http://ndff-ecogrid.nl/taxonomy/taxa/cerastiumglutinosum","http://www.verspreidingsatlas.nl/thumbs/map_5483.jpg","","2026-09-10"
"2047","Cerastium pumilum","Curtis","Steenhoornbloem","Caryophyllaceae","http://www.verspreidingsatlas.nl/2047","http://ndff-ecogrid.nl/taxonomy/taxa/cerastiumpumilumss","http://www.verspreidingsatlas.nl/thumbs/map_2047.jpg","","2026-09-10"
"0298","Cerastium semidecandrum","L.","Zandhoornbloem","Caryophyllaceae","http://www.verspreidingsatlas.nl/0298","http://ndff-ecogrid.nl/taxonomy/taxa/cerastiumsemidecandrum","http://www.verspreidingsatlas.nl/thumbs/map_298.jpg","","2026-09-10"
"2301","Cerastium tomentosum","L.","Viltige hoornbloem","Caryophyllaceae","http://www.verspreidingsatlas.nl/2301","http://ndff-ecogrid.nl/taxonomy/taxa/cerastiumtomentosum","http://www.verspreidingsatlas.nl/thumbs/map_2301.jpg","","2026-09-10"
"0362","Ceratocapnos claviculata","(L.) Lidén","Rankende helmbloem","Papaveraceae","http://www.verspreidingsatlas.nl/0362","http://ndff-ecogrid.nl/taxonomy/taxa/ceratocapnosclaviculata","http://www.verspreidingsatlas.nl/thumbs/map_362.jpg","","2026-09-10"
"1668","Ceratochloa cathartica","(Vahl) Herter","Paardengras","Poaceae","http://www.verspreidingsatlas.nl/1668","http://ndff-ecogrid.nl/taxonomy/taxa/ceratochloacathartica","http://www.verspreidingsatlas.nl/thumbs/map_1668.jpg","","2026-09-10"
"1759","Ceratochloa sitchensis","J.D. Prescott ex Bong.","Gekielde dravik","Poaceae","http://www.verspreidingsatlas.nl/1759","http://ndff-ecogrid.nl/taxonomy/taxa/ceratochloasitchensis","http://www.verspreidingsatlas.nl/thumbs/map_1759.jpg","","2026-09-10"
"0299","Ceratophyllum demersum","L.","Grof hoornblad","Ceratophyllaceae","http://www.verspreidingsatlas.nl/0299","http://ndff-ecogrid.nl/taxonomy/taxa/ceratophyllumdemersum","http://www.verspreidingsatlas.nl/thumbs/map_299.jpg","","2026-09-10"
"0300","Ceratophyllum submersum","L.","Fijn hoornblad","Ceratophyllaceae","http://www.verspreidingsatlas.nl/0300","http://ndff-ecogrid.nl/taxonomy/taxa/ceratophyllumsubmersum","http://www.verspreidingsatlas.nl/thumbs/map_300.jpg","","2026-09-10"
"8162","Chaenomeles japonica","(Thunb.) Lindl. ex Spach","Japanse sierkwee","Rosaceae","http://www.verspreidingsatlas.nl/8162","http://ndff-ecogrid.nl/taxonomy/taxa/chaenomelesjaponica","http://www.verspreidingsatlas.nl/thumbs/map_8162.jpg","","2026-09-10"
"10458","Chaenomeles x superba","(Frahm) Rehder","","Rosaceae","http://www.verspreidingsatlas.nl/10458","http://ndff-ecogrid.nl/taxonomy/taxa/chaenomelesxsuperba","http://www.verspreidingsatlas.nl/thumbs/map_10458.jpg","","2026-09-10"
"0743","Chaenorhinum minus","(L.) Lange","Kleine leeuwenbek","Plantaginaceae","http://www.verspreidingsatlas.nl/0743","http://ndff-ecogrid.nl/taxonomy/taxa/chaenorhinumminus","http://www.verspreidingsatlas.nl/thumbs/map_743.jpg","","2026-09-10"
"5354","Chaenorhinum origanifolium","(L.) Kostel.","Marjoleinbekje","Plantaginaceae","http://www.verspreidingsatlas.nl/5354","http://ndff-ecogrid.nl/taxonomy/taxa/chaenorhinumoriganifolium","http://www.verspreidingsatlas.nl/thumbs/map_5354.jpg","","2026-09-10"
"5530","Chaerophyllum aureum","L.","Gouden ribzaad","Apiaceae","http://www.verspreidingsatlas.nl/5530","http://ndff-ecogrid.nl/taxonomy/taxa/chaerophyllumaureum","http://www.verspreidingsatlas.nl/thumbs/map_5530.jpg","","2026-09-10"
"0302","Chaerophyllum bulbosum","L.","Knolribzaad","Apiaceae","http://www.verspreidingsatlas.nl/0302","http://ndff-ecogrid.nl/taxonomy/taxa/chaerophyllumbulbosum","http://www.verspreidingsatlas.nl/thumbs/map_302.jpg","","2026-09-10"
"0303","Chaerophyllum temulum","L.","Dolle kervel","Apiaceae","http://www.verspreidingsatlas.nl/0303","http://ndff-ecogrid.nl/taxonomy/taxa/chaerophyllumtemulum","http://www.verspreidingsatlas.nl/thumbs/map_303.jpg","","2026-09-10"
"5038","Chamaecyparis lawsoniana","(A. Murray) Parl.","Californische cipres","Cupressaceae","http://www.verspreidingsatlas.nl/5038","http://ndff-ecogrid.nl/taxonomy/taxa/chamaecyparislawsoniana","http://www.verspreidingsatlas.nl/thumbs/map_5038.jpg","","2026-09-10"
"0450","Chamaenerion angustifolium","(L.) Scop.","Wilgenroosje","Onagraceae","http://www.verspreidingsatlas.nl/0450","http://ndff-ecogrid.nl/taxonomy/taxa/chamaenerionangustifolium","http://www.verspreidingsatlas.nl/thumbs/map_450.jpg","","2026-09-10"
"0305","Chelidonium majus","L.","Stinkende gouwe","Papaveraceae","http://www.verspreidingsatlas.nl/0305","http://ndff-ecogrid.nl/taxonomy/taxa/chelidoniummajus","http://www.verspreidingsatlas.nl/thumbs/map_305.jpg","","2026-09-10"
"0313","Chenopodiastrum hybridum","(L.) S. Fuentes-B., Uotila & Borsch","Esdoornganzenvoet","Amaranthaceae","http://www.verspreidingsatlas.nl/0313","http://ndff-ecogrid.nl/taxonomy/taxa/chenopodiastrumhybridum","http://www.verspreidingsatlas.nl/thumbs/map_313.jpg","","2026-09-10"
"0314","Chenopodiastrum murale","(L.) S. Fuentes-B., Uotila & Borsch","Muurganzenvoet","Amaranthaceae","http://www.verspreidingsatlas.nl/0314","http://ndff-ecogrid.nl/taxonomy/taxa/chenopodiastrummurale","http://www.verspreidingsatlas.nl/thumbs/map_314.jpg","","2026-09-10"
"0306","Chenopodium album","L.","Melganzenvoet","Amaranthaceae","http://www.verspreidingsatlas.nl/0306","http://ndff-ecogrid.nl/taxonomy/taxa/chenopodiumalbum","http://www.verspreidingsatlas.nl/thumbs/map_306.jpg","","2026-09-10"
"5392","Chenopodium berlandieri","Moq.","Texaanse ganzenvoet","Amaranthaceae","http://www.verspreidingsatlas.nl/5392","http://ndff-ecogrid.nl/taxonomy/taxa/chenopodiumberlandieri","http://www.verspreidingsatlas.nl/thumbs/map_5392.jpg","","2026-09-10"
"0310","Chenopodium ficifolium","Sm.","Stippelganzenvoet","Amaranthaceae","http://www.verspreidingsatlas.nl/0310","http://ndff-ecogrid.nl/taxonomy/taxa/chenopodiumficifolium","http://www.verspreidingsatlas.nl/thumbs/map_310.jpg","","2026-09-10"
"5484","Chenopodium quinoa","Willd.","Quinoa","Amaranthaceae","http://www.verspreidingsatlas.nl/5484","http://ndff-ecogrid.nl/taxonomy/taxa/chenopodiumquinoa","http://www.verspreidingsatlas.nl/thumbs/map_5484.jpg","","2026-09-10"
"0318","Chenopodium vulvaria","L.","Stinkende ganzenvoet","Amaranthaceae","http://www.verspreidingsatlas.nl/0318","http://ndff-ecogrid.nl/taxonomy/taxa/chenopodiumvulvaria","http://www.verspreidingsatlas.nl/thumbs/map_318.jpg","","2026-09-10"
"1677","Chondrilla juncea","L.","Biesknikbloem","Asteraceae","http://www.verspreidingsatlas.nl/1677","http://ndff-ecogrid.nl/taxonomy/taxa/chondrillajuncea","http://www.verspreidingsatlas.nl/thumbs/map_1677.jpg","","2026-09-10"
"0322","Chrysosplenium alternifolium","L.","Verspreidbladig goudveil","Saxifragaceae","http://www.verspreidingsatlas.nl/0322","http://ndff-ecogrid.nl/taxonomy/taxa/chrysospleniumalternifolium","http://www.verspreidingsatlas.nl/thumbs/map_322.jpg","","2026-09-10"
"0323","Chrysosplenium oppositifolium","L.","Paarbladig goudveil","Saxifragaceae","http://www.verspreidingsatlas.nl/0323","http://ndff-ecogrid.nl/taxonomy/taxa/chrysospleniumoppositifolium","http://www.verspreidingsatlas.nl/thumbs/map_323.jpg","","2026-09-10"
"0324","Cicendia filiformis","(L.) Delarbre","Draadgentiaan","Gentianaceae","http://www.verspreidingsatlas.nl/0324","http://ndff-ecogrid.nl/taxonomy/taxa/cicendiafiliformis","http://www.verspreidingsatlas.nl/thumbs/map_324.jpg","","2026-09-10"
"5040","Cicer arietinum","L.","Keker","Fabaceae","http://www.verspreidingsatlas.nl/5040","http://ndff-ecogrid.nl/taxonomy/taxa/cicerarietinum","http://www.verspreidingsatlas.nl/thumbs/map_5040.jpg","","2026-09-10"
"5041","Cichorium endivia","L.","Andijvie","Asteraceae","http://www.verspreidingsatlas.nl/5041","http://ndff-ecogrid.nl/taxonomy/taxa/cichoriumendivia","http://www.verspreidingsatlas.nl/thumbs/map_5041.jpg","","2026-09-10"
"0325","Cichorium intybus","L.","Wilde cichorei","Asteraceae","http://www.verspreidingsatlas.nl/0325","http://ndff-ecogrid.nl/taxonomy/taxa/cichoriumintybus","http://www.verspreidingsatlas.nl/thumbs/map_325.jpg","","2026-09-10"
"0326","Cicuta virosa","L.","Waterscheerling","Apiaceae","http://www.verspreidingsatlas.nl/0326","http://ndff-ecogrid.nl/taxonomy/taxa/cicutavirosa","http://www.verspreidingsatlas.nl/thumbs/map_326.jpg","","2026-09-10"
"0327","Circaea alpina","L.","Alpenheksenkruid","Onagraceae","http://www.verspreidingsatlas.nl/0327","http://ndff-ecogrid.nl/taxonomy/taxa/circaeaalpina","http://www.verspreidingsatlas.nl/thumbs/map_327.jpg","","2026-09-10"
"0329","Circaea lutetiana","L.","Groot heksenkruid","Onagraceae","http://www.verspreidingsatlas.nl/0329","http://ndff-ecogrid.nl/taxonomy/taxa/circaealutetiana","http://www.verspreidingsatlas.nl/thumbs/map_329.jpg","","2026-09-10"
"0328","Circaea x intermedia","Ehrhart","Klein heksenkruid","Onagraceae","http://www.verspreidingsatlas.nl/0328","http://ndff-ecogrid.nl/taxonomy/taxa/circaeaxintermedia","http://www.verspreidingsatlas.nl/thumbs/map_328.jpg","","2026-09-10"
"0330","Cirsium acaule","(L. f.) Scop.","Aarddistel","Asteraceae","http://www.verspreidingsatlas.nl/0330","http://ndff-ecogrid.nl/taxonomy/taxa/cirsiumacaule","http://www.verspreidingsatlas.nl/thumbs/map_330.jpg","","2026-09-10"
"0331","Cirsium arvense","(L.) Scop.","Akkerdistel","Asteraceae","http://www.verspreidingsatlas.nl/0331","http://ndff-ecogrid.nl/taxonomy/taxa/cirsiumarvense","http://www.verspreidingsatlas.nl/thumbs/map_331.jpg","","2026-09-10"
"0332","Cirsium dissectum","(L.) Hill","Spaanse ruiter","Asteraceae","http://www.verspreidingsatlas.nl/0332","http://ndff-ecogrid.nl/taxonomy/taxa/cirsiumdissectum","http://www.verspreidingsatlas.nl/thumbs/map_332.jpg","","2026-09-10"
"0333","Cirsium eriophorum","Scop.","Wollige distel","Asteraceae","http://www.verspreidingsatlas.nl/0333","http://ndff-ecogrid.nl/taxonomy/taxa/cirsiumeriophorum","http://www.verspreidingsatlas.nl/thumbs/map_333.jpg","","2026-09-10"
"0334","Cirsium oleraceum","(L.) Scop.","Moesdistel","Asteraceae","http://www.verspreidingsatlas.nl/0334","http://ndff-ecogrid.nl/taxonomy/taxa/cirsiumoleraceum","http://www.verspreidingsatlas.nl/thumbs/map_334.jpg","","2026-09-10"
"0335","Cirsium palustre","(L.) Scop.","Kale jonker","Asteraceae","http://www.verspreidingsatlas.nl/0335","http://ndff-ecogrid.nl/taxonomy/taxa/cirsiumpalustre","http://www.verspreidingsatlas.nl/thumbs/map_335.jpg","","2026-09-10"
"0336","Cirsium vulgare","(Savi) Ten.","Speerdistel","Asteraceae","http://www.verspreidingsatlas.nl/0336","http://ndff-ecogrid.nl/taxonomy/taxa/cirsiumvulgare","http://www.verspreidingsatlas.nl/thumbs/map_336.jpg","","2026-09-10"
"1678","Citrullus lanatus","(Thunb.) Matsum. & Nakai","Watermeloen","Cucurbitaceae","http://www.verspreidingsatlas.nl/1678","http://ndff-ecogrid.nl/taxonomy/taxa/citrulluslanatus","http://www.verspreidingsatlas.nl/thumbs/map_1678.jpg","","2026-09-10"
"0337","Cladium mariscus","(L.) Pohl","Galigaan","Cyperaceae","http://www.verspreidingsatlas.nl/0337","http://ndff-ecogrid.nl/taxonomy/taxa/cladiummariscus","http://www.verspreidingsatlas.nl/thumbs/map_337.jpg","","2026-09-10"
"0338","Claytonia perfoliata","Donn ex Willd.","Winterpostelein","Montiaceae","http://www.verspreidingsatlas.nl/0338","http://ndff-ecogrid.nl/taxonomy/taxa/claytoniaperfoliata","http://www.verspreidingsatlas.nl/thumbs/map_338.jpg","","2026-09-10"
"1679","Claytonia sibirica","L.","Roze winterpostelein","Montiaceae","http://www.verspreidingsatlas.nl/1679","http://ndff-ecogrid.nl/taxonomy/taxa/claytoniasibirica","http://www.verspreidingsatlas.nl/thumbs/map_1679.jpg","","2026-09-10"
"0339","Clematis vitalba","L.","Bosrank","Ranunculaceae","http://www.verspreidingsatlas.nl/0339","http://ndff-ecogrid.nl/taxonomy/taxa/clematisvitalba","http://www.verspreidingsatlas.nl/thumbs/map_339.jpg","","2026-09-10"
"0340","Clematis viticella","L.","Italiaanse clematis","Ranunculaceae","http://www.verspreidingsatlas.nl/0340","http://ndff-ecogrid.nl/taxonomy/taxa/clematisviticella","http://www.verspreidingsatlas.nl/thumbs/map_340.jpg","","2026-09-10"
"5042","Clethra alnifolia","L.","Clethra","Clethraceae","http://www.verspreidingsatlas.nl/5042","http://ndff-ecogrid.nl/taxonomy/taxa/clethraalnifolia","http://www.verspreidingsatlas.nl/thumbs/map_5042.jpg","","2026-09-10"
"1141","Clinopodium acinos","(L.) Kuntze","Kleine steentijm","Lamiaceae","http://www.verspreidingsatlas.nl/1141","http://ndff-ecogrid.nl/taxonomy/taxa/clinopodiumacinos","http://www.verspreidingsatlas.nl/thumbs/map_1141.jpg","","2026-09-10"
"9490","Clinopodium ascendens","(Jord.) Samp.","Opstijgende steentijm","Lamiaceae","http://www.verspreidingsatlas.nl/9490","http://ndff-ecogrid.nl/taxonomy/taxa/clinopodiumascendens","http://www.verspreidingsatlas.nl/thumbs/map_9490.jpg","","2026-09-10"
"2421","Clinopodium calamintha","(L.) Stace","Kleine bergsteentijm","Lamiaceae","http://www.verspreidingsatlas.nl/2421","http://ndff-ecogrid.nl/taxonomy/taxa/clinopodiumcalamintha","http://www.verspreidingsatlas.nl/thumbs/map_2421.jpg","","2026-09-10"
"2479","Clinopodium grandiflora","(L.) Stace","Grote steentijm","Lamiaceae","http://www.verspreidingsatlas.nl/2479","http://ndff-ecogrid.nl/taxonomy/taxa/clinopodiumgrandiflora","http://www.verspreidingsatlas.nl/thumbs/map_2479.jpg","","2026-09-10"
"1142","Clinopodium menthifolium","(Host) Stace","Bergsteentijm","Lamiaceae","http://www.verspreidingsatlas.nl/1142","http://ndff-ecogrid.nl/taxonomy/taxa/clinopodiummenthifolium","http://www.verspreidingsatlas.nl/thumbs/map_1142.jpg","","2026-09-10"
"1143","Clinopodium vulgare","L.","Borstelkrans","Lamiaceae","http://www.verspreidingsatlas.nl/1143","http://ndff-ecogrid.nl/taxonomy/taxa/clinopodiumvulgare","http://www.verspreidingsatlas.nl/thumbs/map_1143.jpg","","2026-09-10"
"0341","Cochlearia anglica","L.","Engels lepelblad","Brassicaceae","http://www.verspreidingsatlas.nl/0341","http://ndff-ecogrid.nl/taxonomy/taxa/cochleariaanglica","http://www.verspreidingsatlas.nl/thumbs/map_341.jpg","","2026-09-10"
"0342","Cochlearia danica","L.","Deens lepelblad","Brassicaceae","http://www.verspreidingsatlas.nl/0342","http://ndff-ecogrid.nl/taxonomy/taxa/cochleariadanica","http://www.verspreidingsatlas.nl/thumbs/map_342.jpg","","2026-09-10"
"0343","Cochlearia officinalis","L.","Echt lepelblad","Brassicaceae","http://www.verspreidingsatlas.nl/0343","http://ndff-ecogrid.nl/taxonomy/taxa/cochleariaofficinalis-h24","http://www.verspreidingsatlas.nl/thumbs/map_343.jpg","","2026-09-10"
"1728","Coincya monensis subsp. cheiranthos","(Vill.) C. Aedo Perez, E.A. Leadlay & J.F. Munoz Garmendia","Muurbloemmosterd","Brassicaceae","http://www.verspreidingsatlas.nl/1728","http://ndff-ecogrid.nl/taxonomy/taxa/coincyamonensissubspcheiranthos","http://www.verspreidingsatlas.nl/thumbs/map_1728.jpg","","2026-09-10"
"0345","Colchicum autumnale","L.","Herfsttijloos","Colchicaceae","http://www.verspreidingsatlas.nl/0345","http://ndff-ecogrid.nl/taxonomy/taxa/colchicumautumnale","http://www.verspreidingsatlas.nl/thumbs/map_345.jpg","","2026-09-10"
"5235","Colchicum byzantinum","Ker Gawl.","Droogbloeier","Colchicaceae","http://www.verspreidingsatlas.nl/5235","http://ndff-ecogrid.nl/taxonomy/taxa/colchicumbyzantinum","http://www.verspreidingsatlas.nl/thumbs/map_5235.jpg","","2026-09-10"
"8513","Colchicum tenorei","Parl.","Italiaanse tijloos","Colchicaceae","http://www.verspreidingsatlas.nl/8513","http://ndff-ecogrid.nl/taxonomy/taxa/colchicumtenorei","http://www.verspreidingsatlas.nl/thumbs/map_8513.jpg","","2026-09-10"
"5990","Collinsia heterophylla","Graham","Onschuld","Plantaginaceae","http://www.verspreidingsatlas.nl/5990","http://ndff-ecogrid.nl/taxonomy/taxa/collinsiaheterophylla","http://www.verspreidingsatlas.nl/thumbs/map_5990.jpg","","2026-09-10"
"5607","Collomia grandiflora","Douglas ex Lindl.","Collomia","Polemoniaceae","http://www.verspreidingsatlas.nl/5607","http://ndff-ecogrid.nl/taxonomy/taxa/collomiagrandiflora","http://www.verspreidingsatlas.nl/thumbs/map_5607.jpg","","2026-09-10"
"5043","Colutea arborescens","L.","Europese blazenstruik","Fabaceae","http://www.verspreidingsatlas.nl/5043","http://ndff-ecogrid.nl/taxonomy/taxa/coluteaarborescens","http://www.verspreidingsatlas.nl/thumbs/map_5043.jpg","","2026-09-10"
"5168","Colutea x media","Willd.","Oranje blazenstruik","Fabaceae","http://www.verspreidingsatlas.nl/5168","http://ndff-ecogrid.nl/taxonomy/taxa/coluteaxmedia","http://www.verspreidingsatlas.nl/thumbs/map_5168.jpg","","2026-09-10"
"0346","Comarum palustre","L.","Wateraardbei","Rosaceae","http://www.verspreidingsatlas.nl/0346","http://ndff-ecogrid.nl/taxonomy/taxa/comarumpalustre","http://www.verspreidingsatlas.nl/thumbs/map_346.jpg","","2026-09-10"
"8174","Commelina communis","L.","Gewone commelina","Commelinaceae","http://www.verspreidingsatlas.nl/8174","http://ndff-ecogrid.nl/taxonomy/taxa/commelinacommunis","http://www.verspreidingsatlas.nl/thumbs/map_8174.jpg","","2026-09-10"
"0347","Conium maculatum","L.","Gevlekte scheerling","Apiaceae","http://www.verspreidingsatlas.nl/0347","http://ndff-ecogrid.nl/taxonomy/taxa/coniummaculatum","http://www.verspreidingsatlas.nl/thumbs/map_347.jpg","","2026-09-10"
"2461","Conopodium majus","(Gouan) Koch","Franse aardkastanje","Apiaceae","http://www.verspreidingsatlas.nl/2461","http://ndff-ecogrid.nl/taxonomy/taxa/conopodiummajus","http://www.verspreidingsatlas.nl/thumbs/map_2461.jpg","","2026-09-10"
"0348","Conringia orientalis","(L.) Dumort.","Witte steenraket","Brassicaceae","http://www.verspreidingsatlas.nl/0348","http://ndff-ecogrid.nl/taxonomy/taxa/conringiaorientalis","http://www.verspreidingsatlas.nl/thumbs/map_348.jpg","","2026-09-10"
"1857","Consolida ajacis","(L.) Schur","Valse ridderspoor","Ranunculaceae","http://www.verspreidingsatlas.nl/1857","http://ndff-ecogrid.nl/taxonomy/taxa/consolidaajacis","http://www.verspreidingsatlas.nl/thumbs/map_1857.jpg","","2026-09-10"
"5045","Consolida hispanica","(Willk. ex Costa) Schrödinger","Oosterse ridderspoor","Ranunculaceae","http://www.verspreidingsatlas.nl/5045","http://ndff-ecogrid.nl/taxonomy/taxa/consolidahispanica","http://www.verspreidingsatlas.nl/thumbs/map_5045.jpg","","2026-09-10"
"0396","Consolida regalis","Gray","Wilde ridderspoor","Ranunculaceae","http://www.verspreidingsatlas.nl/0396","http://ndff-ecogrid.nl/taxonomy/taxa/consolidaregalis","http://www.verspreidingsatlas.nl/thumbs/map_396.jpg","","2026-09-10"
"0349","Convallaria majalis","L.","Lelietje-van-dalen","Asparagaceae","http://www.verspreidingsatlas.nl/0349","http://ndff-ecogrid.nl/taxonomy/taxa/convallariamajalis","http://www.verspreidingsatlas.nl/thumbs/map_349.jpg","","2026-09-10"
"0350","Convolvulus arvensis","L.","Akkerwinde","Convolvulaceae","http://www.verspreidingsatlas.nl/0350","http://ndff-ecogrid.nl/taxonomy/taxa/convolvulusarvensis","http://www.verspreidingsatlas.nl/thumbs/map_350.jpg","","2026-09-10"
"0351","Convolvulus lineatus","L.","Calandsklokje","Convolvulaceae","http://www.verspreidingsatlas.nl/0351","http://ndff-ecogrid.nl/taxonomy/taxa/convolvuluslineatus","http://www.verspreidingsatlas.nl/thumbs/map_351.jpg","","2026-09-10"
"0188","Convolvulus sepium","L.","Haagwinde","Convolvulaceae","http://www.verspreidingsatlas.nl/0188","http://ndff-ecogrid.nl/taxonomy/taxa/convolvulussepium","http://www.verspreidingsatlas.nl/thumbs/map_188.jpg","","2026-09-10"
"0189","Convolvulus soldanella","L.","Zeewinde","Convolvulaceae","http://www.verspreidingsatlas.nl/0189","http://ndff-ecogrid.nl/taxonomy/taxa/convolvulussoldanella","http://www.verspreidingsatlas.nl/thumbs/map_189.jpg","","2026-09-10"
"8175","Convolvulus tricolor","L.","Dagschone","Convolvulaceae","http://www.verspreidingsatlas.nl/8175","http://ndff-ecogrid.nl/taxonomy/taxa/convolvulustricolor","http://www.verspreidingsatlas.nl/thumbs/map_8175.jpg","","2026-09-10"
"0352","Corallorhiza trifida","Châtel.","Koraalwortel","Orchidaceae","http://www.verspreidingsatlas.nl/0352","http://ndff-ecogrid.nl/taxonomy/taxa/corallorhizatrifida","http://www.verspreidingsatlas.nl/thumbs/map_352.jpg","","2026-09-10"
"8177","Coreopsis lanceolata","L.","Lancetbladige coreopsis","Asteraceae","http://www.verspreidingsatlas.nl/8177","http://ndff-ecogrid.nl/taxonomy/taxa/coreopsislanceolata","http://www.verspreidingsatlas.nl/thumbs/map_8177.jpg","","2026-09-10"
"8419","Coreopsis rosea","Nutt.","","Asteraceae","http://www.verspreidingsatlas.nl/8419","http://ndff-ecogrid.nl/taxonomy/taxa/coreopsisrosea","http://www.verspreidingsatlas.nl/thumbs/map_8419.jpg","","2026-09-10"
"8178","Coreopsis tinctoria","Nutt.","Meisjesogen","Asteraceae","http://www.verspreidingsatlas.nl/8178","http://ndff-ecogrid.nl/taxonomy/taxa/coreopsistinctoria","http://www.verspreidingsatlas.nl/thumbs/map_8178.jpg","","2026-09-10"
"1806","Coriandrum sativum","L.","Koriander","Apiaceae","http://www.verspreidingsatlas.nl/1806","http://ndff-ecogrid.nl/taxonomy/taxa/coriandrumsativum","http://www.verspreidingsatlas.nl/thumbs/map_1806.jpg","","2026-09-10"
"0354","Corispermum marschallii","Steven","Breed vlieszaad","Amaranthaceae","http://www.verspreidingsatlas.nl/0354","http://ndff-ecogrid.nl/taxonomy/taxa/corispermummarschallii","http://www.verspreidingsatlas.nl/thumbs/map_354.jpg","","2026-09-10"
"0353","Corispermum pallasii","Steven","Smal vlieszaad","Amaranthaceae","http://www.verspreidingsatlas.nl/0353","http://ndff-ecogrid.nl/taxonomy/taxa/corispermumpallasii","http://www.verspreidingsatlas.nl/thumbs/map_353.jpg","","2026-09-10"
"1422","Cornus mas","L.","Gele kornoelje","Cornaceae","http://www.verspreidingsatlas.nl/1422","http://ndff-ecogrid.nl/taxonomy/taxa/cornusmas","http://www.verspreidingsatlas.nl/thumbs/map_1422.jpg","","2026-09-10"
"0355","Cornus sanguinea","L.","Rode kornoelje","Cornaceae","http://www.verspreidingsatlas.nl/0355","http://ndff-ecogrid.nl/taxonomy/taxa/cornussanguinea","http://www.verspreidingsatlas.nl/thumbs/map_355.jpg","","2026-09-10"
"5525","Cornus sericea","L.","Canadese kornoelje","Cornaceae","http://www.verspreidingsatlas.nl/5525","http://ndff-ecogrid.nl/taxonomy/taxa/cornussericea","http://www.verspreidingsatlas.nl/thumbs/map_5525.jpg","","2026-09-10"
"0356","Cornus suecica","L.","Zweedse kornoelje","Cornaceae","http://www.verspreidingsatlas.nl/0356","http://ndff-ecogrid.nl/taxonomy/taxa/cornussuecica","http://www.verspreidingsatlas.nl/thumbs/map_356.jpg","","2026-09-10"
"0360","Corrigiola litoralis","L.","Riempjes","Caryophyllaceae","http://www.verspreidingsatlas.nl/0360","http://ndff-ecogrid.nl/taxonomy/taxa/corrigiolalitoralis","http://www.verspreidingsatlas.nl/thumbs/map_360.jpg","","2026-09-10"
"8078","Cortaderia selloana","(Schult. & Schult.f.) Asch. & Graebn.","Pampagras","Poaceae","http://www.verspreidingsatlas.nl/8078","http://ndff-ecogrid.nl/taxonomy/taxa/cortaderiaselloana","http://www.verspreidingsatlas.nl/thumbs/map_8078.jpg","","2026-09-10"
"0361","Corydalis cava","Schweigger & Korte","Holwortel","Papaveraceae","http://www.verspreidingsatlas.nl/0361","http://ndff-ecogrid.nl/taxonomy/taxa/corydaliscava","http://www.verspreidingsatlas.nl/thumbs/map_361.jpg","","2026-09-10"
"5597","Corydalis cheilanthifolia","Hemsl.","Varenhelmbloem","Papaveraceae","http://www.verspreidingsatlas.nl/5597","http://ndff-ecogrid.nl/taxonomy/taxa/corydalischeilanthifolia","http://www.verspreidingsatlas.nl/thumbs/map_5597.jpg","","2026-09-10"
"0365","Corydalis solida","(L.) Clairv.","Vingerhelmbloem","Papaveraceae","http://www.verspreidingsatlas.nl/0365","http://ndff-ecogrid.nl/taxonomy/taxa/corydalissolida","http://www.verspreidingsatlas.nl/thumbs/map_365.jpg","","2026-09-10"
"0366","Corylus avellana","L.","Hazelaar","Betulaceae","http://www.verspreidingsatlas.nl/0366","http://ndff-ecogrid.nl/taxonomy/taxa/corylusavellana","http://www.verspreidingsatlas.nl/thumbs/map_366.jpg","","2026-09-10"
"5968","Corylus maxima","Mill.","Lambertusnoot","Betulaceae","http://www.verspreidingsatlas.nl/5968","http://ndff-ecogrid.nl/taxonomy/taxa/corylusmaxima","http://www.verspreidingsatlas.nl/thumbs/map_5968.jpg","","2026-09-10"
"0367","Corynephorus canescens","(L.) P. Beauv.","Buntgras","Poaceae","http://www.verspreidingsatlas.nl/0367","http://ndff-ecogrid.nl/taxonomy/taxa/corynephoruscanescens","http://www.verspreidingsatlas.nl/thumbs/map_367.jpg","","2026-09-10"
"1856","Cosmos bipinnatus","Cav.","Cosmos","Asteraceae","http://www.verspreidingsatlas.nl/1856","http://ndff-ecogrid.nl/taxonomy/taxa/cosmosbipinnatus","http://www.verspreidingsatlas.nl/thumbs/map_1856.jpg","","2026-09-10"
"8181","Cotinus coggygria","Scop.","Pruikenboom","Anacardiaceae","http://www.verspreidingsatlas.nl/8181","http://ndff-ecogrid.nl/taxonomy/taxa/cotinuscoggygria","http://www.verspreidingsatlas.nl/thumbs/map_8181.jpg","","2026-09-10"
"6926","Cotoneaster apiculatus","Rehder & E.H. Wilson","","Rosaceae","http://www.verspreidingsatlas.nl/6926","http://ndff-ecogrid.nl/taxonomy/taxa/cotoneasterapiculatus","http://www.verspreidingsatlas.nl/thumbs/map_6926.jpg","","2026-09-10"
"8182","Cotoneaster ascendens","Flinck & B. Hylm","","Rosaceae","http://www.verspreidingsatlas.nl/8182","http://ndff-ecogrid.nl/taxonomy/taxa/cotoneasterascendens","http://www.verspreidingsatlas.nl/thumbs/map_8182.jpg","","2026-09-10"
"8053","Cotoneaster boisianus","G.Klotz","","Rosaceae","http://www.verspreidingsatlas.nl/8053","http://ndff-ecogrid.nl/taxonomy/taxa/cotoneasterboisianus","http://www.verspreidingsatlas.nl/thumbs/map_8053.jpg","","2026-09-10"
"5451","Cotoneaster bullatus","Bois","Grote boogcotoneaster","Rosaceae","http://www.verspreidingsatlas.nl/5451","http://ndff-ecogrid.nl/taxonomy/taxa/cotoneasterbullatus","http://www.verspreidingsatlas.nl/thumbs/map_5451.jpg","","2026-09-10"
"8184","Cotoneaster dammeri","C.K. Schneid.","Tapijtcotoneaster","Rosaceae","http://www.verspreidingsatlas.nl/8184","http://ndff-ecogrid.nl/taxonomy/taxa/cotoneasterdammeri","http://www.verspreidingsatlas.nl/thumbs/map_8184.jpg","","2026-09-10"
"5557","Cotoneaster dielsianus","E. Pritz. ex Diels","Diels' Cotoneaster","Rosaceae","http://www.verspreidingsatlas.nl/5557","http://ndff-ecogrid.nl/taxonomy/taxa/cotoneasterdielsianus","http://www.verspreidingsatlas.nl/thumbs/map_5557.jpg","","2026-09-10"
"8039","Cotoneaster divaricatus","Rehder & E.H. Wilson","Uitgespreide cotoneaster","Rosaceae","http://www.verspreidingsatlas.nl/8039","http://ndff-ecogrid.nl/taxonomy/taxa/cotoneasterdivaricatus","http://www.verspreidingsatlas.nl/thumbs/map_8039.jpg","","2026-09-10"
"8470","Cotoneaster fangianus","T.T. Yu","Fangs cotoneaster","Rosaceae","http://www.verspreidingsatlas.nl/8470","http://ndff-ecogrid.nl/taxonomy/taxa/cotoneasterfangianus","http://www.verspreidingsatlas.nl/thumbs/map_8470.jpg","","2026-09-10"
"8040","Cotoneaster franchetii","Bois","Franchet’s cotoneaster","Rosaceae","http://www.verspreidingsatlas.nl/8040","http://ndff-ecogrid.nl/taxonomy/taxa/cotoneasterfranchetii","http://www.verspreidingsatlas.nl/thumbs/map_8040.jpg","","2026-09-10"
"5048","Cotoneaster horizontalis","Decne.","Vlakke dwergmispel","Rosaceae","http://www.verspreidingsatlas.nl/5048","http://ndff-ecogrid.nl/taxonomy/taxa/cotoneasterhorizontalis","http://www.verspreidingsatlas.nl/thumbs/map_5048.jpg","","2026-09-10"
"5172","Cotoneaster integerrimus","Medik.","Wilde dwergmispel","Rosaceae","http://www.verspreidingsatlas.nl/5172","http://ndff-ecogrid.nl/taxonomy/taxa/cotoneasterintegerrimus","http://www.verspreidingsatlas.nl/thumbs/map_5172.jpg","","2026-09-10"
"8458","Cotoneaster integrifolius","(Roxb.) G. Klotz","Kleinbladige cotoneaster","Rosaceae","http://www.verspreidingsatlas.nl/8458","http://ndff-ecogrid.nl/taxonomy/taxa/cotoneasterintegrifolius","http://www.verspreidingsatlas.nl/thumbs/map_8458.jpg","","2026-09-10"
"10460","Cotoneaster microphyllus","Wall. ex Lindl.","","Rosaceae","http://www.verspreidingsatlas.nl/10460","http://ndff-ecogrid.nl/taxonomy/taxa/cotoneastermicrophyllus","http://www.verspreidingsatlas.nl/thumbs/map_10460.jpg","","2026-09-10"
"5173","Cotoneaster nebrodensis","(Guss.) Koch","Viltige dwergmispel","Rosaceae","http://www.verspreidingsatlas.nl/5173","http://ndff-ecogrid.nl/taxonomy/taxa/cotoneasternebrodensis","http://www.verspreidingsatlas.nl/thumbs/map_5173.jpg","","2026-09-10"
"5397","Cotoneaster salicifolius","Franch.","Wilgbladige cotoneaster","Rosaceae","http://www.verspreidingsatlas.nl/5397","http://ndff-ecogrid.nl/taxonomy/taxa/cotoneastersalicifolius","http://www.verspreidingsatlas.nl/thumbs/map_5397.jpg","","2026-09-10"
"8044","Cotoneaster symondsii","T. Moore","","Rosaceae","http://www.verspreidingsatlas.nl/8044","http://ndff-ecogrid.nl/taxonomy/taxa/cotoneastersymondsii","http://www.verspreidingsatlas.nl/thumbs/map_8044.jpg","","2026-09-10"
"8471","Cotoneaster villosulus","(Rehder & E.H. Wilson) Flinck & B. Hylmö","Harige cotoneaster","Rosaceae","http://www.verspreidingsatlas.nl/8471","http://ndff-ecogrid.nl/taxonomy/taxa/cotoneastervillosulus","http://www.verspreidingsatlas.nl/thumbs/map_8471.jpg","","2026-09-10"
"8459","Cotoneaster zabelii","C.K. Schneid.","","Rosaceae","http://www.verspreidingsatlas.nl/8459","http://ndff-ecogrid.nl/taxonomy/taxa/cotoneasterzabelii","http://www.verspreidingsatlas.nl/thumbs/map_8459.jpg","","2026-09-10"
"6864","Cotula australis","(Sieber ex Spreng.) Hook. f.","Kamilleknopje","Asteraceae","http://www.verspreidingsatlas.nl/6864","http://ndff-ecogrid.nl/taxonomy/taxa/cotulaaustralis","http://www.verspreidingsatlas.nl/thumbs/map_6864.jpg","","2026-09-10"
"1760","Cotula coronopifolia","L.","Goudknopje","Asteraceae","http://www.verspreidingsatlas.nl/1760","http://ndff-ecogrid.nl/taxonomy/taxa/cotulacoronopifolia","http://www.verspreidingsatlas.nl/thumbs/map_1760.jpg","","2026-09-10"
"2480","Crambe hispanica subsp. abyssinica","(Hochst. ex R.E. Fr.) Prina","Afrikaanse bolletjeskool","Brassicaceae","http://www.verspreidingsatlas.nl/2480","http://ndff-ecogrid.nl/taxonomy/taxa/crambehispanicasubspabyssinica","http://www.verspreidingsatlas.nl/thumbs/map_2480.jpg","","2026-09-10"
"0368","Crambe maritima","L.","Zeekool","Brassicaceae","http://www.verspreidingsatlas.nl/0368","http://ndff-ecogrid.nl/taxonomy/taxa/crambemaritima","http://www.verspreidingsatlas.nl/thumbs/map_368.jpg","","2026-09-10"
"5307","Crassula helmsii","(Kirk) Cockayne","Watercrassula","Crassulaceae","http://www.verspreidingsatlas.nl/5307","http://ndff-ecogrid.nl/taxonomy/taxa/crassulahelmsii","http://www.verspreidingsatlas.nl/thumbs/map_5307.jpg","","2026-09-10"
"1287","Crassula tillaea","Lest.-Garl.","Mosbloempje","Crassulaceae","http://www.verspreidingsatlas.nl/1287","http://ndff-ecogrid.nl/taxonomy/taxa/crassulatillaea","http://www.verspreidingsatlas.nl/thumbs/map_1287.jpg","","2026-09-10"
"5329","Crataegus crus-galli","L.","Hanendoorn","Rosaceae","http://www.verspreidingsatlas.nl/5329","http://ndff-ecogrid.nl/taxonomy/taxa/crataeguscrusgalli","http://www.verspreidingsatlas.nl/thumbs/map_5329.jpg","","2026-09-10"
"0370","Crataegus laevigata","(Poir.) DC.","Tweestijlige meidoorn","Rosaceae","http://www.verspreidingsatlas.nl/0370","http://ndff-ecogrid.nl/taxonomy/taxa/crataeguslaevigata","http://www.verspreidingsatlas.nl/thumbs/map_370.jpg","","2026-09-10"
"0369","Crataegus monogyna","Jacq.","Eenstijlige meidoorn","Rosaceae","http://www.verspreidingsatlas.nl/0369","http://ndff-ecogrid.nl/taxonomy/taxa/crataegusmonogyna","http://www.verspreidingsatlas.nl/thumbs/map_369.jpg","","2026-09-10"
"8185","Crataegus persimilis","Sarg.","","Rosaceae","http://www.verspreidingsatlas.nl/8185","http://ndff-ecogrid.nl/taxonomy/taxa/crataeguspersimilis","http://www.verspreidingsatlas.nl/thumbs/map_8185.jpg","","2026-09-10"
"0371","Crepis biennis","L.","Groot streepzaad","Asteraceae","http://www.verspreidingsatlas.nl/0371","http://ndff-ecogrid.nl/taxonomy/taxa/crepisbiennis","http://www.verspreidingsatlas.nl/thumbs/map_371.jpg","","2026-09-10"
"0372","Crepis capillaris","(L.) Wallr.","Klein streepzaad","Asteraceae","http://www.verspreidingsatlas.nl/0372","http://ndff-ecogrid.nl/taxonomy/taxa/crepiscapillaris","http://www.verspreidingsatlas.nl/thumbs/map_372.jpg","","2026-09-10"
"1768","Crepis foetida","L.","Stinkend streepzaad","Asteraceae","http://www.verspreidingsatlas.nl/1768","http://ndff-ecogrid.nl/taxonomy/taxa/crepisfoetida","http://www.verspreidingsatlas.nl/thumbs/map_1768.jpg","","2026-09-10"
"0373","Crepis paludosa","(L.) Moench","Moerasstreepzaad","Asteraceae","http://www.verspreidingsatlas.nl/0373","http://ndff-ecogrid.nl/taxonomy/taxa/crepispaludosa","http://www.verspreidingsatlas.nl/thumbs/map_373.jpg","","2026-09-10"
"1680","Crepis setosa","Haller f.","Borstelstreepzaad","Asteraceae","http://www.verspreidingsatlas.nl/1680","http://ndff-ecogrid.nl/taxonomy/taxa/crepissetosa","http://www.verspreidingsatlas.nl/thumbs/map_1680.jpg","","2026-09-10"
"0374","Crepis tectorum","L.","Smal streepzaad","Asteraceae","http://www.verspreidingsatlas.nl/0374","http://ndff-ecogrid.nl/taxonomy/taxa/crepistectorum","http://www.verspreidingsatlas.nl/thumbs/map_374.jpg","","2026-09-10"
"0375","Crepis vesicaria subsp. taraxacifolia","(Thuill.) Thell. ex Schinz & R. Keller","Paardenbloemstreepzaad","Asteraceae","http://www.verspreidingsatlas.nl/0375","http://ndff-ecogrid.nl/taxonomy/taxa/crepisvesicariasubsptaraxacifolia","http://www.verspreidingsatlas.nl/thumbs/map_375.jpg","","2026-09-10"
"0376","Crithmum maritimum","L.","Zeevenkel","Apiaceae","http://www.verspreidingsatlas.nl/0376","http://ndff-ecogrid.nl/taxonomy/taxa/crithmummaritimum","http://www.verspreidingsatlas.nl/thumbs/map_376.jpg","","2026-09-10"
"5330","Crocus chrysanthus","Herb.","Vroege krokus","Iridaceae","http://www.verspreidingsatlas.nl/5330","http://ndff-ecogrid.nl/taxonomy/taxa/crocuschrysanthus","http://www.verspreidingsatlas.nl/thumbs/map_5330.jpg","","2026-09-10"
"5596","Crocus speciosus","M. Bieb.","Herfstkrokus","Iridaceae","http://www.verspreidingsatlas.nl/5596","http://ndff-ecogrid.nl/taxonomy/taxa/crocusspeciosus","http://www.verspreidingsatlas.nl/thumbs/map_5596.jpg","","2026-09-10"
"1622","Crocus tommasinianus","Herb.","Boerenkrokus","Iridaceae","http://www.verspreidingsatlas.nl/1622","http://ndff-ecogrid.nl/taxonomy/taxa/crocustommasinianus","http://www.verspreidingsatlas.nl/thumbs/map_1622.jpg","","2026-09-10"
"1623","Crocus vernus","(L.) Hill","Bonte krokus","Iridaceae","http://www.verspreidingsatlas.nl/1623","http://ndff-ecogrid.nl/taxonomy/taxa/crocusvernus","http://www.verspreidingsatlas.nl/thumbs/map_1623.jpg","","2026-09-10"
"5049","Crocus x luteus","Lam.","Gele krokus","Iridaceae","http://www.verspreidingsatlas.nl/5049","http://ndff-ecogrid.nl/taxonomy/taxa/crocusxluteus","http://www.verspreidingsatlas.nl/thumbs/map_5049.jpg","","2026-09-10"
"0548","Cruciata laevipes","Opiz","Kruisbladwalstro","Rubiaceae","http://www.verspreidingsatlas.nl/0548","http://ndff-ecogrid.nl/taxonomy/taxa/cruciatalaevipes","http://www.verspreidingsatlas.nl/thumbs/map_548.jpg","","2026-09-10"
"8188","Cryptomeria japonica","(Thunb. ex L. f.) D. Don","Sikkelcipres","Cupressaceae","http://www.verspreidingsatlas.nl/8188","http://ndff-ecogrid.nl/taxonomy/taxa/cryptomeriajaponica","http://www.verspreidingsatlas.nl/thumbs/map_8188.jpg","","2026-09-10"
"5050","Cucumis melo","L.","Meloen","Cucurbitaceae","http://www.verspreidingsatlas.nl/5050","http://ndff-ecogrid.nl/taxonomy/taxa/cucumismelo","http://www.verspreidingsatlas.nl/thumbs/map_5050.jpg","","2026-09-10"
"5051","Cucumis sativus","L.","Komkommer","Cucurbitaceae","http://www.verspreidingsatlas.nl/5051","http://ndff-ecogrid.nl/taxonomy/taxa/cucumissativus","http://www.verspreidingsatlas.nl/thumbs/map_5051.jpg","","2026-09-10"
"8189","Cucurbita maxima","Duchesne","Reuzenkalebas","Cucurbitaceae","http://www.verspreidingsatlas.nl/8189","http://ndff-ecogrid.nl/taxonomy/taxa/cucurbitamaxima","http://www.verspreidingsatlas.nl/thumbs/map_8189.jpg","","2026-09-10"
"5052","Cucurbita pepo","L.","Sierpompoen","Cucurbitaceae","http://www.verspreidingsatlas.nl/5052","http://ndff-ecogrid.nl/taxonomy/taxa/cucurbitapepo","http://www.verspreidingsatlas.nl/thumbs/map_5052.jpg","","2026-09-10"
"2482","Cuminum cyminum","L.","Komijn","Apiaceae","http://www.verspreidingsatlas.nl/2482","http://ndff-ecogrid.nl/taxonomy/taxa/cuminumcyminum","http://www.verspreidingsatlas.nl/thumbs/map_2482.jpg","","2026-09-10"
"1681","Cuscuta campestris","Yunck.","Veldwarkruid","Convolvulaceae","http://www.verspreidingsatlas.nl/1681","http://ndff-ecogrid.nl/taxonomy/taxa/cuscutacampestris","http://www.verspreidingsatlas.nl/thumbs/map_1681.jpg","","2026-09-10"
"0378","Cuscuta epilinum","Weihe","Vlaswarkruid","Convolvulaceae","http://www.verspreidingsatlas.nl/0378","http://ndff-ecogrid.nl/taxonomy/taxa/cuscutaepilinum","http://www.verspreidingsatlas.nl/thumbs/map_378.jpg","","2026-09-10"
"0379","Cuscuta epithymum","(L.) L.","Klein warkruid","Convolvulaceae","http://www.verspreidingsatlas.nl/0379","http://ndff-ecogrid.nl/taxonomy/taxa/cuscutaepithymum","http://www.verspreidingsatlas.nl/thumbs/map_379.jpg","","2026-09-10"
"0380","Cuscuta europaea","L.","Groot warkruid","Convolvulaceae","http://www.verspreidingsatlas.nl/0380","http://ndff-ecogrid.nl/taxonomy/taxa/cuscutaeuropaea","http://www.verspreidingsatlas.nl/thumbs/map_380.jpg","","2026-09-10"
"0381","Cuscuta gronovii","Willd.","Oeverwarkruid","Convolvulaceae","http://www.verspreidingsatlas.nl/0381","http://ndff-ecogrid.nl/taxonomy/taxa/cuscutagronovii","http://www.verspreidingsatlas.nl/thumbs/map_381.jpg","","2026-09-10"
"0382","Cuscuta lupuliformis","Krock.","Hopwarkruid","Convolvulaceae","http://www.verspreidingsatlas.nl/0382","http://ndff-ecogrid.nl/taxonomy/taxa/cuscutalupuliformis","http://www.verspreidingsatlas.nl/thumbs/map_382.jpg","","2026-09-10"
"5250","Cydonia oblonga","Mill.","Kweepeer","Rosaceae","http://www.verspreidingsatlas.nl/5250","http://ndff-ecogrid.nl/taxonomy/taxa/cydoniaoblonga","http://www.verspreidingsatlas.nl/thumbs/map_5250.jpg","","2026-09-10"
"0741","Cymbalaria muralis","G. Gaertn.","Muurleeuwenbek","Plantaginaceae","http://www.verspreidingsatlas.nl/0741","http://ndff-ecogrid.nl/taxonomy/taxa/cymbalariamuralis","http://www.verspreidingsatlas.nl/thumbs/map_741.jpg","","2026-09-10"
"8192","Cynara cardunculus","L.","Kardoen","Asteraceae","http://www.verspreidingsatlas.nl/8192","http://ndff-ecogrid.nl/taxonomy/taxa/cynaracardunculus","http://www.verspreidingsatlas.nl/thumbs/map_8192.jpg","","2026-09-10"
"0384","Cynodon dactylon","(L.) Pers.","Handjesgras","Poaceae","http://www.verspreidingsatlas.nl/0384","http://ndff-ecogrid.nl/taxonomy/taxa/cynodondactylon","http://www.verspreidingsatlas.nl/thumbs/map_384.jpg","","2026-09-10"
"8193","Cynoglossum amabile","Stapf & J.R. Drumm.","Chinees vergeet-mij-nietje","Boraginaceae","http://www.verspreidingsatlas.nl/8193","http://ndff-ecogrid.nl/taxonomy/taxa/cynoglossumamabile","http://www.verspreidingsatlas.nl/thumbs/map_8193.jpg","","2026-09-10"
"0385","Cynoglossum officinale","L.","Veldhondstong","Boraginaceae","http://www.verspreidingsatlas.nl/0385","http://ndff-ecogrid.nl/taxonomy/taxa/cynoglossumofficinale","http://www.verspreidingsatlas.nl/thumbs/map_385.jpg","","2026-09-10"
"0386","Cynosurus cristatus","L.","Kamgras","Poaceae","http://www.verspreidingsatlas.nl/0386","http://ndff-ecogrid.nl/taxonomy/taxa/cynosuruscristatus","http://www.verspreidingsatlas.nl/thumbs/map_386.jpg","","2026-09-10"
"5355","Cynosurus echinatus","L.","Stekelkamgras","Poaceae","http://www.verspreidingsatlas.nl/5355","http://ndff-ecogrid.nl/taxonomy/taxa/cynosurusechinatus","http://www.verspreidingsatlas.nl/thumbs/map_5355.jpg","","2026-09-10"
"5399","Cyperus eragrostis","Lam.","Bleek cypergras","Cyperaceae","http://www.verspreidingsatlas.nl/5399","http://ndff-ecogrid.nl/taxonomy/taxa/cyperuseragrostis","http://www.verspreidingsatlas.nl/thumbs/map_5399.jpg","","2026-09-10"
"5175","Cyperus esculentus","L.","Knolcyperus","Cyperaceae","http://www.verspreidingsatlas.nl/5175","http://ndff-ecogrid.nl/taxonomy/taxa/cyperusesculentus","http://www.verspreidingsatlas.nl/thumbs/map_5175.jpg","","2026-09-10"
"0387","Cyperus flavescens","L.","Geel cypergras","Cyperaceae","http://www.verspreidingsatlas.nl/0387","http://ndff-ecogrid.nl/taxonomy/taxa/cyperusflavescens","http://www.verspreidingsatlas.nl/thumbs/map_387.jpg","","2026-09-10"
"0388","Cyperus fuscus","L.","Bruin cypergras","Cyperaceae","http://www.verspreidingsatlas.nl/0388","http://ndff-ecogrid.nl/taxonomy/taxa/cyperusfuscus","http://www.verspreidingsatlas.nl/thumbs/map_388.jpg","","2026-09-10"
"5526","Cyperus longus","L.","Rood cypergras","Cyperaceae","http://www.verspreidingsatlas.nl/5526","http://ndff-ecogrid.nl/taxonomy/taxa/cyperuslongus","http://www.verspreidingsatlas.nl/thumbs/map_5526.jpg","","2026-09-10"
"1612","Cyrtomium falcatum","(L. f.) C. Presl","IJzervaren","Dryopteridaceae","http://www.verspreidingsatlas.nl/1612","http://ndff-ecogrid.nl/taxonomy/taxa/cyrtomiumfalcatum","http://www.verspreidingsatlas.nl/thumbs/map_1612.jpg","","2026-09-10"
"5578","Cyrtomium fortunei","J. Sm.","Smalle ijzervaren","Dryopteridaceae","http://www.verspreidingsatlas.nl/5578","http://ndff-ecogrid.nl/taxonomy/taxa/cyrtomiumfortunei","http://www.verspreidingsatlas.nl/thumbs/map_5578.jpg","","2026-09-10"
"0389","Cystopteris fragilis","(L.) Bernh.","Blaasvaren","Cystopteridaceae","http://www.verspreidingsatlas.nl/0389","http://ndff-ecogrid.nl/taxonomy/taxa/cystopterisfragilis","http://www.verspreidingsatlas.nl/thumbs/map_389.jpg","","2026-09-10"
"1140","Cytisus scoparius","(L.) Link","Brem","Fabaceae","http://www.verspreidingsatlas.nl/1140","http://ndff-ecogrid.nl/taxonomy/taxa/cytisusscoparius","http://www.verspreidingsatlas.nl/thumbs/map_1140.jpg","","2026-09-10"
"0390","Dactylis glomerata subsp. glomerata","","Gewone kropaar","Poaceae","http://www.verspreidingsatlas.nl/0390","http://ndff-ecogrid.nl/taxonomy/taxa/dactylisglomeratasubspglomerata","http://www.verspreidingsatlas.nl/thumbs/map_390.jpg","","2026-09-10"
"0391","Dactylis glomerata subsp. lobata","(Drejer) H.Lindb.","IJle kropaar","Poaceae","http://www.verspreidingsatlas.nl/0391","http://ndff-ecogrid.nl/taxonomy/taxa/dactylisglomeratasubsplobata","http://www.verspreidingsatlas.nl/thumbs/map_391.jpg","","2026-09-10"
"1631","Dactylorhiza elata subsp. sesquipedalis","(Willd.) Soó","Grote rietorchis","Orchidaceae","http://www.verspreidingsatlas.nl/1631","http://ndff-ecogrid.nl/taxonomy/taxa/dactylorhizaelatasubspsesquipedalis","http://www.verspreidingsatlas.nl/thumbs/map_1631.jpg","","2026-09-10"
"0883","Dactylorhiza fuchsii","(Druce) Soó","Bosorchis","Orchidaceae","http://www.verspreidingsatlas.nl/0883","http://ndff-ecogrid.nl/taxonomy/taxa/dactylorhizafuchsii","http://www.verspreidingsatlas.nl/thumbs/map_883.jpg","","2026-09-10"
"0884","Dactylorhiza incarnata","(L.) Soó","Vleeskleurige orchis","Orchidaceae","http://www.verspreidingsatlas.nl/0884","http://ndff-ecogrid.nl/taxonomy/taxa/dactylorhizaincarnata","http://www.verspreidingsatlas.nl/thumbs/map_884.jpg","","2026-09-10"
"0885","Dactylorhiza maculata","(L.) Soó","Gevlekte orchis","Orchidaceae","http://www.verspreidingsatlas.nl/0885","http://ndff-ecogrid.nl/taxonomy/taxa/dactylorhizamaculata","http://www.verspreidingsatlas.nl/thumbs/map_885.jpg","","2026-09-10"
"0886","Dactylorhiza majalis","(Rchb. f.) P.F. Hunt & Summerh.","Brede orchis","Orchidaceae","http://www.verspreidingsatlas.nl/0886","http://ndff-ecogrid.nl/taxonomy/taxa/dactylorhizamajalis-h24","http://www.verspreidingsatlas.nl/thumbs/map_886.jpg","","2026-09-10"
"0890","Dactylorhiza praetermissa","(Druce) Soó","Rietorchis","Orchidaceae","http://www.verspreidingsatlas.nl/0890","http://ndff-ecogrid.nl/taxonomy/taxa/dactylorhizapraetermissa","http://www.verspreidingsatlas.nl/thumbs/map_890.jpg","","2026-09-10"
"8422","Dactylorhiza purpurella","(T. Stephenson & T.A. Stephenson) Soó","Purperrode orchis","Orchidaceae","http://www.verspreidingsatlas.nl/8422","http://ndff-ecogrid.nl/taxonomy/taxa/dactylorhizapurpurella","http://www.verspreidingsatlas.nl/thumbs/map_8422.jpg","","2026-09-10"
"5486","Dactylorhiza sphagnicola","(Höppner) Aver.","Veenorchis","Orchidaceae","http://www.verspreidingsatlas.nl/5486","http://ndff-ecogrid.nl/taxonomy/taxa/dactylorhizasphagnicola","http://www.verspreidingsatlas.nl/thumbs/map_5486.jpg","","2026-09-10"
"0344","Dactylorhiza viridis","(L.) R.M. Bateman","Groene nachtorchis","Orchidaceae","http://www.verspreidingsatlas.nl/0344","http://ndff-ecogrid.nl/taxonomy/taxa/dactylorhizaviridis","http://www.verspreidingsatlas.nl/thumbs/map_344.jpg","","2026-09-10"
"1199","Danthonia decumbens","(L.) DC.","Tandjesgras","Poaceae","http://www.verspreidingsatlas.nl/1199","http://ndff-ecogrid.nl/taxonomy/taxa/danthoniadecumbens","http://www.verspreidingsatlas.nl/thumbs/map_1199.jpg","","2026-09-10"
"5356","Daphne laureola","L.","Zwart peperboompje","Thymelaeaceae","http://www.verspreidingsatlas.nl/5356","http://ndff-ecogrid.nl/taxonomy/taxa/daphnelaureola","http://www.verspreidingsatlas.nl/thumbs/map_5356.jpg","","2026-09-10"
"0392","Daphne mezereum","L.","Rood peperboompje","Thymelaeaceae","http://www.verspreidingsatlas.nl/0392","http://ndff-ecogrid.nl/taxonomy/taxa/daphnemezereum","http://www.verspreidingsatlas.nl/thumbs/map_392.jpg","","2026-09-10"
"8058","Dasiphora fruticosa","(L.) Rydb.","Struikganzerik","Rosaceae","http://www.verspreidingsatlas.nl/8058","http://ndff-ecogrid.nl/taxonomy/taxa/dasiphorafruticosa","http://www.verspreidingsatlas.nl/thumbs/map_8058.jpg","","2026-09-10"
"0393","Datura stramonium","L.","Doornappel","Solanaceae","http://www.verspreidingsatlas.nl/0393","http://ndff-ecogrid.nl/taxonomy/taxa/daturastramonium","http://www.verspreidingsatlas.nl/thumbs/map_393.jpg","","2026-09-10"
"0394","Daucus carota","L.","Peen","Apiaceae","http://www.verspreidingsatlas.nl/0394","http://ndff-ecogrid.nl/taxonomy/taxa/daucuscarota","http://www.verspreidingsatlas.nl/thumbs/map_394.jpg","","2026-09-10"
"5176","Daucus carota 'Sativus'","","Peen 'Sativus'","Apiaceae","http://www.verspreidingsatlas.nl/5176","http://ndff-ecogrid.nl/taxonomy/taxa/daucuscarotasubspsativus","http://www.verspreidingsatlas.nl/thumbs/map_5176.jpg","","2026-09-10"
"9111","Delairea odorata","Lem.","Klimopkruiskruid","Asteraceae","http://www.verspreidingsatlas.nl/9111","http://ndff-ecogrid.nl/taxonomy/taxa/delaireaodorata","http://www.verspreidingsatlas.nl/thumbs/map_9111.jpg","","2026-09-10"
"0397","Deschampsia cespitosa","(L.) P. Beauv.","Ruwe smele","Poaceae","http://www.verspreidingsatlas.nl/0397","http://ndff-ecogrid.nl/taxonomy/taxa/deschampsiacespitosa","http://www.verspreidingsatlas.nl/thumbs/map_397.jpg","","2026-09-10"
"0399","Deschampsia setacea","(Huds.) Hack.","Moerassmele","Poaceae","http://www.verspreidingsatlas.nl/0399","http://ndff-ecogrid.nl/taxonomy/taxa/deschampsiasetacea","http://www.verspreidingsatlas.nl/thumbs/map_399.jpg","","2026-09-10"
"0400","Descurainia sophia","(L.) Webb ex Prantl","Sofiekruid","Brassicaceae","http://www.verspreidingsatlas.nl/0400","http://ndff-ecogrid.nl/taxonomy/taxa/descurainiasophia","http://www.verspreidingsatlas.nl/thumbs/map_400.jpg","","2026-09-10"
"5053","Deutzia gracilis","Siebold & Zucc.","Witte deutzia","Hydrangeaceae","http://www.verspreidingsatlas.nl/5053","http://ndff-ecogrid.nl/taxonomy/taxa/deutziagracilis","http://www.verspreidingsatlas.nl/thumbs/map_5053.jpg","","2026-09-10"
"5054","Deutzia scabra","Thunb.","Roze deutzia","Hydrangeaceae","http://www.verspreidingsatlas.nl/5054","http://ndff-ecogrid.nl/taxonomy/taxa/deutziascabra","http://www.verspreidingsatlas.nl/thumbs/map_5054.jpg","","2026-09-10"
"0402","Dianthus armeria","L.","Ruige anjer","Caryophyllaceae","http://www.verspreidingsatlas.nl/0402","http://ndff-ecogrid.nl/taxonomy/taxa/dianthusarmeria","http://www.verspreidingsatlas.nl/thumbs/map_402.jpg","","2026-09-10"
"5057","Dianthus barbatus","L.","Duizendschoon","Caryophyllaceae","http://www.verspreidingsatlas.nl/5057","http://ndff-ecogrid.nl/taxonomy/taxa/dianthusbarbatus","http://www.verspreidingsatlas.nl/thumbs/map_5057.jpg","","2026-09-10"
"0403","Dianthus carthusianorum","L.","Kartuizer anjer","Caryophyllaceae","http://www.verspreidingsatlas.nl/0403","http://ndff-ecogrid.nl/taxonomy/taxa/dianthuscarthusianorum","http://www.verspreidingsatlas.nl/thumbs/map_403.jpg","","2026-09-10"
"0404","Dianthus deltoides","L.","Steenanjer","Caryophyllaceae","http://www.verspreidingsatlas.nl/0404","http://ndff-ecogrid.nl/taxonomy/taxa/dianthusdeltoides","http://www.verspreidingsatlas.nl/thumbs/map_404.jpg","","2026-09-10"
"5692","Dianthus giganteus","D'Urv.","Hoofdjesanjer","Caryophyllaceae","http://www.verspreidingsatlas.nl/5692","http://ndff-ecogrid.nl/taxonomy/taxa/dianthusgiganteus","http://www.verspreidingsatlas.nl/thumbs/map_5692.jpg","","2026-09-10"
"0405","Dianthus superbus","L.","Prachtanjer","Caryophyllaceae","http://www.verspreidingsatlas.nl/0405","http://ndff-ecogrid.nl/taxonomy/taxa/dianthussuperbus","http://www.verspreidingsatlas.nl/thumbs/map_405.jpg","","2026-09-10"
"8200","Dicentra eximia","(Ker Gawl.) Torr.","Virginisch gebroken hartje","Papaveraceae","http://www.verspreidingsatlas.nl/8200","http://ndff-ecogrid.nl/taxonomy/taxa/dicentraeximia","http://www.verspreidingsatlas.nl/thumbs/map_8200.jpg","","2026-09-10"
"6867","Dicentra formosa","(Andrews) Walp.","Gebroken hartje","Papaveraceae","http://www.verspreidingsatlas.nl/6867","http://ndff-ecogrid.nl/taxonomy/taxa/dicentraformosa","http://www.verspreidingsatlas.nl/thumbs/map_6867.jpg","","2026-09-10"
"5357","Dicentra spectabilis","(L.) Lem.","Mariahartje","Papaveraceae","http://www.verspreidingsatlas.nl/5357","http://ndff-ecogrid.nl/taxonomy/taxa/dicentraspectabilis","http://www.verspreidingsatlas.nl/thumbs/map_5357.jpg","","2026-09-10"
"0928","Dichoropetalum carvifolia","(Vill.) Pimenov & Kljuykov","Karwijvarkenskervel","Apiaceae","http://www.verspreidingsatlas.nl/0928","http://ndff-ecogrid.nl/taxonomy/taxa/dichoropetalumcarvifolia","http://www.verspreidingsatlas.nl/thumbs/map_928.jpg","","2026-09-10"
"5487","Digitalis lutea","L.","Geel vingerhoedskruid","Plantaginaceae","http://www.verspreidingsatlas.nl/5487","http://ndff-ecogrid.nl/taxonomy/taxa/digitalislutea","http://www.verspreidingsatlas.nl/thumbs/map_5487.jpg","","2026-09-10"
"0406","Digitalis purpurea","L.","Vingerhoedskruid","Plantaginaceae","http://www.verspreidingsatlas.nl/0406","http://ndff-ecogrid.nl/taxonomy/taxa/digitalispurpurea","http://www.verspreidingsatlas.nl/thumbs/map_406.jpg","","2026-09-10"
"0407","Digitaria ischaemum","(Schreb.) Muhl.","Glad vingergras","Poaceae","http://www.verspreidingsatlas.nl/0407","http://ndff-ecogrid.nl/taxonomy/taxa/digitariaischaemum","http://www.verspreidingsatlas.nl/thumbs/map_407.jpg","","2026-09-10"
"0408","Digitaria sanguinalis","(L.) Scop.","Harig vingergras","Poaceae","http://www.verspreidingsatlas.nl/0408","http://ndff-ecogrid.nl/taxonomy/taxa/digitariasanguinalis","http://www.verspreidingsatlas.nl/thumbs/map_408.jpg","","2026-09-10"
"0776","Diphasiastrum tristachyum","(Pursh) Holub","Kleine wolfsklauw","Lycopodiaceae","http://www.verspreidingsatlas.nl/0776","http://ndff-ecogrid.nl/taxonomy/taxa/diphasiastrumtristachyum","http://www.verspreidingsatlas.nl/thumbs/map_776.jpg","","2026-09-10"
"8508","Diphasiastrum zeilleri","(Rouy) Holub","Boswolfsklauw","Lycopodiaceae","http://www.verspreidingsatlas.nl/8508","http://ndff-ecogrid.nl/taxonomy/taxa/diphasiastrumxzeilleri","http://www.verspreidingsatlas.nl/thumbs/map_8508.jpg","","2026-09-10"
"0409","Diplotaxis muralis","(L.) DC.","Kleine zandkool","Brassicaceae","http://www.verspreidingsatlas.nl/0409","http://ndff-ecogrid.nl/taxonomy/taxa/diplotaxismuralis","http://www.verspreidingsatlas.nl/thumbs/map_409.jpg","","2026-09-10"
"0410","Diplotaxis tenuifolia","(L.) DC.","Grote zandkool","Brassicaceae","http://www.verspreidingsatlas.nl/0410","http://ndff-ecogrid.nl/taxonomy/taxa/diplotaxistenuifolia","http://www.verspreidingsatlas.nl/thumbs/map_410.jpg","","2026-09-10"
"0412","Dipsacus fullonum","L.","Grote kaardenbol","Caprifoliaceae","http://www.verspreidingsatlas.nl/0412","http://ndff-ecogrid.nl/taxonomy/taxa/dipsacusfullonum","http://www.verspreidingsatlas.nl/thumbs/map_412.jpg","","2026-09-10"
"5488","Dipsacus laciniatus","L.","Slipbladkaardenbol","Caprifoliaceae","http://www.verspreidingsatlas.nl/5488","http://ndff-ecogrid.nl/taxonomy/taxa/dipsacuslaciniatus","http://www.verspreidingsatlas.nl/thumbs/map_5488.jpg","","2026-09-10"
"0411","Dipsacus pilosus","L.","Kleine kaardenbol","Caprifoliaceae","http://www.verspreidingsatlas.nl/0411","http://ndff-ecogrid.nl/taxonomy/taxa/dipsacuspilosus","http://www.verspreidingsatlas.nl/thumbs/map_411.jpg","","2026-09-10"
"6957","Dipsacus strigosus","Willd.","Slanke kaardenbol","Caprifoliaceae","http://www.verspreidingsatlas.nl/6957","http://ndff-ecogrid.nl/taxonomy/taxa/dipsacusstrigosus","http://www.verspreidingsatlas.nl/thumbs/map_6957.jpg","","2026-09-10"
"2483","Dittrichia graveolens","(L.) Greuter","Kamferalant","Asteraceae","http://www.verspreidingsatlas.nl/2483","http://ndff-ecogrid.nl/taxonomy/taxa/dittrichiagraveolens","http://www.verspreidingsatlas.nl/thumbs/map_2483.jpg","","2026-09-10"
"5400","Dittrichia viscosa","(L.) Greuter","Kleverige alant","Asteraceae","http://www.verspreidingsatlas.nl/5400","http://ndff-ecogrid.nl/taxonomy/taxa/dittrichiaviscosa","http://www.verspreidingsatlas.nl/thumbs/map_5400.jpg","","2026-09-10"
"0413","Doronicum pardalianches","L.","Hartbladzonnebloem","Asteraceae","http://www.verspreidingsatlas.nl/0413","http://ndff-ecogrid.nl/taxonomy/taxa/doronicumpardalianches","http://www.verspreidingsatlas.nl/thumbs/map_413.jpg","","2026-09-10"
"0414","Doronicum plantagineum","L.","Weegbreezonnebloem","Asteraceae","http://www.verspreidingsatlas.nl/0414","http://ndff-ecogrid.nl/taxonomy/taxa/doronicumplantagineum","http://www.verspreidingsatlas.nl/thumbs/map_414.jpg","","2026-09-10"
"0415","Draba muralis","L.","Wit hongerbloempje","Brassicaceae","http://www.verspreidingsatlas.nl/0415","http://ndff-ecogrid.nl/taxonomy/taxa/drabamuralis","http://www.verspreidingsatlas.nl/thumbs/map_415.jpg","","2026-09-10"
"0483","Draba verna","L.","Vroegeling","Brassicaceae","http://www.verspreidingsatlas.nl/0483","http://ndff-ecogrid.nl/taxonomy/taxa/drabaverna","http://www.verspreidingsatlas.nl/thumbs/map_483.jpg","","2026-09-10"
"0416","Drosera anglica","Huds.","Lange zonnedauw","Droseraceae","http://www.verspreidingsatlas.nl/0416","http://ndff-ecogrid.nl/taxonomy/taxa/droseraanglica","http://www.verspreidingsatlas.nl/thumbs/map_416.jpg","","2026-09-10"
"0417","Drosera intermedia","Hayne","Kleine zonnedauw","Droseraceae","http://www.verspreidingsatlas.nl/0417","http://ndff-ecogrid.nl/taxonomy/taxa/droseraintermedia","http://www.verspreidingsatlas.nl/thumbs/map_417.jpg","","2026-09-10"
"0418","Drosera rotundifolia","L.","Ronde zonnedauw","Droseraceae","http://www.verspreidingsatlas.nl/0418","http://ndff-ecogrid.nl/taxonomy/taxa/droserarotundifolia","http://www.verspreidingsatlas.nl/thumbs/map_418.jpg","","2026-09-10"
"8476","Drymochloa sylvatica","(Pollich) Holub","Boszwenkgras","Poaceae","http://www.verspreidingsatlas.nl/8476","http://ndff-ecogrid.nl/taxonomy/taxa/drymochloasylvatica","http://www.verspreidingsatlas.nl/thumbs/map_8476.jpg","","2026-09-10"
"1607","Dryopteris affinis","(Lowe) Fraser-Jenk.","Geschubde mannetjesvaren","Dryopteridaceae","http://www.verspreidingsatlas.nl/1607","http://ndff-ecogrid.nl/taxonomy/taxa/dryopterisaffinis","http://www.verspreidingsatlas.nl/thumbs/map_1607.jpg","","2026-09-10"
"1613","Dryopteris affinis subsp. borreri","(Newman) Fraser-Jenk.","Geschubde mannetjesvaren (subsp. borreri)","Dryopteridaceae","http://www.verspreidingsatlas.nl/1613","http://ndff-ecogrid.nl/taxonomy/taxa/dryopterisaffinisborreri","http://www.verspreidingsatlas.nl/thumbs/map_1613.jpg","","2026-09-10"
"0426","Dryopteris carthusiana","(Vill.) H.P. Fuchs","Smalle stekelvaren","Dryopteridaceae","http://www.verspreidingsatlas.nl/0426","http://ndff-ecogrid.nl/taxonomy/taxa/dryopteriscarthusiana","http://www.verspreidingsatlas.nl/thumbs/map_426.jpg","","2026-09-10"
"0420","Dryopteris cristata","(L.) A. Gray","Kamvaren","Dryopteridaceae","http://www.verspreidingsatlas.nl/0420","http://ndff-ecogrid.nl/taxonomy/taxa/dryopteriscristata","http://www.verspreidingsatlas.nl/thumbs/map_420.jpg","","2026-09-10"
"0419","Dryopteris dilatata","(Hoffm.) A. Gray","Brede stekelvaren","Dryopteridaceae","http://www.verspreidingsatlas.nl/0419","http://ndff-ecogrid.nl/taxonomy/taxa/dryopterisdilatata","http://www.verspreidingsatlas.nl/thumbs/map_419.jpg","","2026-09-10"
"0421","Dryopteris filix-mas","(L.) Schott","Mannetjesvaren","Dryopteridaceae","http://www.verspreidingsatlas.nl/0421","http://ndff-ecogrid.nl/taxonomy/taxa/dryopterisfilixmas","http://www.verspreidingsatlas.nl/thumbs/map_421.jpg","","2026-09-10"
"2477","Dysphania ambrosioides","(L.) Mosyakin & Clemants","Welriekende ganzenvoet","Amaranthaceae","http://www.verspreidingsatlas.nl/2477","http://ndff-ecogrid.nl/taxonomy/taxa/dysphaniaambrosioides","http://www.verspreidingsatlas.nl/thumbs/map_2477.jpg","","2026-09-10"
"5174","Dysphania botrys","(L.) Mosyakin & Clemants","Druifkruid","Amaranthaceae","http://www.verspreidingsatlas.nl/5174","http://ndff-ecogrid.nl/taxonomy/taxa/dysphaniabotrys","http://www.verspreidingsatlas.nl/thumbs/map_5174.jpg","","2026-09-10"
"8057","Dysphania carinata","(R.Br.) Mosyakin & Clemants","","Amaranthaceae","http://www.verspreidingsatlas.nl/8057","http://ndff-ecogrid.nl/taxonomy/taxa/dysphaniacarinata","http://www.verspreidingsatlas.nl/thumbs/map_8057.jpg","","2026-09-10"
"2456","Dysphania pumilio","(R. Br.) Mosyakin & Clemants","Liggende ganzenvoet","Amaranthaceae","http://www.verspreidingsatlas.nl/2456","http://ndff-ecogrid.nl/taxonomy/taxa/dysphaniapumilio","http://www.verspreidingsatlas.nl/thumbs/map_2456.jpg","","2026-09-10"
"5393","Dysphania schraderiana","(Schult.) Mosyakin & Clemants","Gekield druifkruid","Amaranthaceae","http://www.verspreidingsatlas.nl/5393","http://ndff-ecogrid.nl/taxonomy/taxa/dysphaniaschraderiana","http://www.verspreidingsatlas.nl/thumbs/map_5393.jpg","","2026-09-10"
"8210","Echinochloa colona","(L.) Link","","Poaceae","http://www.verspreidingsatlas.nl/8210","http://ndff-ecogrid.nl/taxonomy/taxa/echinochloacolona","http://www.verspreidingsatlas.nl/thumbs/map_8210.jpg","","2026-09-10"
"0428","Echinochloa crus-galli","(L.) P. Beauv.","Europese hanenpoot","Poaceae","http://www.verspreidingsatlas.nl/0428","http://ndff-ecogrid.nl/taxonomy/taxa/echinochloacrusgalli","http://www.verspreidingsatlas.nl/thumbs/map_428.jpg","","2026-09-10"
"1683","Echinochloa frumentacea","Link","","Poaceae","http://www.verspreidingsatlas.nl/1683","http://ndff-ecogrid.nl/taxonomy/taxa/echinochloafrumentacea","http://www.verspreidingsatlas.nl/thumbs/map_1683.jpg","","2026-09-10"
"5474","Echinochloa muricata","(P. Beauv.) Fernald","Stekelige hanenpoot","Poaceae","http://www.verspreidingsatlas.nl/5474","http://ndff-ecogrid.nl/taxonomy/taxa/echinochloamuricata","http://www.verspreidingsatlas.nl/thumbs/map_5474.jpg","","2026-09-10"
"5058","Echinops exaltatus","Schrad.","Stekelige kogeldistel","Asteraceae","http://www.verspreidingsatlas.nl/5058","http://ndff-ecogrid.nl/taxonomy/taxa/echinopsexaltatus","http://www.verspreidingsatlas.nl/thumbs/map_5058.jpg","","2026-09-10"
"1761","Echinops sphaerocephalus","L.","Beklierde kogeldistel","Asteraceae","http://www.verspreidingsatlas.nl/1761","http://ndff-ecogrid.nl/taxonomy/taxa/echinopssphaerocephalus","http://www.verspreidingsatlas.nl/thumbs/map_1761.jpg","","2026-09-10"
"8213","Echium plantagineum","L.","Weegbreeslangenkruid","Boraginaceae","http://www.verspreidingsatlas.nl/8213","http://ndff-ecogrid.nl/taxonomy/taxa/echiumplantagineum","http://www.verspreidingsatlas.nl/thumbs/map_8213.jpg","","2026-09-10"
"0431","Echium vulgare","L.","Slangenkruid","Boraginaceae","http://www.verspreidingsatlas.nl/0431","http://ndff-ecogrid.nl/taxonomy/taxa/echiumvulgare","http://www.verspreidingsatlas.nl/thumbs/map_431.jpg","","2026-09-10"
"5059","Egeria densa","Planch.","Egeria","Hydrocharitaceae","http://www.verspreidingsatlas.nl/5059","http://ndff-ecogrid.nl/taxonomy/taxa/egeriadensa","http://www.verspreidingsatlas.nl/thumbs/map_5059.jpg","","2026-09-10"
"6871","Ehrharta erecta","Lam.","Rimpelgras","Poaceae","http://www.verspreidingsatlas.nl/6871","http://ndff-ecogrid.nl/taxonomy/taxa/ehrhartaerecta","http://www.verspreidingsatlas.nl/thumbs/map_6871.jpg","","2026-09-10"
"5532","Eichhornia crassipes","(Mart.) Solms","Waterhyacint","Pontederiaceae","http://www.verspreidingsatlas.nl/5532","http://ndff-ecogrid.nl/taxonomy/taxa/eichhorniacrassipes","http://www.verspreidingsatlas.nl/thumbs/map_5532.jpg","","2026-09-10"
"2325","Elaeagnus angustifolia","L.","Smalle olijfwilg","Elaeagnaceae","http://www.verspreidingsatlas.nl/2325","http://ndff-ecogrid.nl/taxonomy/taxa/elaeagnusangustifolia","http://www.verspreidingsatlas.nl/thumbs/map_2325.jpg","","2026-09-10"
"5060","Elaeagnus commutata","Bernh. ex Rydb.","Zilverwilg","Elaeagnaceae","http://www.verspreidingsatlas.nl/5060","http://ndff-ecogrid.nl/taxonomy/taxa/elaeagnuscommutata","http://www.verspreidingsatlas.nl/thumbs/map_5060.jpg","","2026-09-10"
"5061","Elaeagnus multiflora","Thunb.","Langstelige olijfwilg","Elaeagnaceae","http://www.verspreidingsatlas.nl/5061","http://ndff-ecogrid.nl/taxonomy/taxa/elaeagnusmultiflora","http://www.verspreidingsatlas.nl/thumbs/map_5061.jpg","","2026-09-10"
"6962","Elaeagnus umbellata","Thunb.","Schermolijfwilg","Elaeagnaceae","http://www.verspreidingsatlas.nl/6962","http://ndff-ecogrid.nl/taxonomy/taxa/elaeagnusumbellata","http://www.verspreidingsatlas.nl/thumbs/map_6962.jpg","","2026-09-10"
"0432","Elatine hexandra","(Lapierre) DC.","Gesteeld glaskroos","Elatinaceae","http://www.verspreidingsatlas.nl/0432","http://ndff-ecogrid.nl/taxonomy/taxa/elatinehexandra","http://www.verspreidingsatlas.nl/thumbs/map_432.jpg","","2026-09-10"
"0433","Elatine hydropiper","L.","Klein glaskroos","Elatinaceae","http://www.verspreidingsatlas.nl/0433","http://ndff-ecogrid.nl/taxonomy/taxa/elatinehydropiper","http://www.verspreidingsatlas.nl/thumbs/map_433.jpg","","2026-09-10"
"0434","Elatine triandra","Schkuhr","Drietallig glaskroos","Elatinaceae","http://www.verspreidingsatlas.nl/0434","http://ndff-ecogrid.nl/taxonomy/taxa/elatinetriandra","http://www.verspreidingsatlas.nl/thumbs/map_434.jpg","","2026-09-10"
"0435","Eleocharis acicularis","(L.) Roem. & Schult.","Naaldwaterbies","Cyperaceae","http://www.verspreidingsatlas.nl/0435","http://ndff-ecogrid.nl/taxonomy/taxa/eleocharisacicularis","http://www.verspreidingsatlas.nl/thumbs/map_435.jpg","","2026-09-10"
"8479","Eleocharis engelmannii","Steud.","Kale waterbies","Cyperaceae","http://www.verspreidingsatlas.nl/8479","http://ndff-ecogrid.nl/taxonomy/taxa/eleocharisengelmannii","http://www.verspreidingsatlas.nl/thumbs/map_8479.jpg","","2026-09-10"
"0436","Eleocharis multicaulis","(Sm.) Sm.","Veelstengelige waterbies","Cyperaceae","http://www.verspreidingsatlas.nl/0436","http://ndff-ecogrid.nl/taxonomy/taxa/eleocharismulticaulis","http://www.verspreidingsatlas.nl/thumbs/map_436.jpg","","2026-09-10"
"8480","Eleocharis obtusa","(Willd.) Schult.","Stompe waterbies","Cyperaceae","http://www.verspreidingsatlas.nl/8480","http://ndff-ecogrid.nl/taxonomy/taxa/eleocharisobtusa","http://www.verspreidingsatlas.nl/thumbs/map_8480.jpg","","2026-09-10"
"0439","Eleocharis ovata","(Roth) Roem. & Schult.","Eivormige waterbies","Cyperaceae","http://www.verspreidingsatlas.nl/0439","http://ndff-ecogrid.nl/taxonomy/taxa/eleocharisovata","http://www.verspreidingsatlas.nl/thumbs/map_439.jpg","","2026-09-10"
"0437","Eleocharis palustris","(L.) Roem. & Schult.","Gewone waterbies","Cyperaceae","http://www.verspreidingsatlas.nl/0437","http://ndff-ecogrid.nl/taxonomy/taxa/eleocharispalustris","http://www.verspreidingsatlas.nl/thumbs/map_437.jpg","","2026-09-10"
"0438","Eleocharis quinqueflora","(Hartmann) O. Schwarz","Armbloemige waterbies","Cyperaceae","http://www.verspreidingsatlas.nl/0438","http://ndff-ecogrid.nl/taxonomy/taxa/eleocharisquinqueflora","http://www.verspreidingsatlas.nl/thumbs/map_438.jpg","","2026-09-10"
"0440","Eleocharis uniglumis","(Link) Schult.","Slanke waterbies","Cyperaceae","http://www.verspreidingsatlas.nl/0440","http://ndff-ecogrid.nl/taxonomy/taxa/eleocharisuniglumis","http://www.verspreidingsatlas.nl/thumbs/map_440.jpg","","2026-09-10"
"1684","Eleusine indica","(L.) Gaertn.","Plat handjesgras","Poaceae","http://www.verspreidingsatlas.nl/1684","http://ndff-ecogrid.nl/taxonomy/taxa/eleusineindica","http://www.verspreidingsatlas.nl/thumbs/map_1684.jpg","","2026-09-10"
"0441","Elodea canadensis","Michx.","Brede waterpest","Hydrocharitaceae","http://www.verspreidingsatlas.nl/0441","http://ndff-ecogrid.nl/taxonomy/taxa/elodeacanadensis","http://www.verspreidingsatlas.nl/thumbs/map_441.jpg","","2026-09-10"
"0442","Elodea nuttallii","(Planch.) H. St. John","Smalle waterpest","Hydrocharitaceae","http://www.verspreidingsatlas.nl/0442","http://ndff-ecogrid.nl/taxonomy/taxa/elodeanuttallii","http://www.verspreidingsatlas.nl/thumbs/map_442.jpg","","2026-09-10"
"10461","Elymus arenosus","(Spenn.) Conert","Mainzerkweek","Poaceae","http://www.verspreidingsatlas.nl/10461","http://ndff-ecogrid.nl/taxonomy/taxa/elymusarenosus","http://www.verspreidingsatlas.nl/thumbs/map_10461.jpg","","2026-09-10"
"0445","Elymus athericus","(Link) Kerguélen","Zeekweek","Poaceae","http://www.verspreidingsatlas.nl/0445","http://ndff-ecogrid.nl/taxonomy/taxa/elymusathericus","http://www.verspreidingsatlas.nl/thumbs/map_445.jpg","","2026-09-10"
"10462","Elymus campestris","(Godr. & Gren.) Kerguélen","Veldkweek","Poaceae","http://www.verspreidingsatlas.nl/10462","http://ndff-ecogrid.nl/taxonomy/taxa/elymuscampestris","http://www.verspreidingsatlas.nl/thumbs/map_10462.jpg","","2026-09-10"
"1073","Elymus caninus","(L.) L.","Hondstarwegras","Poaceae","http://www.verspreidingsatlas.nl/1073","http://ndff-ecogrid.nl/taxonomy/taxa/elymuscaninus","http://www.verspreidingsatlas.nl/thumbs/map_1073.jpg","","2026-09-10"
"0444","Elymus farctus subsp. boreoatlanticus","(Simonet & Guinochet) Melderis","Biestarwegras","Poaceae","http://www.verspreidingsatlas.nl/0444","http://ndff-ecogrid.nl/taxonomy/taxa/elymusfarctussubspboreoatlanticus","http://www.verspreidingsatlas.nl/thumbs/map_444.jpg","","2026-09-10"
"0446","Elymus repens","(L.) Gould","Kweek","Poaceae","http://www.verspreidingsatlas.nl/0446","http://ndff-ecogrid.nl/taxonomy/taxa/elymusrepens","http://www.verspreidingsatlas.nl/thumbs/map_446.jpg","","2026-09-10"
"1566","Elymus x obtusiusculus","(Lange) Melderis & D.C. McClint.","Basterdkweek","Poaceae","http://www.verspreidingsatlas.nl/1566","http://ndff-ecogrid.nl/taxonomy/taxa/elymusxobtusiusculus","http://www.verspreidingsatlas.nl/thumbs/map_1566.jpg","","2026-09-10"
"0447","Empetrum nigrum","L.","Kraaihei","Ericaceae","http://www.verspreidingsatlas.nl/0447","http://ndff-ecogrid.nl/taxonomy/taxa/empetrumnigrum","http://www.verspreidingsatlas.nl/thumbs/map_447.jpg","","2026-09-10"
"0448","Epilobium ciliatum","Raf.","Beklierde basterdwederik","Onagraceae","http://www.verspreidingsatlas.nl/0448","http://ndff-ecogrid.nl/taxonomy/taxa/epilobiumciliatum","http://www.verspreidingsatlas.nl/thumbs/map_448.jpg","","2026-09-10"
"0451","Epilobium hirsutum","L.","Harig wilgenroosje","Onagraceae","http://www.verspreidingsatlas.nl/0451","http://ndff-ecogrid.nl/taxonomy/taxa/epilobiumhirsutum","http://www.verspreidingsatlas.nl/thumbs/map_451.jpg","","2026-09-10"
"5062","Epilobium komarovianum","H. Lév.","Kruipende basterdwederik","Onagraceae","http://www.verspreidingsatlas.nl/5062","http://ndff-ecogrid.nl/taxonomy/taxa/epilobiumkomarovianum","http://www.verspreidingsatlas.nl/thumbs/map_5062.jpg","","2026-09-10"
"0453","Epilobium lanceolatum","Seb. & Mauri","Lancetbladige basterdwederik","Onagraceae","http://www.verspreidingsatlas.nl/0453","http://ndff-ecogrid.nl/taxonomy/taxa/epilobiumlanceolatum","http://www.verspreidingsatlas.nl/thumbs/map_453.jpg","","2026-09-10"
"0454","Epilobium montanum","L.","Bergbasterdwederik","Onagraceae","http://www.verspreidingsatlas.nl/0454","http://ndff-ecogrid.nl/taxonomy/taxa/epilobiummontanum","http://www.verspreidingsatlas.nl/thumbs/map_454.jpg","","2026-09-10"
"0455","Epilobium obscurum","Schreb.","Donkergroene basterdwederik","Onagraceae","http://www.verspreidingsatlas.nl/0455","http://ndff-ecogrid.nl/taxonomy/taxa/epilobiumobscurum","http://www.verspreidingsatlas.nl/thumbs/map_455.jpg","","2026-09-10"
"0456","Epilobium palustre","L.","Moerasbasterdwederik","Onagraceae","http://www.verspreidingsatlas.nl/0456","http://ndff-ecogrid.nl/taxonomy/taxa/epilobiumpalustre","http://www.verspreidingsatlas.nl/thumbs/map_456.jpg","","2026-09-10"
"0457","Epilobium parviflorum","Schreb.","Viltige basterdwederik","Onagraceae","http://www.verspreidingsatlas.nl/0457","http://ndff-ecogrid.nl/taxonomy/taxa/epilobiumparviflorum","http://www.verspreidingsatlas.nl/thumbs/map_457.jpg","","2026-09-10"
"0458","Epilobium roseum","Schreb.","Bleke basterdwederik","Onagraceae","http://www.verspreidingsatlas.nl/0458","http://ndff-ecogrid.nl/taxonomy/taxa/epilobiumroseum","http://www.verspreidingsatlas.nl/thumbs/map_458.jpg","","2026-09-10"
"1642","Epilobium tetragonum","L.","Kantige basterdwederik","Onagraceae","http://www.verspreidingsatlas.nl/1642","http://ndff-ecogrid.nl/taxonomy/taxa/epilobiumtetragonum","http://www.verspreidingsatlas.nl/thumbs/map_1642.jpg","","2026-09-10"
"5063","Epimedium alpinum","L.","Epimedium","Berberidaceae","http://www.verspreidingsatlas.nl/5063","http://ndff-ecogrid.nl/taxonomy/taxa/epimediumalpinum","http://www.verspreidingsatlas.nl/thumbs/map_5063.jpg","","2026-09-10"
"0459","Epipactis atrorubens","(Hoffm. ex Bernh.) Besser","Bruinrode wespenorchis","Orchidaceae","http://www.verspreidingsatlas.nl/0459","http://ndff-ecogrid.nl/taxonomy/taxa/epipactisatrorubens","http://www.verspreidingsatlas.nl/thumbs/map_459.jpg","","2026-09-10"
"5490","Epipactis helleborine subsp. helleborine","","Brede wespenorchis","Orchidaceae","http://www.verspreidingsatlas.nl/5490","http://ndff-ecogrid.nl/taxonomy/taxa/epipactishelleborinesubsphelleborine","http://www.verspreidingsatlas.nl/thumbs/map_5490.jpg","","2026-09-10"
"5491","Epipactis helleborine subsp. neerlandica","(Verm.) Buttler","Duinwespenorchis","Orchidaceae","http://www.verspreidingsatlas.nl/5491","http://ndff-ecogrid.nl/taxonomy/taxa/epipactishelleborinesubspneerlandica","http://www.verspreidingsatlas.nl/thumbs/map_5491.jpg","","2026-09-10"
"1423","Epipactis muelleri","Godfery","Geelgroene wespenorchis","Orchidaceae","http://www.verspreidingsatlas.nl/1423","http://ndff-ecogrid.nl/taxonomy/taxa/epipactismuelleri","http://www.verspreidingsatlas.nl/thumbs/map_1423.jpg","","2026-09-10"
"0461","Epipactis palustris","(L.) Crantz","Moeraswespenorchis","Orchidaceae","http://www.verspreidingsatlas.nl/0461","http://ndff-ecogrid.nl/taxonomy/taxa/epipactispalustris","http://www.verspreidingsatlas.nl/thumbs/map_461.jpg","","2026-09-10"
"0462","Equisetum arvense","L.","Heermoes","Equisetaceae","http://www.verspreidingsatlas.nl/0462","http://ndff-ecogrid.nl/taxonomy/taxa/equisetumarvense","http://www.verspreidingsatlas.nl/thumbs/map_462.jpg","","2026-09-10"
"0463","Equisetum fluviatile","L.","Holpijp","Equisetaceae","http://www.verspreidingsatlas.nl/0463","http://ndff-ecogrid.nl/taxonomy/taxa/equisetumfluviatile","http://www.verspreidingsatlas.nl/thumbs/map_463.jpg","","2026-09-10"
"2420","Equisetum hyemale","L.","Schaafstro","Equisetaceae","http://www.verspreidingsatlas.nl/2420","http://ndff-ecogrid.nl/taxonomy/taxa/equisetumhyemale","http://www.verspreidingsatlas.nl/thumbs/map_2420.jpg","","2026-09-10"
"0466","Equisetum palustre","L.","Lidrus","Equisetaceae","http://www.verspreidingsatlas.nl/0466","http://ndff-ecogrid.nl/taxonomy/taxa/equisetumpalustre","http://www.verspreidingsatlas.nl/thumbs/map_466.jpg","","2026-09-10"
"0467","Equisetum ramosissimum","Desf.","Vertakte paardenstaart","Equisetaceae","http://www.verspreidingsatlas.nl/0467","http://ndff-ecogrid.nl/taxonomy/taxa/equisetumramosissimum","http://www.verspreidingsatlas.nl/thumbs/map_467.jpg","","2026-09-10"
"0468","Equisetum sylvaticum","L.","Bospaardenstaart","Equisetaceae","http://www.verspreidingsatlas.nl/0468","http://ndff-ecogrid.nl/taxonomy/taxa/equisetumsylvaticum","http://www.verspreidingsatlas.nl/thumbs/map_468.jpg","","2026-09-10"
"0469","Equisetum telmateia","Ehrh.","Reuzenpaardenstaart","Equisetaceae","http://www.verspreidingsatlas.nl/0469","http://ndff-ecogrid.nl/taxonomy/taxa/equisetumtelmateia","http://www.verspreidingsatlas.nl/thumbs/map_469.jpg","","2026-09-10"
"0471","Equisetum variegatum","Schleich. ex F. Weber & D. Mohr","Bonte paardenstaart","Equisetaceae","http://www.verspreidingsatlas.nl/0471","http://ndff-ecogrid.nl/taxonomy/taxa/equisetumvariegatum","http://www.verspreidingsatlas.nl/thumbs/map_471.jpg","","2026-09-10"
"0465","Equisetum x litorale","Ruprecht","Basterdpaardenstaart","Equisetaceae","http://www.verspreidingsatlas.nl/0465","http://ndff-ecogrid.nl/taxonomy/taxa/equisetumxlitorale","http://www.verspreidingsatlas.nl/thumbs/map_465.jpg","","2026-09-10"
"10596","Equisetum x meridionale","(Milde) Chiov.","Bonte x Vertakte paardenstaart","Equisetaceae","http://www.verspreidingsatlas.nl/10596","http://ndff-ecogrid.nl/taxonomy/taxa/equisetumxmeridionale","http://www.verspreidingsatlas.nl/thumbs/map_10596.jpg","","2026-09-10"
"2424","Equisetum x moorei","Newman","Vertakt schaafstro","Equisetaceae","http://www.verspreidingsatlas.nl/2424","http://ndff-ecogrid.nl/taxonomy/taxa/equisetumxmoorei","http://www.verspreidingsatlas.nl/thumbs/map_2424.jpg","","2026-09-10"
"0470","Equisetum x trachyodon","(A. Braun) Koch","Ruwe paardenstaart","Equisetaceae","http://www.verspreidingsatlas.nl/0470","http://ndff-ecogrid.nl/taxonomy/taxa/equisetumxtrachyodon","http://www.verspreidingsatlas.nl/thumbs/map_470.jpg","","2026-09-10"
"10463","Eragrostis albensis","H.Scholz","Elbe-liefdegras","Poaceae","http://www.verspreidingsatlas.nl/10463","http://ndff-ecogrid.nl/taxonomy/taxa/eragrostisalbensis","http://www.verspreidingsatlas.nl/thumbs/map_10463.jpg","","2026-09-10"
"8008","Eragrostis curvula","(Schrad.) Nees","Zuid-Afrikaans liefdegras","Poaceae","http://www.verspreidingsatlas.nl/8008","http://ndff-ecogrid.nl/taxonomy/taxa/eragrostiscurvula","http://www.verspreidingsatlas.nl/thumbs/map_8008.jpg","","2026-09-10"
"6964","Eragrostis mexicana subsp. mexicana","","Mexicaans liefdegras","Poaceae","http://www.verspreidingsatlas.nl/6964","http://ndff-ecogrid.nl/taxonomy/taxa/eragrostismexicanasubspmexicana","http://www.verspreidingsatlas.nl/thumbs/map_6964.jpg","","2026-09-10"
"1685","Eragrostis minor","Host","Klein liefdegras","Poaceae","http://www.verspreidingsatlas.nl/1685","http://ndff-ecogrid.nl/taxonomy/taxa/eragrostisminor","http://www.verspreidingsatlas.nl/thumbs/map_1685.jpg","","2026-09-10"
"1762","Eragrostis multicaulis","Steud.","Stijf straatliefdegras","Poaceae","http://www.verspreidingsatlas.nl/1762","http://ndff-ecogrid.nl/taxonomy/taxa/eragrostismulticaulis","http://www.verspreidingsatlas.nl/thumbs/map_1762.jpg","","2026-09-10"
"5476","Eragrostis tef","(Zuccagni) Trotter","Tef","Poaceae","http://www.verspreidingsatlas.nl/5476","http://ndff-ecogrid.nl/taxonomy/taxa/eragrostistef","http://www.verspreidingsatlas.nl/thumbs/map_5476.jpg","","2026-09-10"
"8216","Eranthis cilicica","Schott & Kotschy","Fijngekraagde winterakoniet","Ranunculaceae","http://www.verspreidingsatlas.nl/8216","http://ndff-ecogrid.nl/taxonomy/taxa/eranthiscilicica","http://www.verspreidingsatlas.nl/thumbs/map_8216.jpg","","2026-09-10"
"1858","Eranthis hyemalis","(L.) Salisb.","Winterakoniet","Ranunculaceae","http://www.verspreidingsatlas.nl/1858","http://ndff-ecogrid.nl/taxonomy/taxa/eranthishyemalis","http://www.verspreidingsatlas.nl/thumbs/map_1858.jpg","","2026-09-10"
"0472","Erica cinerea","L.","Rode dophei","Ericaceae","http://www.verspreidingsatlas.nl/0472","http://ndff-ecogrid.nl/taxonomy/taxa/ericacinerea","http://www.verspreidingsatlas.nl/thumbs/map_472.jpg","","2026-09-10"
"1431","Erica scoparia","L.","Bezemdophei","Ericaceae","http://www.verspreidingsatlas.nl/1431","http://ndff-ecogrid.nl/taxonomy/taxa/ericascoparia","http://www.verspreidingsatlas.nl/thumbs/map_1431.jpg","","2026-09-10"
"0473","Erica tetralix","L.","Gewone dophei","Ericaceae","http://www.verspreidingsatlas.nl/0473","http://ndff-ecogrid.nl/taxonomy/taxa/ericatetralix","http://www.verspreidingsatlas.nl/thumbs/map_473.jpg","","2026-09-10"
"8032","Erica vagans","L.","Zwerfhei","Ericaceae","http://www.verspreidingsatlas.nl/8032","http://ndff-ecogrid.nl/taxonomy/taxa/ericavagans","http://www.verspreidingsatlas.nl/thumbs/map_8032.jpg","","2026-09-10"
"0474","Erigeron acris","L.","Scherpe fijnstraal","Asteraceae","http://www.verspreidingsatlas.nl/0474","http://ndff-ecogrid.nl/taxonomy/taxa/erigeronacris","http://www.verspreidingsatlas.nl/thumbs/map_474.jpg","","2026-09-10"
"1720","Erigeron annuus","(L.) Pers.","Zomerfijnstraal","Asteraceae","http://www.verspreidingsatlas.nl/1720","http://ndff-ecogrid.nl/taxonomy/taxa/erigeronannuus","http://www.verspreidingsatlas.nl/thumbs/map_1720.jpg","","2026-09-10"
"5327","Erigeron bonariensis","L.","Gevlamde fijnstraal","Asteraceae","http://www.verspreidingsatlas.nl/5327","http://ndff-ecogrid.nl/taxonomy/taxa/erigeronbonariensis","http://www.verspreidingsatlas.nl/thumbs/map_5327.jpg","","2026-09-10"
"0475","Erigeron canadensis","L.","Canadese fijnstraal","Asteraceae","http://www.verspreidingsatlas.nl/0475","http://ndff-ecogrid.nl/taxonomy/taxa/erigeroncanadensis","http://www.verspreidingsatlas.nl/thumbs/map_475.jpg","","2026-09-10"
"5395","Erigeron floribundus","(Kunth) Sch.Bip.","Ruige fijnstraal","Asteraceae","http://www.verspreidingsatlas.nl/5395","http://ndff-ecogrid.nl/taxonomy/taxa/erigeronfloribundus","http://www.verspreidingsatlas.nl/thumbs/map_5395.jpg","","2026-09-10"
"2485","Erigeron karvinskianus","DC.","Muurfijnstraal","Asteraceae","http://www.verspreidingsatlas.nl/2485","http://ndff-ecogrid.nl/taxonomy/taxa/erigeronkarvinskianus","http://www.verspreidingsatlas.nl/thumbs/map_2485.jpg","","2026-09-10"
"5328","Erigeron sumatrensis","Retz.","Hoge fijnstraal","Asteraceae","http://www.verspreidingsatlas.nl/5328","http://ndff-ecogrid.nl/taxonomy/taxa/erigeronsumatrensis","http://www.verspreidingsatlas.nl/thumbs/map_5328.jpg","","2026-09-10"
"0476","Eriophorum angustifolium","Honck.","Veenpluis","Cyperaceae","http://www.verspreidingsatlas.nl/0476","http://ndff-ecogrid.nl/taxonomy/taxa/eriophorumangustifolium","http://www.verspreidingsatlas.nl/thumbs/map_476.jpg","","2026-09-10"
"0477","Eriophorum gracile","W.D.J. Koch ex Roth","Slank wollegras","Cyperaceae","http://www.verspreidingsatlas.nl/0477","http://ndff-ecogrid.nl/taxonomy/taxa/eriophorumgracile","http://www.verspreidingsatlas.nl/thumbs/map_477.jpg","","2026-09-10"
"0478","Eriophorum latifolium","Hoppe","Breed wollegras","Cyperaceae","http://www.verspreidingsatlas.nl/0478","http://ndff-ecogrid.nl/taxonomy/taxa/eriophorumlatifolium","http://www.verspreidingsatlas.nl/thumbs/map_478.jpg","","2026-09-10"
"0479","Eriophorum vaginatum","L.","Eenarig wollegras","Cyperaceae","http://www.verspreidingsatlas.nl/0479","http://ndff-ecogrid.nl/taxonomy/taxa/eriophorumvaginatum","http://www.verspreidingsatlas.nl/thumbs/map_479.jpg","","2026-09-10"
"1917","Erodium cicutarium","(L.) L'Hér. ex Aiton","Reigersbek","Geraniaceae","http://www.verspreidingsatlas.nl/1917","http://ndff-ecogrid.nl/taxonomy/taxa/erodiumcicutarium","http://www.verspreidingsatlas.nl/thumbs/map_1917.jpg","","2026-09-10"
"0481","Erodium lebelii","Jord.","Kleverige reigersbek","Geraniaceae","http://www.verspreidingsatlas.nl/0481","http://ndff-ecogrid.nl/taxonomy/taxa/erodiumlebelii","http://www.verspreidingsatlas.nl/thumbs/map_481.jpg","","2026-09-10"
"1686","Erodium moschatum","(L.) L'Hér.","Muskusreigersbek","Geraniaceae","http://www.verspreidingsatlas.nl/1686","http://ndff-ecogrid.nl/taxonomy/taxa/erodiummoschatum","http://www.verspreidingsatlas.nl/thumbs/map_1686.jpg","","2026-09-10"
"5066","Erodium x anaristatum","Andreas","Loze reigersbek","Geraniaceae","http://www.verspreidingsatlas.nl/5066","http://ndff-ecogrid.nl/taxonomy/taxa/erodiumxanaristatum","http://www.verspreidingsatlas.nl/thumbs/map_5066.jpg","","2026-09-10"
"1687","Eruca vesicaria","(L.) Cav.","Zwaardherik","Brassicaceae","http://www.verspreidingsatlas.nl/1687","http://ndff-ecogrid.nl/taxonomy/taxa/erucavesicaria","http://www.verspreidingsatlas.nl/thumbs/map_1687.jpg","","2026-09-10"
"0484","Erucastrum gallicum","(Willd.) O.E. Schulz","Schijnraket","Brassicaceae","http://www.verspreidingsatlas.nl/0484","http://ndff-ecogrid.nl/taxonomy/taxa/erucastrumgallicum","http://www.verspreidingsatlas.nl/thumbs/map_484.jpg","","2026-09-10"
"1214","Erucastrum supinum","(L.) Al-Shehbaz & S.I. Warwick","Liggende raket","Brassicaceae","http://www.verspreidingsatlas.nl/1214","http://ndff-ecogrid.nl/taxonomy/taxa/erucastrumsupinum","http://www.verspreidingsatlas.nl/thumbs/map_1214.jpg","","2026-09-10"
"0485","Eryngium campestre","L.","Kruisdistel","Apiaceae","http://www.verspreidingsatlas.nl/0485","http://ndff-ecogrid.nl/taxonomy/taxa/eryngiumcampestre","http://www.verspreidingsatlas.nl/thumbs/map_485.jpg","","2026-09-10"
"0486","Eryngium maritimum","L.","Blauwe zeedistel","Apiaceae","http://www.verspreidingsatlas.nl/0486","http://ndff-ecogrid.nl/taxonomy/taxa/eryngiummaritimum","http://www.verspreidingsatlas.nl/thumbs/map_486.jpg","","2026-09-10"
"5359","Eryngium planum","L.","Vlakke kruisdistel","Apiaceae","http://www.verspreidingsatlas.nl/5359","http://ndff-ecogrid.nl/taxonomy/taxa/eryngiumplanum","http://www.verspreidingsatlas.nl/thumbs/map_5359.jpg","","2026-09-10"
"0487","Erysimum cheiranthoides","L.","Gewone steenraket","Brassicaceae","http://www.verspreidingsatlas.nl/0487","http://ndff-ecogrid.nl/taxonomy/taxa/erysimumcheiranthoides","http://www.verspreidingsatlas.nl/thumbs/map_487.jpg","","2026-09-10"
"0304","Erysimum cheiri","(L.) Crantz","Muurbloem","Brassicaceae","http://www.verspreidingsatlas.nl/0304","http://ndff-ecogrid.nl/taxonomy/taxa/erysimumcheiri","http://www.verspreidingsatlas.nl/thumbs/map_304.jpg","","2026-09-10"
"1688","Erysimum repandum","L.","Uitgespreide steenraket","Brassicaceae","http://www.verspreidingsatlas.nl/1688","http://ndff-ecogrid.nl/taxonomy/taxa/erysimumrepandum","http://www.verspreidingsatlas.nl/thumbs/map_1688.jpg","","2026-09-10"
"0488","Erysimum virgatum","Roth","Stijve steenraket","Brassicaceae","http://www.verspreidingsatlas.nl/0488","http://ndff-ecogrid.nl/taxonomy/taxa/erysimumvirgatum","http://www.verspreidingsatlas.nl/thumbs/map_488.jpg","","2026-09-10"
"5492","Erysimum x marshallii","(Henfr.) Bois","Siberische muurbloem","Brassicaceae","http://www.verspreidingsatlas.nl/5492","http://ndff-ecogrid.nl/taxonomy/taxa/erysimumxmarshallii","http://www.verspreidingsatlas.nl/thumbs/map_5492.jpg","","2026-09-10"
"5068","Eschscholzia californica","Cham.","Slaapmutsje","Papaveraceae","http://www.verspreidingsatlas.nl/5068","http://ndff-ecogrid.nl/taxonomy/taxa/eschscholziacalifornica","http://www.verspreidingsatlas.nl/thumbs/map_5068.jpg","","2026-09-10"
"0489","Euonymus europaeus","L.","Wilde kardinaalsmuts","Celastraceae","http://www.verspreidingsatlas.nl/0489","http://ndff-ecogrid.nl/taxonomy/taxa/euonymuseuropaeus","http://www.verspreidingsatlas.nl/thumbs/map_489.jpg","","2026-09-10"
"0490","Eupatorium cannabinum","L.","Koninginnekruid","Asteraceae","http://www.verspreidingsatlas.nl/0490","http://ndff-ecogrid.nl/taxonomy/taxa/eupatoriumcannabinum","http://www.verspreidingsatlas.nl/thumbs/map_490.jpg","","2026-09-10"
"6874","Eupatorium purpureum","L.","Purper leverkruid","Asteraceae","http://www.verspreidingsatlas.nl/6874","http://ndff-ecogrid.nl/taxonomy/taxa/eupatoriumpurpureum","http://www.verspreidingsatlas.nl/thumbs/map_6874.jpg","","2026-09-10"
"0491","Euphorbia amygdaloides","L.","Amandelwolfsmelk","Euphorbiaceae","http://www.verspreidingsatlas.nl/0491","http://ndff-ecogrid.nl/taxonomy/taxa/euphorbiaamygdaloides","http://www.verspreidingsatlas.nl/thumbs/map_491.jpg","","2026-09-10"
"8222","Euphorbia characias","L.","Vroege wolfsmelk","Euphorbiaceae","http://www.verspreidingsatlas.nl/8222","http://ndff-ecogrid.nl/taxonomy/taxa/euphorbiacharacias","http://www.verspreidingsatlas.nl/thumbs/map_8222.jpg","","2026-09-10"
"0492","Euphorbia cyparissias","L.","Cipreswolfsmelk","Euphorbiaceae","http://www.verspreidingsatlas.nl/0492","http://ndff-ecogrid.nl/taxonomy/taxa/euphorbiacyparissias","http://www.verspreidingsatlas.nl/thumbs/map_492.jpg","","2026-09-10"
"5069","Euphorbia epithymoides","L.","Kleurige wolfsmelk","Euphorbiaceae","http://www.verspreidingsatlas.nl/5069","http://ndff-ecogrid.nl/taxonomy/taxa/euphorbiaepithymoides","http://www.verspreidingsatlas.nl/thumbs/map_5069.jpg","","2026-09-10"
"2388","Euphorbia esula","L.","Heksenmelk","Euphorbiaceae","http://www.verspreidingsatlas.nl/2388","http://ndff-ecogrid.nl/taxonomy/taxa/euphorbiaesula","http://www.verspreidingsatlas.nl/thumbs/map_2388.jpg","","2026-09-10"
"0494","Euphorbia exigua","L.","Kleine wolfsmelk","Euphorbiaceae","http://www.verspreidingsatlas.nl/0494","http://ndff-ecogrid.nl/taxonomy/taxa/euphorbiaexigua","http://www.verspreidingsatlas.nl/thumbs/map_494.jpg","","2026-09-10"
"0495","Euphorbia helioscopia","L.","Kroontjeskruid","Euphorbiaceae","http://www.verspreidingsatlas.nl/0495","http://ndff-ecogrid.nl/taxonomy/taxa/euphorbiahelioscopia","http://www.verspreidingsatlas.nl/thumbs/map_495.jpg","","2026-09-10"
"8223","Euphorbia humifusa","Willd.","Liggende wolfsmelk","Euphorbiaceae","http://www.verspreidingsatlas.nl/8223","http://ndff-ecogrid.nl/taxonomy/taxa/euphorbiahumifusa","http://www.verspreidingsatlas.nl/thumbs/map_8223.jpg","","2026-09-10"
"1689","Euphorbia lathyris","L.","Kruisbladige wolfsmelk","Euphorbiaceae","http://www.verspreidingsatlas.nl/1689","http://ndff-ecogrid.nl/taxonomy/taxa/euphorbialathyrus","http://www.verspreidingsatlas.nl/thumbs/map_1689.jpg","","2026-09-10"
"5331","Euphorbia maculata","L.","Straatwolfsmelk","Euphorbiaceae","http://www.verspreidingsatlas.nl/5331","http://ndff-ecogrid.nl/taxonomy/taxa/euphorbiamaculata","http://www.verspreidingsatlas.nl/thumbs/map_5331.jpg","","2026-09-10"
"6875","Euphorbia myrsinites","L.","Blauwgroene wolfsmelk","Euphorbiaceae","http://www.verspreidingsatlas.nl/6875","http://ndff-ecogrid.nl/taxonomy/taxa/euphorbiamyrsinites","http://www.verspreidingsatlas.nl/thumbs/map_6875.jpg","","2026-09-10"
"8492","Euphorbia oblongata","Griseb.","","Euphorbiaceae","http://www.verspreidingsatlas.nl/8492","http://ndff-ecogrid.nl/taxonomy/taxa/euphorbiaoblongata","http://www.verspreidingsatlas.nl/thumbs/map_8492.jpg","","2026-09-10"
"0496","Euphorbia palustris","L.","Moeraswolfsmelk","Euphorbiaceae","http://www.verspreidingsatlas.nl/0496","http://ndff-ecogrid.nl/taxonomy/taxa/euphorbiapalustris","http://www.verspreidingsatlas.nl/thumbs/map_496.jpg","","2026-09-10"
"0497","Euphorbia paralias","L.","Zeewolfsmelk","Euphorbiaceae","http://www.verspreidingsatlas.nl/0497","http://ndff-ecogrid.nl/taxonomy/taxa/euphorbiaparalias","http://www.verspreidingsatlas.nl/thumbs/map_497.jpg","","2026-09-10"
"0498","Euphorbia peplus","L.","Tuinwolfsmelk","Euphorbiaceae","http://www.verspreidingsatlas.nl/0498","http://ndff-ecogrid.nl/taxonomy/taxa/euphorbiapeplus","http://www.verspreidingsatlas.nl/thumbs/map_498.jpg","","2026-09-10"
"0499","Euphorbia platyphyllos","L.","Brede wolfsmelk","Euphorbiaceae","http://www.verspreidingsatlas.nl/0499","http://ndff-ecogrid.nl/taxonomy/taxa/euphorbiaplatyphyllos","http://www.verspreidingsatlas.nl/thumbs/map_499.jpg","","2026-09-10"
"6876","Euphorbia prostrata","Aiton","Geribde wolfsmelk","Euphorbiaceae","http://www.verspreidingsatlas.nl/6876","http://ndff-ecogrid.nl/taxonomy/taxa/euphorbiaprostrata","http://www.verspreidingsatlas.nl/thumbs/map_6876.jpg","","2026-09-10"
"0500","Euphorbia seguieriana","Neck.","Zandwolfsmelk","Euphorbiaceae","http://www.verspreidingsatlas.nl/0500","http://ndff-ecogrid.nl/taxonomy/taxa/euphorbiaseguieriana","http://www.verspreidingsatlas.nl/thumbs/map_500.jpg","","2026-09-10"
"8033","Euphorbia serpens","Kunth","Gladde wolfsmelk","Euphorbiaceae","http://www.verspreidingsatlas.nl/8033","http://ndff-ecogrid.nl/taxonomy/taxa/euphorbiaserpens","http://www.verspreidingsatlas.nl/thumbs/map_8033.jpg","","2026-09-10"
"0501","Euphorbia stricta","L.","Stijve wolfsmelk","Euphorbiaceae","http://www.verspreidingsatlas.nl/0501","http://ndff-ecogrid.nl/taxonomy/taxa/euphorbiastricta","http://www.verspreidingsatlas.nl/thumbs/map_501.jpg","","2026-09-10"
"0511","Euphrasia officinalis","L.","Beklierde ogentroost","Orobanchaceae","http://www.verspreidingsatlas.nl/0511","http://ndff-ecogrid.nl/taxonomy/taxa/euphrasiaoficinalis","http://www.verspreidingsatlas.nl/thumbs/map_511.jpg","","2026-09-10"
"2316","Euphrasia stricta","J.F. Lehmann","Stijve ogentroost","Orobanchaceae","http://www.verspreidingsatlas.nl/2316","http://ndff-ecogrid.nl/taxonomy/taxa/euphrasiastricta","http://www.verspreidingsatlas.nl/thumbs/map_2316.jpg","","2026-09-10"
"5024","Eurybia macrophylla","(L.) Cass.","Grote aster","Asteraceae","http://www.verspreidingsatlas.nl/5024","http://ndff-ecogrid.nl/taxonomy/taxa/eurybiamacrophylla","http://www.verspreidingsatlas.nl/thumbs/map_5024.jpg","","2026-09-10"
"8126","Eurybia schreberi","(Nees) Nees","Middelste netelaster","Asteraceae","http://www.verspreidingsatlas.nl/8126","http://ndff-ecogrid.nl/taxonomy/taxa/eurybiaschreberi","http://www.verspreidingsatlas.nl/thumbs/map_8126.jpg","","2026-09-10"
"8388","Euthamia graminifolia","(L.) Nutt.","Schermguldenroede","Asteraceae","http://www.verspreidingsatlas.nl/8388","http://ndff-ecogrid.nl/taxonomy/taxa/euthamiagraminifolia","http://www.verspreidingsatlas.nl/thumbs/map_8388.jpg","","2026-09-10"
"2080","Exaculum pusillum","(Lam.) Caruel","Dwergdraadgentiaan","Gentianaceae","http://www.verspreidingsatlas.nl/2080","http://ndff-ecogrid.nl/taxonomy/taxa/exaculumpusillum","http://www.verspreidingsatlas.nl/thumbs/map_2080.jpg","","2026-09-10"
"1807","Fagopyrum esculentum","Moench","Boekweit","Polygonaceae","http://www.verspreidingsatlas.nl/1807","http://ndff-ecogrid.nl/taxonomy/taxa/fagopyrumesculentum","http://www.verspreidingsatlas.nl/thumbs/map_1807.jpg","","2026-09-10"
"0512","Fagopyrum tataricum","(L.) Gaertn.","Franse boekweit","Polygonaceae","http://www.verspreidingsatlas.nl/0512","http://ndff-ecogrid.nl/taxonomy/taxa/fagopyrumtataricum","http://www.verspreidingsatlas.nl/thumbs/map_512.jpg","","2026-09-10"
"0513","Fagus sylvatica","L.","Beuk","Fagaceae","http://www.verspreidingsatlas.nl/0513","http://ndff-ecogrid.nl/taxonomy/taxa/fagussylvatica","http://www.verspreidingsatlas.nl/thumbs/map_513.jpg","","2026-09-10"
"2379","Falcaria vulgaris","Bernh.","Sikkelkruid","Apiaceae","http://www.verspreidingsatlas.nl/2379","http://ndff-ecogrid.nl/taxonomy/taxa/falcariavulgaris","http://www.verspreidingsatlas.nl/thumbs/map_2379.jpg","","2026-09-10"
"2486","Fallopia baldschuanica","(Regel) Holub","Chinese bruidssluier","Polygonaceae","http://www.verspreidingsatlas.nl/2486","http://ndff-ecogrid.nl/taxonomy/taxa/fallopiabaldschuanica","http://www.verspreidingsatlas.nl/thumbs/map_2486.jpg","","2026-09-10"
"0970","Fallopia convolvulus","(L.) Á. Löve","Zwaluwtong","Polygonaceae","http://www.verspreidingsatlas.nl/0970","http://ndff-ecogrid.nl/taxonomy/taxa/fallopiaconvolvulus","http://www.verspreidingsatlas.nl/thumbs/map_970.jpg","","2026-09-10"
"0971","Fallopia dumetorum","(L.) Holub","Heggenduizendknoop","Polygonaceae","http://www.verspreidingsatlas.nl/0971","http://ndff-ecogrid.nl/taxonomy/taxa/fallopiadumetorum","http://www.verspreidingsatlas.nl/thumbs/map_971.jpg","","2026-09-10"
"1873","Fallopia japonica","(Houtt.) Ronse Decr.","Japanse duizendknoop","Polygonaceae","http://www.verspreidingsatlas.nl/1873","http://ndff-ecogrid.nl/taxonomy/taxa/fallopiajaponica","http://www.verspreidingsatlas.nl/thumbs/map_1873.jpg","","2026-09-10"
"1875","Fallopia sachalinensis","(F. Schmidt) Ronse Decr.","Sachalinse duizendknoop","Polygonaceae","http://www.verspreidingsatlas.nl/1875","http://ndff-ecogrid.nl/taxonomy/taxa/fallopiasachalinensis","http://www.verspreidingsatlas.nl/thumbs/map_1875.jpg","","2026-09-10"
"2487","Fallopia x bohemica","(Chrtek & Chrtková) Bailey","Basterdduizendknoop","Polygonaceae","http://www.verspreidingsatlas.nl/2487","http://ndff-ecogrid.nl/taxonomy/taxa/fallopiaxbohemica","http://www.verspreidingsatlas.nl/thumbs/map_2487.jpg","","2026-09-10"
"10464","Fallopia x conollyana","J.P.Bailey","","Polygonaceae","http://www.verspreidingsatlas.nl/10464","http://ndff-ecogrid.nl/taxonomy/taxa/fallopiaxconollyana","http://www.verspreidingsatlas.nl/thumbs/map_10464.jpg","","2026-09-10"
"0517","Festuca arenaria","Osbeck","Duinzwenkgras","Poaceae","http://www.verspreidingsatlas.nl/0517","http://ndff-ecogrid.nl/taxonomy/taxa/festucaarenaria","http://www.verspreidingsatlas.nl/thumbs/map_517.jpg","","2026-09-10"
"1402","Festuca brevipila","R. Tracey","Hard zwenkgras","Poaceae","http://www.verspreidingsatlas.nl/1402","http://ndff-ecogrid.nl/taxonomy/taxa/festucabrevipila","http://www.verspreidingsatlas.nl/thumbs/map_1402.jpg","","2026-09-10"
"8475","Festuca csikhegyensis","Simonk.","","Poaceae","http://www.verspreidingsatlas.nl/8475","http://ndff-ecogrid.nl/taxonomy/taxa/festucacsikhegyensis","http://www.verspreidingsatlas.nl/thumbs/map_8475.jpg","","2026-09-10"
"1474","Festuca filiformis","Pourr.","Fijn schapengras","Poaceae","http://www.verspreidingsatlas.nl/1474","http://ndff-ecogrid.nl/taxonomy/taxa/festucafiliformis","http://www.verspreidingsatlas.nl/thumbs/map_1474.jpg","","2026-09-10"
"5658","Festuca glauca","Vill.","Blauw schapengras","Poaceae","http://www.verspreidingsatlas.nl/5658","http://ndff-ecogrid.nl/taxonomy/taxa/festucaglauca","http://www.verspreidingsatlas.nl/thumbs/map_5658.jpg","","2026-09-10"
"5489","Festuca guestfalica subsp. guestfalica","","Zinkschapengras","Poaceae","http://www.verspreidingsatlas.nl/5489","http://ndff-ecogrid.nl/taxonomy/taxa/festucaguestfalicasubspguestphalica","http://www.verspreidingsatlas.nl/thumbs/map_5489.jpg","","2026-09-10"
"5498","Festuca guestfalica subsp. hirtula","(Hack. ex Travis) Dengler","Ruig schapengras","Poaceae","http://www.verspreidingsatlas.nl/5498","http://ndff-ecogrid.nl/taxonomy/taxa/festucaguestfalicasubsphirtula","http://www.verspreidingsatlas.nl/thumbs/map_5498.jpg","","2026-09-10"
"0516","Festuca heterophylla","Lam.","Draadzwenkgras","Poaceae","http://www.verspreidingsatlas.nl/0516","http://ndff-ecogrid.nl/taxonomy/taxa/festucaheterophylla","http://www.verspreidingsatlas.nl/thumbs/map_516.jpg","","2026-09-10"
"9489","Festuca lemanii","Bastard","Groot schapengras","Poaceae","http://www.verspreidingsatlas.nl/9489","http://ndff-ecogrid.nl/taxonomy/taxa/festucalemaniiss","http://www.verspreidingsatlas.nl/thumbs/map_9489.jpg","","2026-09-10"
"5485","Festuca pallens","Host","Kalkzwenkgras","Poaceae","http://www.verspreidingsatlas.nl/5485","http://ndff-ecogrid.nl/taxonomy/taxa/festucapallens","http://www.verspreidingsatlas.nl/thumbs/map_5485.jpg","","2026-09-10"
"0520","Festuca rubra","L.","Rood zwenkgras","Poaceae","http://www.verspreidingsatlas.nl/0520","http://ndff-ecogrid.nl/taxonomy/taxa/festucarubra","http://www.verspreidingsatlas.nl/thumbs/map_520.jpg","","2026-09-10"
"6718","Festulpia (x)","Stace & Cotton","Baardzwenkgras","Poaceae","http://www.verspreidingsatlas.nl/6718","http://ndff-ecogrid.nl/taxonomy/taxa/festulpiax","http://www.verspreidingsatlas.nl/thumbs/map_6718.jpg","","2026-09-10"
"2403","Ficaria ambigua","Boreau","Vreemd speenkruid","Ranunculaceae","http://www.verspreidingsatlas.nl/2403","http://ndff-ecogrid.nl/taxonomy/taxa/ficariaambigua","http://www.verspreidingsatlas.nl/thumbs/map_2403.jpg","","2026-09-10"
"1047","Ficaria verna","Huds.","Gewoon speenkruid","Ranunculaceae","http://www.verspreidingsatlas.nl/1047","http://ndff-ecogrid.nl/taxonomy/taxa/ficariaverna-h24","http://www.verspreidingsatlas.nl/thumbs/map_1047.jpg","","2026-09-10"
"2402","Ficaria verna/ambigua","Huds.","Gewoon / Vreemd speenkruid","Ranunculaceae","http://www.verspreidingsatlas.nl/2402","http://ndff-ecogrid.nl/taxonomy/taxa/ficariaverna","http://www.verspreidingsatlas.nl/thumbs/map_2402.jpg","","2026-09-10"
"5177","Ficus carica","L.","Vijgenboom","Moraceae","http://www.verspreidingsatlas.nl/5177","http://ndff-ecogrid.nl/taxonomy/taxa/ficuscarica","http://www.verspreidingsatlas.nl/thumbs/map_5177.jpg","","2026-09-10"
"0522","Filago arvensis","L.","Akkerviltkruid","Asteraceae","http://www.verspreidingsatlas.nl/0522","http://ndff-ecogrid.nl/taxonomy/taxa/filagoarvensis","http://www.verspreidingsatlas.nl/thumbs/map_522.jpg","","2026-09-10"
"0523","Filago germanica","(L.) Huds.","Duits viltkruid","Asteraceae","http://www.verspreidingsatlas.nl/0523","http://ndff-ecogrid.nl/taxonomy/taxa/filagogermanica","http://www.verspreidingsatlas.nl/thumbs/map_523.jpg","","2026-09-10"
"1424","Filago lutescens","Jord.","Geel viltkruid","Asteraceae","http://www.verspreidingsatlas.nl/1424","http://ndff-ecogrid.nl/taxonomy/taxa/filagolutescens","http://www.verspreidingsatlas.nl/thumbs/map_1424.jpg","","2026-09-10"
"0525","Filago pyramidata","L.","Spatelviltkruid","Asteraceae","http://www.verspreidingsatlas.nl/0525","http://ndff-ecogrid.nl/taxonomy/taxa/filagopyramidata","http://www.verspreidingsatlas.nl/thumbs/map_525.jpg","","2026-09-10"
"0526","Filipendula ulmaria","(L.) Maxim.","Moerasspirea","Rosaceae","http://www.verspreidingsatlas.nl/0526","http://ndff-ecogrid.nl/taxonomy/taxa/filipendulaulmaria","http://www.verspreidingsatlas.nl/thumbs/map_526.jpg","","2026-09-10"
"0527","Filipendula vulgaris","Moench","Knolspirea","Rosaceae","http://www.verspreidingsatlas.nl/0527","http://ndff-ecogrid.nl/taxonomy/taxa/filipendulavulgaris","http://www.verspreidingsatlas.nl/thumbs/map_527.jpg","","2026-09-10"
"1808","Foeniculum vulgare","Mill.","Venkel","Apiaceae","http://www.verspreidingsatlas.nl/1808","http://ndff-ecogrid.nl/taxonomy/taxa/foeniculumvulgare","http://www.verspreidingsatlas.nl/thumbs/map_1808.jpg","","2026-09-10"
"5223","Forsythia suspensa","(Thunb.) Vahl","Hangend chinees klokje","Oleaceae","http://www.verspreidingsatlas.nl/5223","http://ndff-ecogrid.nl/taxonomy/taxa/forsythiasuspensa","http://www.verspreidingsatlas.nl/thumbs/map_5223.jpg","","2026-09-10"
"5222","Forsythia viridissima","Lindl.","Recht chinees klokje","Oleaceae","http://www.verspreidingsatlas.nl/5222","http://ndff-ecogrid.nl/taxonomy/taxa/forsythiaviridissima","http://www.verspreidingsatlas.nl/thumbs/map_5222.jpg","","2026-09-10"
"0528","Fragaria moschata","Duchesne","Grote bosaardbei","Rosaceae","http://www.verspreidingsatlas.nl/0528","http://ndff-ecogrid.nl/taxonomy/taxa/fragariamoschata","http://www.verspreidingsatlas.nl/thumbs/map_528.jpg","","2026-09-10"
"0529","Fragaria vesca","L.","Bosaardbei","Rosaceae","http://www.verspreidingsatlas.nl/0529","http://ndff-ecogrid.nl/taxonomy/taxa/fragariavesca","http://www.verspreidingsatlas.nl/thumbs/map_529.jpg","","2026-09-10"
"2293","Fragaria x ananassa","Duchesne","Aardbei","Rosaceae","http://www.verspreidingsatlas.nl/2293","http://ndff-ecogrid.nl/taxonomy/taxa/fragariaxananassa","http://www.verspreidingsatlas.nl/thumbs/map_2293.jpg","","2026-09-10"
"0530","Frangula alnus","Mill.","Sporkehout","Rhamnaceae","http://www.verspreidingsatlas.nl/0530","http://ndff-ecogrid.nl/taxonomy/taxa/frangulaalnus","http://www.verspreidingsatlas.nl/thumbs/map_530.jpg","","2026-09-10"
"0531","Fraxinus excelsior","L.","Es","Oleaceae","http://www.verspreidingsatlas.nl/0531","http://ndff-ecogrid.nl/taxonomy/taxa/fraxinusexcelsior","http://www.verspreidingsatlas.nl/thumbs/map_531.jpg","","2026-09-10"
"5973","Fraxinus ornus","L.","Pluim-es","Oleaceae","http://www.verspreidingsatlas.nl/5973","http://ndff-ecogrid.nl/taxonomy/taxa/fraxinusornus","http://www.verspreidingsatlas.nl/thumbs/map_5973.jpg","","2026-09-10"
"5974","Fraxinus pennsylvanica","Marshall","Pennsylvaanse es","Oleaceae","http://www.verspreidingsatlas.nl/5974","http://ndff-ecogrid.nl/taxonomy/taxa/fraxinuspennsylvanica","http://www.verspreidingsatlas.nl/thumbs/map_5974.jpg","","2026-09-10"
"5070","Fritillaria imperialis","L.","Keizerskroon","Liliaceae","http://www.verspreidingsatlas.nl/5070","http://ndff-ecogrid.nl/taxonomy/taxa/fritillariaimperialis","http://www.verspreidingsatlas.nl/thumbs/map_5070.jpg","","2026-09-10"
"0532","Fritillaria meleagris","L.","Wilde kievitsbloem","Liliaceae","http://www.verspreidingsatlas.nl/0532","http://ndff-ecogrid.nl/taxonomy/taxa/fritillariameleagris","http://www.verspreidingsatlas.nl/thumbs/map_532.jpg","","2026-09-10"
"1691","Fumaria capreolata","L.","Rankende duivenkervel","Papaveraceae","http://www.verspreidingsatlas.nl/1691","http://ndff-ecogrid.nl/taxonomy/taxa/fumariacapreolata","http://www.verspreidingsatlas.nl/thumbs/map_1691.jpg","","2026-09-10"
"1690","Fumaria muralis","Sond. ex W.D.J. Koch","Middelste duivenkervel","Papaveraceae","http://www.verspreidingsatlas.nl/1690","http://ndff-ecogrid.nl/taxonomy/taxa/fumariamuralis","http://www.verspreidingsatlas.nl/thumbs/map_1690.jpg","","2026-09-10"
"0533","Fumaria officinalis","L.","Gewone duivenkervel","Papaveraceae","http://www.verspreidingsatlas.nl/0533","http://ndff-ecogrid.nl/taxonomy/taxa/fumariaofficinalis","http://www.verspreidingsatlas.nl/thumbs/map_533.jpg","","2026-09-10"
"0534","Gagea lutea","(L.) Ker Gawl.","Bosgeelster","Liliaceae","http://www.verspreidingsatlas.nl/0534","http://ndff-ecogrid.nl/taxonomy/taxa/gagealutea","http://www.verspreidingsatlas.nl/thumbs/map_534.jpg","","2026-09-10"
"0535","Gagea pratensis","Dummort.","Weidegeelster","Liliaceae","http://www.verspreidingsatlas.nl/0535","http://ndff-ecogrid.nl/taxonomy/taxa/gageapratensis","http://www.verspreidingsatlas.nl/thumbs/map_535.jpg","","2026-09-10"
"0536","Gagea spathacea","Salisb.","Schedegeelster","Liliaceae","http://www.verspreidingsatlas.nl/0536","http://ndff-ecogrid.nl/taxonomy/taxa/gageaspathacea","http://www.verspreidingsatlas.nl/thumbs/map_536.jpg","","2026-09-10"
"0537","Gagea villosa","Sweet","Akkergeelster","Liliaceae","http://www.verspreidingsatlas.nl/0537","http://ndff-ecogrid.nl/taxonomy/taxa/gageavillosa","http://www.verspreidingsatlas.nl/thumbs/map_537.jpg","","2026-09-10"
"5604","Gaillardia x grandiflora","hort.","Kokardebloem","Asteraceae","http://www.verspreidingsatlas.nl/5604","http://ndff-ecogrid.nl/taxonomy/taxa/gaillardiaxgrandiflora","http://www.verspreidingsatlas.nl/thumbs/map_5604.jpg","","2026-09-10"
"1624","Galanthus elwesii","Hook. f.","Groot sneeuwklokje","Amaryllidaceae","http://www.verspreidingsatlas.nl/1624","http://ndff-ecogrid.nl/taxonomy/taxa/galanthuselwesii","http://www.verspreidingsatlas.nl/thumbs/map_1624.jpg","","2026-09-10"
"5239","Galanthus ikariae","Baker","Glanzend sneeuwklokje","Amaryllidaceae","http://www.verspreidingsatlas.nl/5239","http://ndff-ecogrid.nl/taxonomy/taxa/galanthusikariae","http://www.verspreidingsatlas.nl/thumbs/map_5239.jpg","","2026-09-10"
"0538","Galanthus nivalis","L.","Gewoon sneeuwklokje","Amaryllidaceae","http://www.verspreidingsatlas.nl/0538","http://ndff-ecogrid.nl/taxonomy/taxa/galanthusnivalis","http://www.verspreidingsatlas.nl/thumbs/map_538.jpg","","2026-09-10"
"5403","Galega officinalis","L.","Galega","Fabaceae","http://www.verspreidingsatlas.nl/5403","http://ndff-ecogrid.nl/taxonomy/taxa/galegaofficinalis","http://www.verspreidingsatlas.nl/thumbs/map_5403.jpg","","2026-09-10"
"0539","Galeopsis angustifolia","Ehrh. ex Hoffm.","Smalle raai","Lamiaceae","http://www.verspreidingsatlas.nl/0539","http://ndff-ecogrid.nl/taxonomy/taxa/galeopsisangustifolia","http://www.verspreidingsatlas.nl/thumbs/map_539.jpg","","2026-09-10"
"0540","Galeopsis bifida","Boenn.","Gespleten hennepnetel","Lamiaceae","http://www.verspreidingsatlas.nl/0540","http://ndff-ecogrid.nl/taxonomy/taxa/galeopsisbifida","http://www.verspreidingsatlas.nl/thumbs/map_540.jpg","","2026-09-10"
"1692","Galeopsis ladanum","L.","Brede raai","Lamiaceae","http://www.verspreidingsatlas.nl/1692","http://ndff-ecogrid.nl/taxonomy/taxa/galeopsisladanum","http://www.verspreidingsatlas.nl/thumbs/map_1692.jpg","","2026-09-10"
"1403","Galeopsis pubescens","Besser","Zachte hennepnetel","Lamiaceae","http://www.verspreidingsatlas.nl/1403","http://ndff-ecogrid.nl/taxonomy/taxa/galeopsispubescens","http://www.verspreidingsatlas.nl/thumbs/map_1403.jpg","","2026-09-10"
"0541","Galeopsis segetum","Neck.","Bleekgele hennepnetel","Lamiaceae","http://www.verspreidingsatlas.nl/0541","http://ndff-ecogrid.nl/taxonomy/taxa/galeopsissegetum","http://www.verspreidingsatlas.nl/thumbs/map_541.jpg","","2026-09-10"
"0542","Galeopsis speciosa","Mill.","Dauwnetel","Lamiaceae","http://www.verspreidingsatlas.nl/0542","http://ndff-ecogrid.nl/taxonomy/taxa/galeopsisspeciosa","http://www.verspreidingsatlas.nl/thumbs/map_542.jpg","","2026-09-10"
"0543","Galeopsis tetrahit","L.","Gewone hennepnetel","Lamiaceae","http://www.verspreidingsatlas.nl/0543","http://ndff-ecogrid.nl/taxonomy/taxa/galeopsistetrahit","http://www.verspreidingsatlas.nl/thumbs/map_543.jpg","","2026-09-10"
"0545","Galinsoga parviflora","Cav.","Kaal knopkruid","Asteraceae","http://www.verspreidingsatlas.nl/0545","http://ndff-ecogrid.nl/taxonomy/taxa/galinsogaparviflora","http://www.verspreidingsatlas.nl/thumbs/map_545.jpg","","2026-09-10"
"0544","Galinsoga quadriradiata","Ruiz & Pav.","Harig knopkruid","Asteraceae","http://www.verspreidingsatlas.nl/0544","http://ndff-ecogrid.nl/taxonomy/taxa/galinsogaquadriradiata","http://www.verspreidingsatlas.nl/thumbs/map_544.jpg","","2026-09-10"
"0546","Galium aparine","L.","Kleefkruid","Rubiaceae","http://www.verspreidingsatlas.nl/0546","http://ndff-ecogrid.nl/taxonomy/taxa/galiumaparine","http://www.verspreidingsatlas.nl/thumbs/map_546.jpg","","2026-09-10"
"0547","Galium boreale","L.","Noords walstro","Rubiaceae","http://www.verspreidingsatlas.nl/0547","http://ndff-ecogrid.nl/taxonomy/taxa/galiumboreale","http://www.verspreidingsatlas.nl/thumbs/map_547.jpg","","2026-09-10"
"0109","Galium glaucum","L.","Zeegroen walstro","Rubiaceae","http://www.verspreidingsatlas.nl/0109","http://ndff-ecogrid.nl/taxonomy/taxa/galiumglaucum","http://www.verspreidingsatlas.nl/thumbs/map_109.jpg","","2026-09-10"
"0550","Galium mollugo subsp. erectum","Syme","Glad walstro","Rubiaceae","http://www.verspreidingsatlas.nl/0550","http://ndff-ecogrid.nl/taxonomy/taxa/galiummollugosubsperectum","http://www.verspreidingsatlas.nl/thumbs/map_550.jpg","","2026-09-10"
"5650","Galium murale","(L.) All.","Straatwalstro","Rubiaceae","http://www.verspreidingsatlas.nl/5650","http://ndff-ecogrid.nl/taxonomy/taxa/galiummurale","http://www.verspreidingsatlas.nl/thumbs/map_5650.jpg","","2026-09-10"
"0110","Galium odoratum","(L.) Scop.","Lievevrouwebedstro","Rubiaceae","http://www.verspreidingsatlas.nl/0110","http://ndff-ecogrid.nl/taxonomy/taxa/galiumodoratum","http://www.verspreidingsatlas.nl/thumbs/map_110.jpg","","2026-09-10"
"2376","Galium palustre","L.","Moeraswalstro","Rubiaceae","http://www.verspreidingsatlas.nl/2376","http://ndff-ecogrid.nl/taxonomy/taxa/galiumpalustre","http://www.verspreidingsatlas.nl/thumbs/map_2376.jpg","","2026-09-10"
"5404","Galium parisiense","L.","Frans walstro","Rubiaceae","http://www.verspreidingsatlas.nl/5404","http://ndff-ecogrid.nl/taxonomy/taxa/galiumparisiense","http://www.verspreidingsatlas.nl/thumbs/map_5404.jpg","","2026-09-10"
"0553","Galium pumilum","Murray","Kalkwalstro","Rubiaceae","http://www.verspreidingsatlas.nl/0553","http://ndff-ecogrid.nl/taxonomy/taxa/galiumpumilum","http://www.verspreidingsatlas.nl/thumbs/map_553.jpg","","2026-09-10"
"0549","Galium saxatile","L.","Liggend walstro","Rubiaceae","http://www.verspreidingsatlas.nl/0549","http://ndff-ecogrid.nl/taxonomy/taxa/galiumsaxatile","http://www.verspreidingsatlas.nl/thumbs/map_549.jpg","","2026-09-10"
"1404","Galium spurium","L.","Akkerwalstro","Rubiaceae","http://www.verspreidingsatlas.nl/1404","http://ndff-ecogrid.nl/taxonomy/taxa/galiumspurium","http://www.verspreidingsatlas.nl/thumbs/map_1404.jpg","","2026-09-10"
"0554","Galium sylvaticum","L.","Boswalstro","Rubiaceae","http://www.verspreidingsatlas.nl/0554","http://ndff-ecogrid.nl/taxonomy/taxa/galiumsylvaticum","http://www.verspreidingsatlas.nl/thumbs/map_554.jpg","","2026-09-10"
"0555","Galium tricornutum","Dandy","Driehoornig walstro","Rubiaceae","http://www.verspreidingsatlas.nl/0555","http://ndff-ecogrid.nl/taxonomy/taxa/galiumtricornutum","http://www.verspreidingsatlas.nl/thumbs/map_555.jpg","","2026-09-10"
"0556","Galium uliginosum","L.","Ruw walstro","Rubiaceae","http://www.verspreidingsatlas.nl/0556","http://ndff-ecogrid.nl/taxonomy/taxa/galiumuliginosum","http://www.verspreidingsatlas.nl/thumbs/map_556.jpg","","2026-09-10"
"0557","Galium verum","L.","Geel walstro","Rubiaceae","http://www.verspreidingsatlas.nl/0557","http://ndff-ecogrid.nl/taxonomy/taxa/galiumverum","http://www.verspreidingsatlas.nl/thumbs/map_557.jpg","","2026-09-10"
"0551","Galium x pomeranicum","Retzius","Geelwit walstro","Rubiaceae","http://www.verspreidingsatlas.nl/0551","http://ndff-ecogrid.nl/taxonomy/taxa/galiumxpomeranicum","http://www.verspreidingsatlas.nl/thumbs/map_551.jpg","","2026-09-10"
"5551","Gamochaeta coarctata","(Willd.) Kergulen","Zilverdroogbloem","Asteraceae","http://www.verspreidingsatlas.nl/5551","http://ndff-ecogrid.nl/taxonomy/taxa/gamochaetacoarctata","http://www.verspreidingsatlas.nl/thumbs/map_5551.jpg","","2026-09-10"
"5655","Gamochaeta pensylvanica","(Willd.) Cabrera","Amerikaanse droogbloem","Asteraceae","http://www.verspreidingsatlas.nl/5655","http://ndff-ecogrid.nl/taxonomy/taxa/gamochaetapensylvanica","http://www.verspreidingsatlas.nl/thumbs/map_5655.jpg","","2026-09-10"
"10574","Gamochaeta subfalcata","(Cabrera) Cabrera","Sikkeldroogbloem","Asteraceae","http://www.verspreidingsatlas.nl/10574","http://ndff-ecogrid.nl/taxonomy/taxa/gamochaetasubfalcata","http://www.verspreidingsatlas.nl/thumbs/map_10574.jpg","","2026-09-10"
"6838","Gaudinia fragilis","(L.) P. Beauv.","Gaudinia","Poaceae","http://www.verspreidingsatlas.nl/6838","http://ndff-ecogrid.nl/taxonomy/taxa/gaudiniafragilis","http://www.verspreidingsatlas.nl/thumbs/map_6838.jpg","","2026-09-10"
"5071","Gaultheria shallon","Pursh","Gaultheria","Ericaceae","http://www.verspreidingsatlas.nl/5071","http://ndff-ecogrid.nl/taxonomy/taxa/gaultheriashallon","http://www.verspreidingsatlas.nl/thumbs/map_5071.jpg","","2026-09-10"
"0558","Genista anglica","L.","Stekelbrem","Fabaceae","http://www.verspreidingsatlas.nl/0558","http://ndff-ecogrid.nl/taxonomy/taxa/genistaanglica","http://www.verspreidingsatlas.nl/thumbs/map_558.jpg","","2026-09-10"
"10466","Genista cinerea","(Vill.) DC.","","Fabaceae","http://www.verspreidingsatlas.nl/10466","http://ndff-ecogrid.nl/taxonomy/taxa/genistacinerea","http://www.verspreidingsatlas.nl/thumbs/map_10466.jpg","","2026-09-10"
"0559","Genista germanica","L.","Duitse brem","Fabaceae","http://www.verspreidingsatlas.nl/0559","http://ndff-ecogrid.nl/taxonomy/taxa/genistagermanica","http://www.verspreidingsatlas.nl/thumbs/map_559.jpg","","2026-09-10"
"0560","Genista pilosa","L.","Kruipbrem","Fabaceae","http://www.verspreidingsatlas.nl/0560","http://ndff-ecogrid.nl/taxonomy/taxa/genistapilosa","http://www.verspreidingsatlas.nl/thumbs/map_560.jpg","","2026-09-10"
"0561","Genista tinctoria","L.","Verfbrem","Fabaceae","http://www.verspreidingsatlas.nl/0561","http://ndff-ecogrid.nl/taxonomy/taxa/genistatinctoria","http://www.verspreidingsatlas.nl/thumbs/map_561.jpg","","2026-09-10"
"0566","Gentiana cruciata","L.","Kruisbladgentiaan","Gentianaceae","http://www.verspreidingsatlas.nl/0566","http://ndff-ecogrid.nl/taxonomy/taxa/gentianacruciata","http://www.verspreidingsatlas.nl/thumbs/map_566.jpg","","2026-09-10"
"0568","Gentiana pneumonanthe","L.","Klokjesgentiaan","Gentianaceae","http://www.verspreidingsatlas.nl/0568","http://ndff-ecogrid.nl/taxonomy/taxa/gentianapneumonanthe","http://www.verspreidingsatlas.nl/thumbs/map_568.jpg","","2026-09-10"
"0562","Gentianella amarella","(L.) Börner","Slanke gentiaan","Gentianaceae","http://www.verspreidingsatlas.nl/0562","http://ndff-ecogrid.nl/taxonomy/taxa/gentianellaamarella","http://www.verspreidingsatlas.nl/thumbs/map_562.jpg","","2026-09-10"
"0563","Gentianella campestris","(L.) Börner","Veldgentiaan","Gentianaceae","http://www.verspreidingsatlas.nl/0563","http://ndff-ecogrid.nl/taxonomy/taxa/gentianellacampestris","http://www.verspreidingsatlas.nl/thumbs/map_563.jpg","","2026-09-10"
"0567","Gentianella germanica","(Willd.) Börner","Duitse gentiaan","Gentianaceae","http://www.verspreidingsatlas.nl/0567","http://ndff-ecogrid.nl/taxonomy/taxa/gentianellagermanica","http://www.verspreidingsatlas.nl/thumbs/map_567.jpg","","2026-09-10"
"0565","Gentianopsis ciliata","(L.) Ma","Franjegentiaan","Gentianaceae","http://www.verspreidingsatlas.nl/0565","http://ndff-ecogrid.nl/taxonomy/taxa/gentianopsisciliata","http://www.verspreidingsatlas.nl/thumbs/map_565.jpg","","2026-09-10"
"8229","Geranium aequale","(Bab.) Aedo","Gladde ooievaarsbek","Geraniaceae","http://www.verspreidingsatlas.nl/8229","http://ndff-ecogrid.nl/taxonomy/taxa/geraniumaequale","http://www.verspreidingsatlas.nl/thumbs/map_8229.jpg","","2026-09-10"
"0569","Geranium columbinum","L.","Fijne ooievaarsbek","Geraniaceae","http://www.verspreidingsatlas.nl/0569","http://ndff-ecogrid.nl/taxonomy/taxa/geraniumcolumbinum","http://www.verspreidingsatlas.nl/thumbs/map_569.jpg","","2026-09-10"
"0570","Geranium dissectum","L.","Slipbladige ooievaarsbek","Geraniaceae","http://www.verspreidingsatlas.nl/0570","http://ndff-ecogrid.nl/taxonomy/taxa/geraniumdissectum","http://www.verspreidingsatlas.nl/thumbs/map_570.jpg","","2026-09-10"
"5405","Geranium endressii","J. Gay","Roze ooievaarsbek","Geraniaceae","http://www.verspreidingsatlas.nl/5405","http://ndff-ecogrid.nl/taxonomy/taxa/geraniumendressii","http://www.verspreidingsatlas.nl/thumbs/map_5405.jpg","","2026-09-10"
"2443","Geranium lucidum","L.","Glanzige ooievaarsbek","Geraniaceae","http://www.verspreidingsatlas.nl/2443","http://ndff-ecogrid.nl/taxonomy/taxa/geraniumlucidum","http://www.verspreidingsatlas.nl/thumbs/map_2443.jpg","","2026-09-10"
"5406","Geranium macrorrhizum","L.","Rotsooievaarsbek","Geraniaceae","http://www.verspreidingsatlas.nl/5406","http://ndff-ecogrid.nl/taxonomy/taxa/geraniummacrorhizum","http://www.verspreidingsatlas.nl/thumbs/map_5406.jpg","","2026-09-10"
"0571","Geranium molle","L.","Zachte ooievaarsbek","Geraniaceae","http://www.verspreidingsatlas.nl/0571","http://ndff-ecogrid.nl/taxonomy/taxa/geraniummolle","http://www.verspreidingsatlas.nl/thumbs/map_571.jpg","","2026-09-10"
"6877","Geranium nodosum","L.","Knopige ooievaarsbek","Geraniaceae","http://www.verspreidingsatlas.nl/6877","http://ndff-ecogrid.nl/taxonomy/taxa/geraniumnodosum","http://www.verspreidingsatlas.nl/thumbs/map_6877.jpg","","2026-09-10"
"0572","Geranium phaeum","L.","Donkere ooievaarsbek","Geraniaceae","http://www.verspreidingsatlas.nl/0572","http://ndff-ecogrid.nl/taxonomy/taxa/geraniumphaeum","http://www.verspreidingsatlas.nl/thumbs/map_572.jpg","","2026-09-10"
"0573","Geranium pratense","L.","Beemdooievaarsbek","Geraniaceae","http://www.verspreidingsatlas.nl/0573","http://ndff-ecogrid.nl/taxonomy/taxa/geraniumpratense","http://www.verspreidingsatlas.nl/thumbs/map_573.jpg","","2026-09-10"
"2442","Geranium purpureum","Vill.","Klein robertskruid","Geraniaceae","http://www.verspreidingsatlas.nl/2442","http://ndff-ecogrid.nl/taxonomy/taxa/geraniumpurpureum","http://www.verspreidingsatlas.nl/thumbs/map_2442.jpg","","2026-09-10"
"0574","Geranium pusillum","L.","Kleine ooievaarsbek","Geraniaceae","http://www.verspreidingsatlas.nl/0574","http://ndff-ecogrid.nl/taxonomy/taxa/geraniumpusillum","http://www.verspreidingsatlas.nl/thumbs/map_574.jpg","","2026-09-10"
"0575","Geranium pyrenaicum","Burm. f.","Bermooievaarsbek","Geraniaceae","http://www.verspreidingsatlas.nl/0575","http://ndff-ecogrid.nl/taxonomy/taxa/geraniumpyrenaicum","http://www.verspreidingsatlas.nl/thumbs/map_575.jpg","","2026-09-10"
"0576","Geranium robertianum","L.","Robertskruid","Geraniaceae","http://www.verspreidingsatlas.nl/0576","http://ndff-ecogrid.nl/taxonomy/taxa/geraniumrobertianum","http://www.verspreidingsatlas.nl/thumbs/map_576.jpg","","2026-09-10"
"0577","Geranium rotundifolium","L.","Ronde ooievaarsbek","Geraniaceae","http://www.verspreidingsatlas.nl/0577","http://ndff-ecogrid.nl/taxonomy/taxa/geraniumrotundifolium","http://www.verspreidingsatlas.nl/thumbs/map_577.jpg","","2026-09-10"
"5072","Geranium sanguineum","L.","Bloedooievaarsbek","Geraniaceae","http://www.verspreidingsatlas.nl/5072","http://ndff-ecogrid.nl/taxonomy/taxa/geraniumsanguineum","http://www.verspreidingsatlas.nl/thumbs/map_5072.jpg","","2026-09-10"
"5360","Geranium sylvaticum","L.","Bosooievaarsbek","Geraniaceae","http://www.verspreidingsatlas.nl/5360","http://ndff-ecogrid.nl/taxonomy/taxa/geraniumsylvaticum","http://www.verspreidingsatlas.nl/thumbs/map_5360.jpg","","2026-09-10"
"8590","Geranium tuberosum","L.","Knolooievaarsbek","Geraniaceae","http://www.verspreidingsatlas.nl/8590","http://ndff-ecogrid.nl/taxonomy/taxa/geraniumtuberosum","http://www.verspreidingsatlas.nl/thumbs/map_8590.jpg","","2026-09-10"
"8232","Geranium wilfordii","Maxim.","","Geraniaceae","http://www.verspreidingsatlas.nl/8232","http://ndff-ecogrid.nl/taxonomy/taxa/geraniumwilfordii","http://www.verspreidingsatlas.nl/thumbs/map_8232.jpg","","2026-09-10"
"5631","Geranium x oxonianum","Yeo","Basterd-ooievaarsbek","Geraniaceae","http://www.verspreidingsatlas.nl/5631","http://ndff-ecogrid.nl/taxonomy/taxa/geraniumxoxonianum","http://www.verspreidingsatlas.nl/thumbs/map_5631.jpg","","2026-09-10"
"8010","Geum aleppicum","Jacq.","","Rosaceae","http://www.verspreidingsatlas.nl/8010","http://ndff-ecogrid.nl/taxonomy/taxa/geumaleppicum","http://www.verspreidingsatlas.nl/thumbs/map_8010.jpg","","2026-09-10"
"5332","Geum macrophyllum","Willd.","Groot nagelkruid","Rosaceae","http://www.verspreidingsatlas.nl/5332","http://ndff-ecogrid.nl/taxonomy/taxa/geummacrophyllum","http://www.verspreidingsatlas.nl/thumbs/map_5332.jpg","","2026-09-10"
"0578","Geum rivale","L.","Knikkend nagelkruid","Rosaceae","http://www.verspreidingsatlas.nl/0578","http://ndff-ecogrid.nl/taxonomy/taxa/geumrivale","http://www.verspreidingsatlas.nl/thumbs/map_578.jpg","","2026-09-10"
"0579","Geum urbanum","L.","Geel nagelkruid","Rosaceae","http://www.verspreidingsatlas.nl/0579","http://ndff-ecogrid.nl/taxonomy/taxa/geumurbanum","http://www.verspreidingsatlas.nl/thumbs/map_579.jpg","","2026-09-10"
"8233","Gilia achilleifolia","Benth.","","Polemoniaceae","http://www.verspreidingsatlas.nl/8233","http://ndff-ecogrid.nl/taxonomy/taxa/giliaachilleifolia","http://www.verspreidingsatlas.nl/thumbs/map_8233.jpg","","2026-09-10"
"8074","Gilia capitata","Sims","Hoofdjesgilia","Polemoniaceae","http://www.verspreidingsatlas.nl/8074","http://ndff-ecogrid.nl/taxonomy/taxa/giliacapitata","http://www.verspreidingsatlas.nl/thumbs/map_8074.jpg","","2026-09-10"
"6940","Ginkgo biloba","L.","Ginkgo","Ginkgoaceae","http://www.verspreidingsatlas.nl/6940","http://ndff-ecogrid.nl/taxonomy/taxa/ginkgobiloba","http://www.verspreidingsatlas.nl/thumbs/map_6940.jpg","","2026-09-10"
"0580","Glaucium flavum","Crantz","Gele hoornpapaver","Papaveraceae","http://www.verspreidingsatlas.nl/0580","http://ndff-ecogrid.nl/taxonomy/taxa/glauciumflavum","http://www.verspreidingsatlas.nl/thumbs/map_580.jpg","","2026-09-10"
"0581","Glaux maritima","L.","Melkkruid","Primulaceae","http://www.verspreidingsatlas.nl/0581","http://ndff-ecogrid.nl/taxonomy/taxa/glauxmaritima","http://www.verspreidingsatlas.nl/thumbs/map_581.jpg","","2026-09-10"
"5394","Glebionis coronaria","(L.) Cass. ex Spach","Gekroonde ganzenbloem","Asteraceae","http://www.verspreidingsatlas.nl/5394","http://ndff-ecogrid.nl/taxonomy/taxa/glebioniscoronarium","http://www.verspreidingsatlas.nl/thumbs/map_5394.jpg","","2026-09-10"
"0321","Glebionis segetum","(L.) Fourr.","Gele ganzenbloem","Asteraceae","http://www.verspreidingsatlas.nl/0321","http://ndff-ecogrid.nl/taxonomy/taxa/glebionissegetum","http://www.verspreidingsatlas.nl/thumbs/map_321.jpg","","2026-09-10"
"0582","Glechoma hederacea","L.","Hondsdraf","Lamiaceae","http://www.verspreidingsatlas.nl/0582","http://ndff-ecogrid.nl/taxonomy/taxa/glechomahederacea","http://www.verspreidingsatlas.nl/thumbs/map_582.jpg","","2026-09-10"
"8236","Gleditsia triacanthos","L.","Amerikaanse gleditsia","Fabaceae","http://www.verspreidingsatlas.nl/8236","http://ndff-ecogrid.nl/taxonomy/taxa/gleditsiatriacanthos","http://www.verspreidingsatlas.nl/thumbs/map_8236.jpg","","2026-09-10"
"0583","Glyceria declinata","Bréb.","Getand vlotgras","Poaceae","http://www.verspreidingsatlas.nl/0583","http://ndff-ecogrid.nl/taxonomy/taxa/glyceriadeclinata","http://www.verspreidingsatlas.nl/thumbs/map_583.jpg","","2026-09-10"
"0584","Glyceria fluitans","(L.) R. Br.","Mannagras","Poaceae","http://www.verspreidingsatlas.nl/0584","http://ndff-ecogrid.nl/taxonomy/taxa/glyceriafluitans","http://www.verspreidingsatlas.nl/thumbs/map_584.jpg","","2026-09-10"
"0585","Glyceria maxima","(Hartm.) Holmb.","Liesgras","Poaceae","http://www.verspreidingsatlas.nl/0585","http://ndff-ecogrid.nl/taxonomy/taxa/glyceriamaxima","http://www.verspreidingsatlas.nl/thumbs/map_585.jpg","","2026-09-10"
"0586","Glyceria notata","Chevall.","Stomp vlotgras","Poaceae","http://www.verspreidingsatlas.nl/0586","http://ndff-ecogrid.nl/taxonomy/taxa/glycerianotata","http://www.verspreidingsatlas.nl/thumbs/map_586.jpg","","2026-09-10"
"9940","Glyceria striata","(Lam.) Hitchc.","Gestreept vlotgras","Poaceae","http://www.verspreidingsatlas.nl/9940","http://ndff-ecogrid.nl/taxonomy/taxa/glyceriastriata","http://www.verspreidingsatlas.nl/thumbs/map_9940.jpg","","2026-09-10"
"1568","Glyceria x pedicellata","Townsend","Basterdvlotgras","Poaceae","http://www.verspreidingsatlas.nl/1568","http://ndff-ecogrid.nl/taxonomy/taxa/glyceriaxpedicellata","http://www.verspreidingsatlas.nl/thumbs/map_1568.jpg","","2026-09-10"
"1809","Glycine max","(L.) Merr.","Sojaboon","Fabaceae","http://www.verspreidingsatlas.nl/1809","http://ndff-ecogrid.nl/taxonomy/taxa/glycinemax","http://www.verspreidingsatlas.nl/thumbs/map_1809.jpg","","2026-09-10"
"0588","Gnaphalium sylvaticum","L.","Bosdroogbloem","Asteraceae","http://www.verspreidingsatlas.nl/0588","http://ndff-ecogrid.nl/taxonomy/taxa/gnaphaliumsylvaticum","http://www.verspreidingsatlas.nl/thumbs/map_588.jpg","","2026-09-10"
"0589","Gnaphalium uliginosum","L.","Moerasdroogbloem","Asteraceae","http://www.verspreidingsatlas.nl/0589","http://ndff-ecogrid.nl/taxonomy/taxa/gnaphaliumuliginosum","http://www.verspreidingsatlas.nl/thumbs/map_589.jpg","","2026-09-10"
"0590","Goodyera repens","(L.) R. Br.","Dennenorchis","Orchidaceae","http://www.verspreidingsatlas.nl/0590","http://ndff-ecogrid.nl/taxonomy/taxa/goodyerarepens","http://www.verspreidingsatlas.nl/thumbs/map_590.jpg","","2026-09-10"
"0591","Gratiola officinalis","L.","Genadekruid","Plantaginaceae","http://www.verspreidingsatlas.nl/0591","http://ndff-ecogrid.nl/taxonomy/taxa/gratiolaofficinalis","http://www.verspreidingsatlas.nl/thumbs/map_591.jpg","","2026-09-10"
"0991","Groenlandia densa","(L.) Fourr.","Paarbladig fonteinkruid","Potamogetonaceae","http://www.verspreidingsatlas.nl/0991","http://ndff-ecogrid.nl/taxonomy/taxa/groenlandiadensa","http://www.verspreidingsatlas.nl/thumbs/map_991.jpg","","2026-09-10"
"1693","Guizotia abyssinica","(L. f.) Cass.","Gingellikruid","Asteraceae","http://www.verspreidingsatlas.nl/1693","http://ndff-ecogrid.nl/taxonomy/taxa/guizotiaabyssinica","http://www.verspreidingsatlas.nl/thumbs/map_1693.jpg","","2026-09-10"
"5494","Gymnadenia conopsea","(L.) R. Br.","Grote muggenorchis","Orchidaceae","http://www.verspreidingsatlas.nl/5494","http://ndff-ecogrid.nl/taxonomy/taxa/gymnadeniaconopsea-h24","http://www.verspreidingsatlas.nl/thumbs/map_5494.jpg","","2026-09-10"
"5495","Gymnadenia densiflora","A. Dietr.","Dichte muggenorchis","Orchidaceae","http://www.verspreidingsatlas.nl/5495","http://ndff-ecogrid.nl/taxonomy/taxa/gymnadeniadensiflora","http://www.verspreidingsatlas.nl/thumbs/map_5495.jpg","","2026-09-10"
"0422","Gymnocarpium dryopteris","(L.) Newman","Gebogen driehoeksvaren","Cystopteridaceae","http://www.verspreidingsatlas.nl/0422","http://ndff-ecogrid.nl/taxonomy/taxa/gymnocarpiumdryopteris","http://www.verspreidingsatlas.nl/thumbs/map_422.jpg","","2026-09-10"
"0425","Gymnocarpium robertianum","(Hoffm.) Newman","Rechte driehoeksvaren","Cystopteridaceae","http://www.verspreidingsatlas.nl/0425","http://ndff-ecogrid.nl/taxonomy/taxa/gymnocarpiumrobertianum","http://www.verspreidingsatlas.nl/thumbs/map_425.jpg","","2026-09-10"
"10419","Gymnocoronis spilanthoides","(D. Don ex Hook. & Arn.) DC.","Smalle theeplant","Asteraceae","http://www.verspreidingsatlas.nl/10419","http://ndff-ecogrid.nl/taxonomy/taxa/gymnocoronisspilanthoides","http://www.verspreidingsatlas.nl/thumbs/map_10419.jpg","","2026-09-10"
"8238","Gypsophila elegans","M.Bieb.","","Caryophyllaceae","http://www.verspreidingsatlas.nl/8238","http://ndff-ecogrid.nl/taxonomy/taxa/gypsophilaelegans","http://www.verspreidingsatlas.nl/thumbs/map_8238.jpg","","2026-09-10"
"0594","Gypsophila muralis","L.","Gipskruid","Caryophyllaceae","http://www.verspreidingsatlas.nl/0594","http://ndff-ecogrid.nl/taxonomy/taxa/gypsophilamuralis","http://www.verspreidingsatlas.nl/thumbs/map_594.jpg","","2026-09-10"
"5407","Gypsophila paniculata","L.","Pluimgipskruid","Caryophyllaceae","http://www.verspreidingsatlas.nl/5407","http://ndff-ecogrid.nl/taxonomy/taxa/gypsophilapaniculata","http://www.verspreidingsatlas.nl/thumbs/map_5407.jpg","","2026-09-10"
"0597","Hammarbya paludosa","Kuntze","Veenmosorchis","Orchidaceae","http://www.verspreidingsatlas.nl/0597","http://ndff-ecogrid.nl/taxonomy/taxa/hammarbyapaludosa","http://www.verspreidingsatlas.nl/thumbs/map_597.jpg","","2026-09-10"
"0598","Hedera helix","L.","Klimop","Araliaceae","http://www.verspreidingsatlas.nl/0598","http://ndff-ecogrid.nl/taxonomy/taxa/hederahelix","http://www.verspreidingsatlas.nl/thumbs/map_598.jpg","","2026-09-10"
"9414","Hedera hibernica","(G. Kirchn.) Bean","Atlantische klimop","Araliaceae","http://www.verspreidingsatlas.nl/9414","http://ndff-ecogrid.nl/taxonomy/taxa/hederahibernica","http://www.verspreidingsatlas.nl/thumbs/map_9414.jpg","","2026-09-10"
"1923","Helianthemum nummularium","Mill.","Geel zonneroosje","Cistaceae","http://www.verspreidingsatlas.nl/1923","http://ndff-ecogrid.nl/taxonomy/taxa/helianthemumnummularium","http://www.verspreidingsatlas.nl/thumbs/map_1923.jpg","","2026-09-10"
"1859","Helianthus annuus","L.","Zonnebloem","Asteraceae","http://www.verspreidingsatlas.nl/1859","http://ndff-ecogrid.nl/taxonomy/taxa/helianthusannuus","http://www.verspreidingsatlas.nl/thumbs/map_1859.jpg","","2026-09-10"
"1614","Helianthus tuberosus","L.","Aardpeer","Asteraceae","http://www.verspreidingsatlas.nl/1614","http://ndff-ecogrid.nl/taxonomy/taxa/helianthustuberosus","http://www.verspreidingsatlas.nl/thumbs/map_1614.jpg","","2026-09-10"
"0601","Helianthus x laetiflorus","Pers.","Stijve zonnebloem","Asteraceae","http://www.verspreidingsatlas.nl/0601","http://ndff-ecogrid.nl/taxonomy/taxa/helianthusxlaetiflorus","http://www.verspreidingsatlas.nl/thumbs/map_601.jpg","","2026-09-10"
"0602","Helichrysum arenarium","(L.) Moench","Strobloem","Asteraceae","http://www.verspreidingsatlas.nl/0602","http://ndff-ecogrid.nl/taxonomy/taxa/helichrysumarenarium","http://www.verspreidingsatlas.nl/thumbs/map_602.jpg","","2026-09-10"
"0603","Helictochloa pratensis","(L.) Romero Zarco","Beemdhaver","Poaceae","http://www.verspreidingsatlas.nl/0603","http://ndff-ecogrid.nl/taxonomy/taxa/helictochloapratensis","http://www.verspreidingsatlas.nl/thumbs/map_603.jpg","","2026-09-10"
"8246","Heliotropium europaeum","L.","Europese heliotroop","Boraginaceae","http://www.verspreidingsatlas.nl/8246","http://ndff-ecogrid.nl/taxonomy/taxa/heliotropiumeuropaeum","http://www.verspreidingsatlas.nl/thumbs/map_8246.jpg","","2026-09-10"
"5544","Helleborus argutifolius","Viv.","Corsicaans nieskruid","Ranunculaceae","http://www.verspreidingsatlas.nl/5544","http://ndff-ecogrid.nl/taxonomy/taxa/helleborusargutifolius","http://www.verspreidingsatlas.nl/thumbs/map_5544.jpg","","2026-09-10"
"2489","Helleborus foetidus","L.","Stinkend nieskruid","Ranunculaceae","http://www.verspreidingsatlas.nl/2489","http://ndff-ecogrid.nl/taxonomy/taxa/helleborusfoetidus","http://www.verspreidingsatlas.nl/thumbs/map_2489.jpg","","2026-09-10"
"0605","Helleborus viridis","L.","Wrangwortel","Ranunculaceae","http://www.verspreidingsatlas.nl/0605","http://ndff-ecogrid.nl/taxonomy/taxa/helleborusviridis","http://www.verspreidingsatlas.nl/thumbs/map_605.jpg","","2026-09-10"
"0937","Helminthotheca echioides","(L.) Holub","Dubbelkelk","Asteraceae","http://www.verspreidingsatlas.nl/0937","http://ndff-ecogrid.nl/taxonomy/taxa/helminthothecaechioides","http://www.verspreidingsatlas.nl/thumbs/map_937.jpg","","2026-09-10"
"0077","Helosciadium inundatum","W.D.J.Koch","Ondergedoken moerasscherm","Apiaceae","http://www.verspreidingsatlas.nl/0077","http://ndff-ecogrid.nl/taxonomy/taxa/helosciadiuminundatum","http://www.verspreidingsatlas.nl/thumbs/map_77.jpg","","2026-09-10"
"0078","Helosciadium nodiflorum","(L.) Koch","Groot moerasscherm","Apiaceae","http://www.verspreidingsatlas.nl/0078","http://ndff-ecogrid.nl/taxonomy/taxa/helosciadiumnodiflorum","http://www.verspreidingsatlas.nl/thumbs/map_78.jpg","","2026-09-10"
"0079","Helosciadium repens","(Jacq.) Koch","Kruipend moerasscherm","Apiaceae","http://www.verspreidingsatlas.nl/0079","http://ndff-ecogrid.nl/taxonomy/taxa/helosciadiumrepens","http://www.verspreidingsatlas.nl/thumbs/map_79.jpg","","2026-09-10"
"5073","Hemerocallis fulva","(L.) L.","Bruine daglelie","Liliaceae","http://www.verspreidingsatlas.nl/5073","http://ndff-ecogrid.nl/taxonomy/taxa/hemerocallisfulva","http://www.verspreidingsatlas.nl/thumbs/map_5073.jpg","","2026-09-10"
"0606","Heracleum mantegazzianum","Sommier & Levier","Reuzenberenklauw","Apiaceae","http://www.verspreidingsatlas.nl/0606","http://ndff-ecogrid.nl/taxonomy/taxa/heracleummantegazzianum","http://www.verspreidingsatlas.nl/thumbs/map_606.jpg","","2026-09-10"
"0607","Heracleum sphondylium subsp. sphondylium","","Gewone berenklauw","Apiaceae","http://www.verspreidingsatlas.nl/0607","http://ndff-ecogrid.nl/taxonomy/taxa/heracleumsphondyliumsubspsphondylium","http://www.verspreidingsatlas.nl/thumbs/map_607.jpg","","2026-09-10"
"0608","Herminium monorchis","(L.) R. Br.","Honingorchis","Orchidaceae","http://www.verspreidingsatlas.nl/0608","http://ndff-ecogrid.nl/taxonomy/taxa/herminiummonorchis","http://www.verspreidingsatlas.nl/thumbs/map_608.jpg","","2026-09-10"
"0609","Herniaria glabra","L.","Kaal breukkruid","Caryophyllaceae","http://www.verspreidingsatlas.nl/0609","http://ndff-ecogrid.nl/taxonomy/taxa/herniariaglabra","http://www.verspreidingsatlas.nl/thumbs/map_609.jpg","","2026-09-10"
"2439","Herniaria hirsuta","L.","Behaard breukkruid","Caryophyllaceae","http://www.verspreidingsatlas.nl/2439","http://ndff-ecogrid.nl/taxonomy/taxa/herniariahirsuta","http://www.verspreidingsatlas.nl/thumbs/map_2439.jpg","","2026-09-10"
"1860","Hesperis matronalis","L.","Damastbloem","Brassicaceae","http://www.verspreidingsatlas.nl/1860","http://ndff-ecogrid.nl/taxonomy/taxa/hesperismatronalis","http://www.verspreidingsatlas.nl/thumbs/map_1860.jpg","","2026-09-10"
"5632","Heuchera sanguinea","Engelm.","Purperklokje","Saxifragaceae","http://www.verspreidingsatlas.nl/5632","http://ndff-ecogrid.nl/taxonomy/taxa/heucherasanguinea","http://www.verspreidingsatlas.nl/thumbs/map_5632.jpg","","2026-09-10"
"8079","Hibiscus syriacus","L.","Althaeastruik","Malvaceae","http://www.verspreidingsatlas.nl/8079","http://ndff-ecogrid.nl/taxonomy/taxa/hibiscussyriacus","http://www.verspreidingsatlas.nl/thumbs/map_8079.jpg","","2026-09-10"
"1694","Hibiscus trionum","L.","Drie-urenbloem","Malvaceae","http://www.verspreidingsatlas.nl/1694","http://ndff-ecogrid.nl/taxonomy/taxa/hibiscustrionum","http://www.verspreidingsatlas.nl/thumbs/map_1694.jpg","","2026-09-10"
"2285","Hieracium sect. Amplexicaulia","(Griseb.) Scheele","Stengelomvattend havikskruid","Asteraceae","http://www.verspreidingsatlas.nl/2285","http://ndff-ecogrid.nl/taxonomy/taxa/hieraciumsecamplexicaulia","http://www.verspreidingsatlas.nl/thumbs/map_2285.jpg","","2026-09-10"
"0625","Hieracium sect. Hieracioides","Dumort.","Schermhavikskruid","Asteraceae","http://www.verspreidingsatlas.nl/0625","http://ndff-ecogrid.nl/taxonomy/taxa/hieraciumsechieracioides","http://www.verspreidingsatlas.nl/thumbs/map_625.jpg","","2026-09-10"
"2417","Hieracium sect. Hieracium","","Muurhavikskruid","Asteraceae","http://www.verspreidingsatlas.nl/2417","http://ndff-ecogrid.nl/taxonomy/taxa/hieraciumsechieracium","http://www.verspreidingsatlas.nl/thumbs/map_2417.jpg","","2026-09-10"
"0624","Hieracium sect. Sabauda","(Fr.) Arv.-Touv.","Boshavikskruid","Asteraceae","http://www.verspreidingsatlas.nl/0624","http://ndff-ecogrid.nl/taxonomy/taxa/hieraciumsecsabauda","http://www.verspreidingsatlas.nl/thumbs/map_624.jpg","","2026-09-10"
"0618","Hieracium sect. Tridentata","(Fr.) Arv.-Touv.","Stijf havikskruid","Asteraceae","http://www.verspreidingsatlas.nl/0618","http://ndff-ecogrid.nl/taxonomy/taxa/hieraciumsectridentata","http://www.verspreidingsatlas.nl/thumbs/map_618.jpg","","2026-09-10"
"5303","Hieracium sect. Vulgata","(Griseb.) Willk. & Lange","Dicht havikskruid","Asteraceae","http://www.verspreidingsatlas.nl/5303","http://ndff-ecogrid.nl/taxonomy/taxa/hieraciumsecvulgata","http://www.verspreidingsatlas.nl/thumbs/map_5303.jpg","","2026-09-10"
"0627","Himantoglossum hircinum","(L.) Spreng.","Bokkenorchis","Orchidaceae","http://www.verspreidingsatlas.nl/0627","http://ndff-ecogrid.nl/taxonomy/taxa/himantoglossumhircinum","http://www.verspreidingsatlas.nl/thumbs/map_627.jpg","","2026-09-10"
"0628","Hippocrepis comosa","L.","Paardenhoefklaver","Fabaceae","http://www.verspreidingsatlas.nl/0628","http://ndff-ecogrid.nl/taxonomy/taxa/hippocrepiscomosa","http://www.verspreidingsatlas.nl/thumbs/map_628.jpg","","2026-09-10"
"0629","Hippophae rhamnoides","L.","Duindoorn","Elaeagnaceae","http://www.verspreidingsatlas.nl/0629","http://ndff-ecogrid.nl/taxonomy/taxa/hippophaerhamnoides","http://www.verspreidingsatlas.nl/thumbs/map_629.jpg","","2026-09-10"
"0630","Hippuris vulgaris","L.","Lidsteng","Plantaginaceae","http://www.verspreidingsatlas.nl/0630","http://ndff-ecogrid.nl/taxonomy/taxa/hippurisvulgaris","http://www.verspreidingsatlas.nl/thumbs/map_630.jpg","","2026-09-10"
"1763","Hirschfeldia incana","(L.) Lagr.-Fossat","Grijze mosterd","Brassicaceae","http://www.verspreidingsatlas.nl/1763","http://ndff-ecogrid.nl/taxonomy/taxa/hirschfeldiaincana","http://www.verspreidingsatlas.nl/thumbs/map_1763.jpg","","2026-09-10"
"0631","Holcus lanatus","L.","Gestreepte witbol","Poaceae","http://www.verspreidingsatlas.nl/0631","http://ndff-ecogrid.nl/taxonomy/taxa/holcuslanatus","http://www.verspreidingsatlas.nl/thumbs/map_631.jpg","","2026-09-10"
"0632","Holcus mollis","L.","Gladde witbol","Poaceae","http://www.verspreidingsatlas.nl/0632","http://ndff-ecogrid.nl/taxonomy/taxa/holcusmollis","http://www.verspreidingsatlas.nl/thumbs/map_632.jpg","","2026-09-10"
"0633","Holosteum umbellatum","L.","Heelbeen","Caryophyllaceae","http://www.verspreidingsatlas.nl/0633","http://ndff-ecogrid.nl/taxonomy/taxa/holosteumumbellatum","http://www.verspreidingsatlas.nl/thumbs/map_633.jpg","","2026-09-10"
"0634","Honckenya peploides","(L.) Ehrh.","Zeepostelein","Caryophyllaceae","http://www.verspreidingsatlas.nl/0634","http://ndff-ecogrid.nl/taxonomy/taxa/honckenyapeploides","http://www.verspreidingsatlas.nl/thumbs/map_634.jpg","","2026-09-10"
"1810","Hordeum distichon","L.","Chevaliergerst","Poaceae","http://www.verspreidingsatlas.nl/1810","http://ndff-ecogrid.nl/taxonomy/taxa/hordeumdistichon","http://www.verspreidingsatlas.nl/thumbs/map_1810.jpg","","2026-09-10"
"1695","Hordeum jubatum","L.","Kwispelgerst","Poaceae","http://www.verspreidingsatlas.nl/1695","http://ndff-ecogrid.nl/taxonomy/taxa/hordeumjubatum","http://www.verspreidingsatlas.nl/thumbs/map_1695.jpg","","2026-09-10"
"0635","Hordeum marinum","Huds.","Zeegerst","Poaceae","http://www.verspreidingsatlas.nl/0635","http://ndff-ecogrid.nl/taxonomy/taxa/hordeummarinum","http://www.verspreidingsatlas.nl/thumbs/map_635.jpg","","2026-09-10"
"0636","Hordeum murinum","L.","Kruipertje","Poaceae","http://www.verspreidingsatlas.nl/0636","http://ndff-ecogrid.nl/taxonomy/taxa/hordeummurinum","http://www.verspreidingsatlas.nl/thumbs/map_636.jpg","","2026-09-10"
"0637","Hordeum secalinum","Schreb.","Veldgerst","Poaceae","http://www.verspreidingsatlas.nl/0637","http://ndff-ecogrid.nl/taxonomy/taxa/hordeumsecalinum","http://www.verspreidingsatlas.nl/thumbs/map_637.jpg","","2026-09-10"
"1811","Hordeum vulgare","L.","Gerst","Poaceae","http://www.verspreidingsatlas.nl/1811","http://ndff-ecogrid.nl/taxonomy/taxa/hordeumvulgare","http://www.verspreidingsatlas.nl/thumbs/map_1811.jpg","","2026-09-10"
"0638","Hottonia palustris","L.","Waterviolier","Primulaceae","http://www.verspreidingsatlas.nl/0638","http://ndff-ecogrid.nl/taxonomy/taxa/hottoniapalustris","http://www.verspreidingsatlas.nl/thumbs/map_638.jpg","","2026-09-10"
"5601","Houttuynia cordata","Thunb.","Moerasanemoon","Saururaceae","http://www.verspreidingsatlas.nl/5601","http://ndff-ecogrid.nl/taxonomy/taxa/houttuyniacordata","http://www.verspreidingsatlas.nl/thumbs/map_5601.jpg","","2026-09-10"
"0639","Humulus lupulus","L.","Hop","Cannabaceae","http://www.verspreidingsatlas.nl/0639","http://ndff-ecogrid.nl/taxonomy/taxa/humuluslupulus","http://www.verspreidingsatlas.nl/thumbs/map_639.jpg","","2026-09-10"
"9188","Humulus scandens","(Lour.) Merr.","Oosterse hop","Cannabaceae","http://www.verspreidingsatlas.nl/9188","http://ndff-ecogrid.nl/taxonomy/taxa/humulusscandens","http://www.verspreidingsatlas.nl/thumbs/map_9188.jpg","","2026-09-10"
"0778","Huperzia selago","(L.) Bernh. ex Schrank & Mart.","Dennenwolfsklauw","Lycopodiaceae","http://www.verspreidingsatlas.nl/0778","http://ndff-ecogrid.nl/taxonomy/taxa/huperziaselago","http://www.verspreidingsatlas.nl/thumbs/map_778.jpg","","2026-09-10"
"1151","Hyacinthoides x massartiana","Geerinck","Basterdhyacint","Asparagaceae","http://www.verspreidingsatlas.nl/1151","http://ndff-ecogrid.nl/taxonomy/taxa/hyacinthoidesxmassartiana","http://www.verspreidingsatlas.nl/thumbs/map_1151.jpg","","2026-09-10"
"2294","Hyacinthus orientalis","L.","Hyacint","Asparagaceae","http://www.verspreidingsatlas.nl/2294","http://ndff-ecogrid.nl/taxonomy/taxa/hyacinthusorientalis","http://www.verspreidingsatlas.nl/thumbs/map_2294.jpg","","2026-09-10"
"6878","Hydrilla verticillata","(L. f.) Royle","Hydrilla","Hydrocharitaceae","http://www.verspreidingsatlas.nl/6878","http://ndff-ecogrid.nl/taxonomy/taxa/hydrillaverticillata","http://www.verspreidingsatlas.nl/thumbs/map_6878.jpg","","2026-09-10"
"0640","Hydrocharis morsus-ranae","L.","Kikkerbeet","Hydrocharitaceae","http://www.verspreidingsatlas.nl/0640","http://ndff-ecogrid.nl/taxonomy/taxa/hydrocharismorsusranae","http://www.verspreidingsatlas.nl/thumbs/map_640.jpg","","2026-09-10"
"2490","Hydrocotyle ranunculoides","L. f.","Grote waternavel","Araliaceae","http://www.verspreidingsatlas.nl/2490","http://ndff-ecogrid.nl/taxonomy/taxa/hydrocotyleranunculoides","http://www.verspreidingsatlas.nl/thumbs/map_2490.jpg","","2026-09-10"
"8061","Hydrocotyle sibthorpioides","Lam.","","Araliaceae","http://www.verspreidingsatlas.nl/8061","http://ndff-ecogrid.nl/taxonomy/taxa/hydrocotylesibthorpioides","http://www.verspreidingsatlas.nl/thumbs/map_8061.jpg","","2026-09-10"
"5580","Hydrocotyle verticillata","Thunb.","","Araliaceae","http://www.verspreidingsatlas.nl/5580","http://ndff-ecogrid.nl/taxonomy/taxa/hydrocotyleverticillata","http://www.verspreidingsatlas.nl/thumbs/map_5580.jpg","","2026-09-10"
"0641","Hydrocotyle vulgaris","L.","Gewone waternavel","Araliaceae","http://www.verspreidingsatlas.nl/0641","http://ndff-ecogrid.nl/taxonomy/taxa/hydrocotylevulgaris","http://www.verspreidingsatlas.nl/thumbs/map_641.jpg","","2026-09-10"
"5512","Hylotelephium 'Herbstfreude'","","Basterdhemelsleutel","Crassulaceae","http://www.verspreidingsatlas.nl/5512","http://ndff-ecogrid.nl/taxonomy/taxa/hylotelephiumherbstfreude","http://www.verspreidingsatlas.nl/thumbs/map_5512.jpg","","2026-09-10"
"5513","Hylotelephium spectabile","(Boreau) H. Ohba","Roze hemelsleutel","Crassulaceae","http://www.verspreidingsatlas.nl/5513","http://ndff-ecogrid.nl/taxonomy/taxa/hylotelephiumspectabile","http://www.verspreidingsatlas.nl/thumbs/map_5513.jpg","","2026-09-10"
"2358","Hylotelephium telephium","(L.) H. Ohba","Hemelsleutel","Crassulaceae","http://www.verspreidingsatlas.nl/2358","http://ndff-ecogrid.nl/taxonomy/taxa/hylotelephiumtelephium","http://www.verspreidingsatlas.nl/thumbs/map_2358.jpg","","2026-09-10"
"5628","Hyoscyamus albus","L.","Wit bilzekruid","Solanaceae","http://www.verspreidingsatlas.nl/5628","http://ndff-ecogrid.nl/taxonomy/taxa/hyoscyamusalbus","http://www.verspreidingsatlas.nl/thumbs/map_5628.jpg","","2026-09-10"
"0642","Hyoscyamus niger","L.","Bilzekruid","Solanaceae","http://www.verspreidingsatlas.nl/0642","http://ndff-ecogrid.nl/taxonomy/taxa/hyoscyamusniger","http://www.verspreidingsatlas.nl/thumbs/map_642.jpg","","2026-09-10"
"2491","Hypericum androsaemum","L.","Mansbloed","Hypericaceae","http://www.verspreidingsatlas.nl/2491","http://ndff-ecogrid.nl/taxonomy/taxa/hypericumandrosaemum","http://www.verspreidingsatlas.nl/thumbs/map_2491.jpg","","2026-09-10"
"0643","Hypericum canadense","L.","Canadees hertshooi","Hypericaceae","http://www.verspreidingsatlas.nl/0643","http://ndff-ecogrid.nl/taxonomy/taxa/hypericumcanadense","http://www.verspreidingsatlas.nl/thumbs/map_643.jpg","","2026-09-10"
"0644","Hypericum elodes","L.","Moerashertshooi","Hypericaceae","http://www.verspreidingsatlas.nl/0644","http://ndff-ecogrid.nl/taxonomy/taxa/hypericumelodes","http://www.verspreidingsatlas.nl/thumbs/map_644.jpg","","2026-09-10"
"0645","Hypericum hirsutum","L.","Ruig hertshooi","Hypericaceae","http://www.verspreidingsatlas.nl/0645","http://ndff-ecogrid.nl/taxonomy/taxa/hypericumhirsutum","http://www.verspreidingsatlas.nl/thumbs/map_645.jpg","","2026-09-10"
"0646","Hypericum humifusum","L.","Liggend hertshooi","Hypericaceae","http://www.verspreidingsatlas.nl/0646","http://ndff-ecogrid.nl/taxonomy/taxa/hypericumhumifusum","http://www.verspreidingsatlas.nl/thumbs/map_646.jpg","","2026-09-10"
"2342","Hypericum maculatum","L.","Kantig / Gevlekt hertshooi","Hypericaceae","http://www.verspreidingsatlas.nl/2342","http://ndff-ecogrid.nl/taxonomy/taxa/hypericummaculatum","http://www.verspreidingsatlas.nl/thumbs/map_2342.jpg","","2026-09-10"
"1482","Hypericum maculatum subsp. maculatum","","Gevlekt hertshooi","Hypericaceae","http://www.verspreidingsatlas.nl/1482","http://ndff-ecogrid.nl/taxonomy/taxa/hypericummaculatumsubspmaculatum","http://www.verspreidingsatlas.nl/thumbs/map_1482.jpg","","2026-09-10"
"0647","Hypericum maculatum subsp. obtusiusculum","(Tourlet) Hayek","Kantig hertshooi","Hypericaceae","http://www.verspreidingsatlas.nl/0647","http://ndff-ecogrid.nl/taxonomy/taxa/hypericummaculatumsubspobtusiusculum","http://www.verspreidingsatlas.nl/thumbs/map_647.jpg","","2026-09-10"
"6973","Hypericum majus","(A. Gray) Britton","","Hypericaceae","http://www.verspreidingsatlas.nl/6973","http://ndff-ecogrid.nl/taxonomy/taxa/hypericummajus","http://www.verspreidingsatlas.nl/thumbs/map_6973.jpg","","2026-09-10"
"0648","Hypericum montanum","L.","Berghertshooi","Hypericaceae","http://www.verspreidingsatlas.nl/0648","http://ndff-ecogrid.nl/taxonomy/taxa/hypericummontanum","http://www.verspreidingsatlas.nl/thumbs/map_648.jpg","","2026-09-10"
"8255","Hypericum olympicum","L.","","Hypericaceae","http://www.verspreidingsatlas.nl/8255","http://ndff-ecogrid.nl/taxonomy/taxa/hypericumolympicum","http://www.verspreidingsatlas.nl/thumbs/map_8255.jpg","","2026-09-10"
"0649","Hypericum perforatum","L.","Sint-Janskruid","Hypericaceae","http://www.verspreidingsatlas.nl/0649","http://ndff-ecogrid.nl/taxonomy/taxa/hypericumperforatum","http://www.verspreidingsatlas.nl/thumbs/map_649.jpg","","2026-09-10"
"0650","Hypericum pulchrum","L.","Fraai hertshooi","Hypericaceae","http://www.verspreidingsatlas.nl/0650","http://ndff-ecogrid.nl/taxonomy/taxa/hypericumpulchrum","http://www.verspreidingsatlas.nl/thumbs/map_650.jpg","","2026-09-10"
"0651","Hypericum tetrapterum","Fr.","Gevleugeld hertshooi","Hypericaceae","http://www.verspreidingsatlas.nl/0651","http://ndff-ecogrid.nl/taxonomy/taxa/hypericumtetrapterum","http://www.verspreidingsatlas.nl/thumbs/map_651.jpg","","2026-09-10"
"1408","Hypericum x desetangsii","Lamotte","Frans hertshooi","Hypericaceae","http://www.verspreidingsatlas.nl/1408","http://ndff-ecogrid.nl/taxonomy/taxa/hypericumxdesetangsii","http://www.verspreidingsatlas.nl/thumbs/map_1408.jpg","","2026-09-10"
"0652","Hypochaeris glabra","L.","Glad biggenkruid","Asteraceae","http://www.verspreidingsatlas.nl/0652","http://ndff-ecogrid.nl/taxonomy/taxa/hypochaerisglabra","http://www.verspreidingsatlas.nl/thumbs/map_652.jpg","","2026-09-10"
"0653","Hypochaeris maculata","L.","Gevlekt biggenkruid","Asteraceae","http://www.verspreidingsatlas.nl/0653","http://ndff-ecogrid.nl/taxonomy/taxa/hypochaerismaculata","http://www.verspreidingsatlas.nl/thumbs/map_653.jpg","","2026-09-10"
"0654","Hypochaeris radicata","L.","Gewoon biggenkruid","Asteraceae","http://www.verspreidingsatlas.nl/0654","http://ndff-ecogrid.nl/taxonomy/taxa/hypochaerisradicata","http://www.verspreidingsatlas.nl/thumbs/map_654.jpg","","2026-09-10"
"0656","Hyssopus officinalis","L.","Hyssop","Lamiaceae","http://www.verspreidingsatlas.nl/0656","http://ndff-ecogrid.nl/taxonomy/taxa/hyssopusofficinalis","http://www.verspreidingsatlas.nl/thumbs/map_656.jpg","","2026-09-10"
"0657","Iberis amara","L.","Bittere scheefbloem","Brassicaceae","http://www.verspreidingsatlas.nl/0657","http://ndff-ecogrid.nl/taxonomy/taxa/iberisamara","http://www.verspreidingsatlas.nl/thumbs/map_657.jpg","","2026-09-10"
"1861","Iberis umbellata","L.","Schermscheefbloem","Brassicaceae","http://www.verspreidingsatlas.nl/1861","http://ndff-ecogrid.nl/taxonomy/taxa/iberisumbellata","http://www.verspreidingsatlas.nl/thumbs/map_1861.jpg","","2026-09-10"
"0658","Ilex aquifolium","L.","Hulst","Aquifoliaceae","http://www.verspreidingsatlas.nl/0658","http://ndff-ecogrid.nl/taxonomy/taxa/ilexaquifolium","http://www.verspreidingsatlas.nl/thumbs/map_658.jpg","","2026-09-10"
"5701","Ilex crenata","Thunb.","Japanse hulst","Aquifoliaceae","http://www.verspreidingsatlas.nl/5701","http://ndff-ecogrid.nl/taxonomy/taxa/ilexcrenata","http://www.verspreidingsatlas.nl/thumbs/map_5701.jpg","","2026-09-10"
"0659","Illecebrum verticillatum","L.","Grondster","Caryophyllaceae","http://www.verspreidingsatlas.nl/0659","http://ndff-ecogrid.nl/taxonomy/taxa/illecebrumverticillatum","http://www.verspreidingsatlas.nl/thumbs/map_659.jpg","","2026-09-10"
"5361","Impatiens balfourii","Hook. f.","Tweekleurig springzaad","Balsaminaceae","http://www.verspreidingsatlas.nl/5361","http://ndff-ecogrid.nl/taxonomy/taxa/impatiensbalfourii","http://www.verspreidingsatlas.nl/thumbs/map_5361.jpg","","2026-09-10"
"2463","Impatiens capensis","Meerb.","Oranje springzaad","Balsaminaceae","http://www.verspreidingsatlas.nl/2463","http://ndff-ecogrid.nl/taxonomy/taxa/impatienscapensis","http://www.verspreidingsatlas.nl/thumbs/map_2463.jpg","","2026-09-10"
"8462","Impatiens edgeworthii","Hook. f.","Bont springzaad","Balsaminaceae","http://www.verspreidingsatlas.nl/8462","http://ndff-ecogrid.nl/taxonomy/taxa/impatiensedgeworthii","http://www.verspreidingsatlas.nl/thumbs/map_8462.jpg","","2026-09-10"
"1862","Impatiens glandulifera","Royle","Reuzenbalsemien","Balsaminaceae","http://www.verspreidingsatlas.nl/1862","http://ndff-ecogrid.nl/taxonomy/taxa/impatiensglandulifera","http://www.verspreidingsatlas.nl/thumbs/map_1862.jpg","","2026-09-10"
"0660","Impatiens noli-tangere","L.","Groot springzaad","Balsaminaceae","http://www.verspreidingsatlas.nl/0660","http://ndff-ecogrid.nl/taxonomy/taxa/impatiensnolitangere","http://www.verspreidingsatlas.nl/thumbs/map_660.jpg","","2026-09-10"
"0661","Impatiens parviflora","DC.","Klein springzaad","Balsaminaceae","http://www.verspreidingsatlas.nl/0661","http://ndff-ecogrid.nl/taxonomy/taxa/impatiensparviflora","http://www.verspreidingsatlas.nl/thumbs/map_661.jpg","","2026-09-10"
"5649","Impatiens tricornis","Lindl.","Ruig springzaad","Balsaminaceae","http://www.verspreidingsatlas.nl/5649","http://ndff-ecogrid.nl/taxonomy/taxa/impatienstricornis","http://www.verspreidingsatlas.nl/thumbs/map_5649.jpg","","2026-09-10"
"0662","Inula britannica","L.","Engelse alant","Asteraceae","http://www.verspreidingsatlas.nl/0662","http://ndff-ecogrid.nl/taxonomy/taxa/inulabritannica","http://www.verspreidingsatlas.nl/thumbs/map_662.jpg","","2026-09-10"
"0663","Inula conyzae","(Griesselich) Meikle","Donderkruid","Asteraceae","http://www.verspreidingsatlas.nl/0663","http://ndff-ecogrid.nl/taxonomy/taxa/inulaconyzae","http://www.verspreidingsatlas.nl/thumbs/map_663.jpg","","2026-09-10"
"5536","Inula crithmoides","L.","Zeealant","Asteraceae","http://www.verspreidingsatlas.nl/5536","http://ndff-ecogrid.nl/taxonomy/taxa/inulacrithmoides","http://www.verspreidingsatlas.nl/thumbs/map_5536.jpg","","2026-09-10"
"5076","Inula helenium","L.","Griekse alant","Asteraceae","http://www.verspreidingsatlas.nl/5076","http://ndff-ecogrid.nl/taxonomy/taxa/inulahelenium","http://www.verspreidingsatlas.nl/thumbs/map_5076.jpg","","2026-09-10"
"5606","Inula racemosa","Hook. f.","Trosalant","Asteraceae","http://www.verspreidingsatlas.nl/5606","http://ndff-ecogrid.nl/taxonomy/taxa/inularacemosa","http://www.verspreidingsatlas.nl/thumbs/map_5606.jpg","","2026-09-10"
"0664","Inula salicina","L.","Wilgalant","Asteraceae","http://www.verspreidingsatlas.nl/0664","http://ndff-ecogrid.nl/taxonomy/taxa/inulasalicina","http://www.verspreidingsatlas.nl/thumbs/map_664.jpg","","2026-09-10"
"5620","Ipheion uniflorum","(Lindl.) Raf.","Voorjaarsster","Amaryllidaceae","http://www.verspreidingsatlas.nl/5620","http://ndff-ecogrid.nl/taxonomy/taxa/ipheionuniflorum","http://www.verspreidingsatlas.nl/thumbs/map_5620.jpg","","2026-09-10"
"1696","Ipomoea hederacea","Jacq.","Klimopwinde","Convolvulaceae","http://www.verspreidingsatlas.nl/1696","http://ndff-ecogrid.nl/taxonomy/taxa/ipomoeahederacea","http://www.verspreidingsatlas.nl/thumbs/map_1696.jpg","","2026-09-10"
"1863","Ipomoea purpurea","(L.) Roth","Dagwinde","Convolvulaceae","http://www.verspreidingsatlas.nl/1863","http://ndff-ecogrid.nl/taxonomy/taxa/ipomoeapurpurea","http://www.verspreidingsatlas.nl/thumbs/map_1863.jpg","","2026-09-10"
"5077","Iris foetidissima","L.","Stinkende lis","Iridaceae","http://www.verspreidingsatlas.nl/5077","http://ndff-ecogrid.nl/taxonomy/taxa/irisfoetidissima","http://www.verspreidingsatlas.nl/thumbs/map_5077.jpg","","2026-09-10"
"0665","Iris pseudacorus","L.","Gele lis","Iridaceae","http://www.verspreidingsatlas.nl/0665","http://ndff-ecogrid.nl/taxonomy/taxa/irispseudacorus","http://www.verspreidingsatlas.nl/thumbs/map_665.jpg","","2026-09-10"
"8260","Iris versicolor","L.","Amerikaanse blauwe lis","Iridaceae","http://www.verspreidingsatlas.nl/8260","http://ndff-ecogrid.nl/taxonomy/taxa/irisversicolor","http://www.verspreidingsatlas.nl/thumbs/map_8260.jpg","","2026-09-10"
"0666","Isatis tinctoria","L.","Wede","Brassicaceae","http://www.verspreidingsatlas.nl/0666","http://ndff-ecogrid.nl/taxonomy/taxa/isatistinctoria","http://www.verspreidingsatlas.nl/thumbs/map_666.jpg","","2026-09-10"
"0668","Isoetes echinospora","Durieu","Kleine biesvaren","Isoetaceae","http://www.verspreidingsatlas.nl/0668","http://ndff-ecogrid.nl/taxonomy/taxa/isoetesechinospora","http://www.verspreidingsatlas.nl/thumbs/map_668.jpg","","2026-09-10"
"0667","Isoetes lacustris","L.","Grote biesvaren","Isoetaceae","http://www.verspreidingsatlas.nl/0667","http://ndff-ecogrid.nl/taxonomy/taxa/isoeteslacustris","http://www.verspreidingsatlas.nl/thumbs/map_667.jpg","","2026-09-10"
"10295","Isolepis cernua","(Vahl) Roem. & Schult.","Knikkende bies","Cyperaceae","http://www.verspreidingsatlas.nl/10295","http://ndff-ecogrid.nl/taxonomy/taxa/isolepiscernua","http://www.verspreidingsatlas.nl/thumbs/map_10295.jpg","","2026-09-10"
"1154","Isolepis fluitans","(L.) R. Br.","Vlottende bies","Cyperaceae","http://www.verspreidingsatlas.nl/1154","http://ndff-ecogrid.nl/taxonomy/taxa/isolepisfluitans","http://www.verspreidingsatlas.nl/thumbs/map_1154.jpg","","2026-09-10"
"1159","Isolepis setacea","(L.) R. Br.","Borstelbies","Cyperaceae","http://www.verspreidingsatlas.nl/1159","http://ndff-ecogrid.nl/taxonomy/taxa/isolepissetacea","http://www.verspreidingsatlas.nl/thumbs/map_1159.jpg","","2026-09-10"
"9495","Isotoma axillaris","Lindl.","Isotoma","Campanulaceae","http://www.verspreidingsatlas.nl/9495","http://ndff-ecogrid.nl/taxonomy/taxa/isotomaaxillaris","http://www.verspreidingsatlas.nl/thumbs/map_9495.jpg","","2026-09-10"
"5078","Iva xanthifolia","Nutt.","Iva","Asteraceae","http://www.verspreidingsatlas.nl/5078","http://ndff-ecogrid.nl/taxonomy/taxa/ivaxanthifolia","http://www.verspreidingsatlas.nl/thumbs/map_5078.jpg","","2026-09-10"
"1183","Jacobaea aquatica","(Hill) P. Gaertn., B. Mey. & Scherb.","Waterkruiskruid","Asteraceae","http://www.verspreidingsatlas.nl/1183","http://ndff-ecogrid.nl/taxonomy/taxa/jacobaeaaquatica","http://www.verspreidingsatlas.nl/thumbs/map_1183.jpg","","2026-09-10"
"5496","Jacobaea aquatica var. aquatica","(Hill) P. Gaertn., B. Mey. & Scherb.","Waterkruiskruid var. aquatica","Asteraceae","http://www.verspreidingsatlas.nl/5496","http://ndff-ecogrid.nl/taxonomy/taxa/jacobaeaaquaticavaraquatica","http://www.verspreidingsatlas.nl/thumbs/map_5496.jpg","","2026-09-10"
"1529","Jacobaea aquatica var. erratica","(Bertol.) Pelser & Meijden","Waterkruiskruid var. erratica","Asteraceae","http://www.verspreidingsatlas.nl/1529","http://ndff-ecogrid.nl/taxonomy/taxa/jacobaeaaquaticavarerratica","http://www.verspreidingsatlas.nl/thumbs/map_1529.jpg","","2026-09-10"
"1185","Jacobaea erucifolia","(L.) G. Gaertn., B. Mey. & Scherb.","Viltig kruiskruid","Asteraceae","http://www.verspreidingsatlas.nl/1185","http://ndff-ecogrid.nl/taxonomy/taxa/jacobaeaerucifolia","http://www.verspreidingsatlas.nl/thumbs/map_1185.jpg","","2026-09-10"
"5441","Jacobaea maritima","(L.) Pelser & Meijden","Zilverkruiskruid","Asteraceae","http://www.verspreidingsatlas.nl/5441","http://ndff-ecogrid.nl/taxonomy/taxa/jacobaeamaritima","http://www.verspreidingsatlas.nl/thumbs/map_5441.jpg","","2026-09-10"
"1189","Jacobaea paludosa","(L.) G. Gaertn., B. Mey. & Scherb.","Moeraskruiskruid","Asteraceae","http://www.verspreidingsatlas.nl/1189","http://ndff-ecogrid.nl/taxonomy/taxa/jacobaeapaludosa","http://www.verspreidingsatlas.nl/thumbs/map_1189.jpg","","2026-09-10"
"2290","Jacobaea vulgaris","P. Gaertn.","Jakobskruiskruid / Duinkruiskruid","Asteraceae","http://www.verspreidingsatlas.nl/2290","http://ndff-ecogrid.nl/taxonomy/taxa/jacobaeavulgaris","http://www.verspreidingsatlas.nl/thumbs/map_2290.jpg","","2026-09-10"
"1530","Jacobaea vulgaris subsp. dunensis","(Dumort.) Pelser & Meijden","Duinkruiskruid","Asteraceae","http://www.verspreidingsatlas.nl/1530","http://ndff-ecogrid.nl/taxonomy/taxa/jacobaeavulgarissubspdunensis","http://www.verspreidingsatlas.nl/thumbs/map_1530.jpg","","2026-09-10"
"1188","Jacobaea vulgaris subsp. vulgaris","Gaertn.","Gewoon jakobskruiskruid","Asteraceae","http://www.verspreidingsatlas.nl/1188","http://ndff-ecogrid.nl/taxonomy/taxa/jacobaeavulgarissubspvulgaris","http://www.verspreidingsatlas.nl/thumbs/map_1188.jpg","","2026-09-10"
"0669","Jasione montana","L.","Zandblauwtje","Campanulaceae","http://www.verspreidingsatlas.nl/0669","http://ndff-ecogrid.nl/taxonomy/taxa/jasionemontana","http://www.verspreidingsatlas.nl/thumbs/map_669.jpg","","2026-09-10"
"5225","Jasminum nudiflorum","Lindl.","Winterjasmijn","Oleaceae","http://www.verspreidingsatlas.nl/5225","http://ndff-ecogrid.nl/taxonomy/taxa/jasminumnudiflorum","http://www.verspreidingsatlas.nl/thumbs/map_5225.jpg","","2026-09-10"
"6979","Juglans nigra","L.","Zwarte walnoot","Juglandaceae","http://www.verspreidingsatlas.nl/6979","http://ndff-ecogrid.nl/taxonomy/taxa/juglansnigra","http://www.verspreidingsatlas.nl/thumbs/map_6979.jpg","","2026-09-10"
"2303","Juglans regia","L.","Okkernoot","Juglandaceae","http://www.verspreidingsatlas.nl/2303","http://ndff-ecogrid.nl/taxonomy/taxa/juglansregia","http://www.verspreidingsatlas.nl/thumbs/map_2303.jpg","","2026-09-10"
"0670","Juncus acutiflorus","Hoffm.","Veldrus","Juncaceae","http://www.verspreidingsatlas.nl/0670","http://ndff-ecogrid.nl/taxonomy/taxa/juncusacutiflorus","http://www.verspreidingsatlas.nl/thumbs/map_670.jpg","","2026-09-10"
"0682","Juncus alpinoarticulatus","Chaix","Alpenrus","Juncaceae","http://www.verspreidingsatlas.nl/0682","http://ndff-ecogrid.nl/taxonomy/taxa/juncusalpinoarticulatussubspalpinoarticulatus","http://www.verspreidingsatlas.nl/thumbs/map_682.jpg","","2026-09-10"
"0672","Juncus anceps","Laharpe","Duinrus","Juncaceae","http://www.verspreidingsatlas.nl/0672","http://ndff-ecogrid.nl/taxonomy/taxa/juncusanceps","http://www.verspreidingsatlas.nl/thumbs/map_672.jpg","","2026-09-10"
"0673","Juncus articulatus","L.","Zomprus","Juncaceae","http://www.verspreidingsatlas.nl/0673","http://ndff-ecogrid.nl/taxonomy/taxa/juncusarticulatus","http://www.verspreidingsatlas.nl/thumbs/map_673.jpg","","2026-09-10"
"0674","Juncus balticus","Willd.","Noordse rus","Juncaceae","http://www.verspreidingsatlas.nl/0674","http://ndff-ecogrid.nl/taxonomy/taxa/juncusbalticus","http://www.verspreidingsatlas.nl/thumbs/map_674.jpg","","2026-09-10"
"0675","Juncus bufonius","L.","Greppelrus","Juncaceae","http://www.verspreidingsatlas.nl/0675","http://ndff-ecogrid.nl/taxonomy/taxa/juncusbufonius","http://www.verspreidingsatlas.nl/thumbs/map_675.jpg","","2026-09-10"
"2343","Juncus bulbosus","L.","Knolrus","Juncaceae","http://www.verspreidingsatlas.nl/2343","http://ndff-ecogrid.nl/taxonomy/taxa/juncusbulbosus","http://www.verspreidingsatlas.nl/thumbs/map_2343.jpg","","2026-09-10"
"1409","Juncus canadensis","J. Gay ex Laharpe","Canadese rus","Juncaceae","http://www.verspreidingsatlas.nl/1409","http://ndff-ecogrid.nl/taxonomy/taxa/juncuscanadensis","http://www.verspreidingsatlas.nl/thumbs/map_1409.jpg","","2026-09-10"
"0677","Juncus capitatus","Weigel","Koprus","Juncaceae","http://www.verspreidingsatlas.nl/0677","http://ndff-ecogrid.nl/taxonomy/taxa/juncuscapitatus","http://www.verspreidingsatlas.nl/thumbs/map_677.jpg","","2026-09-10"
"0678","Juncus compressus","Jacq.","Platte rus","Juncaceae","http://www.verspreidingsatlas.nl/0678","http://ndff-ecogrid.nl/taxonomy/taxa/juncuscompressus","http://www.verspreidingsatlas.nl/thumbs/map_678.jpg","","2026-09-10"
"0679","Juncus conglomeratus","L.","Biezenknoppen","Juncaceae","http://www.verspreidingsatlas.nl/0679","http://ndff-ecogrid.nl/taxonomy/taxa/juncusconglomeratus","http://www.verspreidingsatlas.nl/thumbs/map_679.jpg","","2026-09-10"
"8007","Juncus dichotomus","Elliott","","Juncaceae","http://www.verspreidingsatlas.nl/8007","http://ndff-ecogrid.nl/taxonomy/taxa/juncusdichotomus","http://www.verspreidingsatlas.nl/thumbs/map_8007.jpg","","2026-09-10"
"8022","Juncus dudleyi","Wiegand","Samengetrokken rus","Juncaceae","http://www.verspreidingsatlas.nl/8022","http://ndff-ecogrid.nl/taxonomy/taxa/juncusdudleyi","http://www.verspreidingsatlas.nl/thumbs/map_8022.jpg","","2026-09-10"
"0680","Juncus effusus","L.","Pitrus","Juncaceae","http://www.verspreidingsatlas.nl/0680","http://ndff-ecogrid.nl/taxonomy/taxa/juncuseffusus","http://www.verspreidingsatlas.nl/thumbs/map_680.jpg","","2026-09-10"
"2425","Juncus ensifolius","Wikstr.","Zwaardrus","Juncaceae","http://www.verspreidingsatlas.nl/2425","http://ndff-ecogrid.nl/taxonomy/taxa/juncusensifolius","http://www.verspreidingsatlas.nl/thumbs/map_2425.jpg","","2026-09-10"
"0681","Juncus filiformis","L.","Draadrus","Juncaceae","http://www.verspreidingsatlas.nl/0681","http://ndff-ecogrid.nl/taxonomy/taxa/juncusfiliformis","http://www.verspreidingsatlas.nl/thumbs/map_681.jpg","","2026-09-10"
"5079","Juncus foliosus","Desf.","Gestreepte greppelrus","Juncaceae","http://www.verspreidingsatlas.nl/5079","http://ndff-ecogrid.nl/taxonomy/taxa/juncusfoliosus","http://www.verspreidingsatlas.nl/thumbs/map_5079.jpg","","2026-09-10"
"0683","Juncus gerardii","Loisel.","Zilte rus","Juncaceae","http://www.verspreidingsatlas.nl/0683","http://ndff-ecogrid.nl/taxonomy/taxa/juncusgerardii","http://www.verspreidingsatlas.nl/thumbs/map_683.jpg","","2026-09-10"
"0684","Juncus inflexus","L.","Zeegroene rus","Juncaceae","http://www.verspreidingsatlas.nl/0684","http://ndff-ecogrid.nl/taxonomy/taxa/juncusinflexus","http://www.verspreidingsatlas.nl/thumbs/map_684.jpg","","2026-09-10"
"0685","Juncus maritimus","Lam.","Zeerus","Juncaceae","http://www.verspreidingsatlas.nl/0685","http://ndff-ecogrid.nl/taxonomy/taxa/juncusmaritimus","http://www.verspreidingsatlas.nl/thumbs/map_685.jpg","","2026-09-10"
"0686","Juncus pygmaeus","Rich.","Dwergrus","Juncaceae","http://www.verspreidingsatlas.nl/0686","http://ndff-ecogrid.nl/taxonomy/taxa/juncuspygmaeus","http://www.verspreidingsatlas.nl/thumbs/map_686.jpg","","2026-09-10"
"0671","Juncus ranarius","Songeon & E.P. Perrier","Zilte greppelrus","Juncaceae","http://www.verspreidingsatlas.nl/0671","http://ndff-ecogrid.nl/taxonomy/taxa/juncusranarius","http://www.verspreidingsatlas.nl/thumbs/map_671.jpg","","2026-09-10"
"0687","Juncus squarrosus","L.","Trekrus","Juncaceae","http://www.verspreidingsatlas.nl/0687","http://ndff-ecogrid.nl/taxonomy/taxa/juncussquarrosus","http://www.verspreidingsatlas.nl/thumbs/map_687.jpg","","2026-09-10"
"0688","Juncus subnodulosus","Schrank","Paddenrus","Juncaceae","http://www.verspreidingsatlas.nl/0688","http://ndff-ecogrid.nl/taxonomy/taxa/juncussubnodulosus","http://www.verspreidingsatlas.nl/thumbs/map_688.jpg","","2026-09-10"
"0689","Juncus tenageia","Ehrh. ex L. f.","Wijdbloeiende rus","Juncaceae","http://www.verspreidingsatlas.nl/0689","http://ndff-ecogrid.nl/taxonomy/taxa/juncustenageia","http://www.verspreidingsatlas.nl/thumbs/map_689.jpg","","2026-09-10"
"0690","Juncus tenuis","Willd.","Tengere rus","Juncaceae","http://www.verspreidingsatlas.nl/0690","http://ndff-ecogrid.nl/taxonomy/taxa/juncustenuis","http://www.verspreidingsatlas.nl/thumbs/map_690.jpg","","2026-09-10"
"8023","Juncus x sallandiae","Corporaal & Schaminée","","Juncaceae","http://www.verspreidingsatlas.nl/8023","http://ndff-ecogrid.nl/taxonomy/taxa/juncusxsallandiae","http://www.verspreidingsatlas.nl/thumbs/map_8023.jpg","","2026-09-10"
"0691","Juniperus communis","L.","Jeneverbes","Cupressaceae","http://www.verspreidingsatlas.nl/0691","http://ndff-ecogrid.nl/taxonomy/taxa/juniperuscommunis","http://www.verspreidingsatlas.nl/thumbs/map_691.jpg","","2026-09-10"
"6883","Kerria japonica","(L.) DC.","Kerria","Rosaceae","http://www.verspreidingsatlas.nl/6883","http://ndff-ecogrid.nl/taxonomy/taxa/kerriajaponica","http://www.verspreidingsatlas.nl/thumbs/map_6883.jpg","","2026-09-10"
"0742","Kickxia elatine","(L.) Dumort.","Spiesleeuwenbek","Plantaginaceae","http://www.verspreidingsatlas.nl/0742","http://ndff-ecogrid.nl/taxonomy/taxa/kickxiaelatine","http://www.verspreidingsatlas.nl/thumbs/map_742.jpg","","2026-09-10"
"0744","Kickxia spuria","(L.) Dumort.","Eironde leeuwenbek","Plantaginaceae","http://www.verspreidingsatlas.nl/0744","http://ndff-ecogrid.nl/taxonomy/taxa/kickxiaspuria","http://www.verspreidingsatlas.nl/thumbs/map_744.jpg","","2026-09-10"
"0692","Knautia arvensis","(L.) Coult.","Beemdkroon","Caprifoliaceae","http://www.verspreidingsatlas.nl/0692","http://ndff-ecogrid.nl/taxonomy/taxa/knautiaarvensis","http://www.verspreidingsatlas.nl/thumbs/map_692.jpg","","2026-09-10"
"2450","Knautia dipsacifolia","Kreutzer","Bergknautia","Caprifoliaceae","http://www.verspreidingsatlas.nl/2450","http://ndff-ecogrid.nl/taxonomy/taxa/knautiadipsacifolia","http://www.verspreidingsatlas.nl/thumbs/map_2450.jpg","","2026-09-10"
"10474","Koeleria albescens","DC.","Duinfakkelgras","Poaceae","http://www.verspreidingsatlas.nl/10474","http://ndff-ecogrid.nl/taxonomy/taxa/koeleriaalbescens","http://www.verspreidingsatlas.nl/thumbs/map_10474.jpg","","2026-09-10"
"10522","Koeleria macrantha","(Ledeb.) Schult.","Smal fakkelgras","Poaceae","http://www.verspreidingsatlas.nl/10522","http://ndff-ecogrid.nl/taxonomy/taxa/koeleriamacranthah24","http://www.verspreidingsatlas.nl/thumbs/map_10522.jpg","","2026-09-10"
"0695","Koeleria pyramidata","(Lam.) P. Beauv.","Breed fakkelgras","Poaceae","http://www.verspreidingsatlas.nl/0695","http://ndff-ecogrid.nl/taxonomy/taxa/koeleriapyramidata","http://www.verspreidingsatlas.nl/thumbs/map_695.jpg","","2026-09-10"
"2492","Koelreuteria paniculata","Laxm.","Gele zeepboom","Sapindaceae","http://www.verspreidingsatlas.nl/2492","http://ndff-ecogrid.nl/taxonomy/taxa/koelreuteriapaniculata","http://www.verspreidingsatlas.nl/thumbs/map_2492.jpg","","2026-09-10"
"2228","Laburnum anagyroides","Medik.","Goudenregen","Fabaceae","http://www.verspreidingsatlas.nl/2228","http://ndff-ecogrid.nl/taxonomy/taxa/laburnumanagyroides","http://www.verspreidingsatlas.nl/thumbs/map_2228.jpg","","2026-09-10"
"0698","Lactuca saligna","L.","Wilgsla","Asteraceae","http://www.verspreidingsatlas.nl/0698","http://ndff-ecogrid.nl/taxonomy/taxa/lactucasaligna","http://www.verspreidingsatlas.nl/thumbs/map_698.jpg","","2026-09-10"
"5080","Lactuca sativa","L.","Sla","Asteraceae","http://www.verspreidingsatlas.nl/5080","http://ndff-ecogrid.nl/taxonomy/taxa/lactucasativa","http://www.verspreidingsatlas.nl/thumbs/map_5080.jpg","","2026-09-10"
"0699","Lactuca serriola","L.","Kompassla","Asteraceae","http://www.verspreidingsatlas.nl/0699","http://ndff-ecogrid.nl/taxonomy/taxa/lactucaserriola","http://www.verspreidingsatlas.nl/thumbs/map_699.jpg","","2026-09-10"
"1425","Lactuca tatarica","(L.) C.A. Mey.","Strandsla","Asteraceae","http://www.verspreidingsatlas.nl/1425","http://ndff-ecogrid.nl/taxonomy/taxa/lactucatatarica","http://www.verspreidingsatlas.nl/thumbs/map_1425.jpg","","2026-09-10"
"2384","Lactuca virosa","L.","Gifsla","Asteraceae","http://www.verspreidingsatlas.nl/2384","http://ndff-ecogrid.nl/taxonomy/taxa/lactucavirosa","http://www.verspreidingsatlas.nl/thumbs/map_2384.jpg","","2026-09-10"
"5581","Lagarosiphon major","Moss ex Wager","Verspreidbladige waterpest","Hydrocharitaceae","http://www.verspreidingsatlas.nl/5581","http://ndff-ecogrid.nl/taxonomy/taxa/lagarosiphonmajor","http://www.verspreidingsatlas.nl/thumbs/map_5581.jpg","","2026-09-10"
"1698","Lagurus ovatus","L.","Hazenstaart","Poaceae","http://www.verspreidingsatlas.nl/1698","http://ndff-ecogrid.nl/taxonomy/taxa/lagurusovatus","http://www.verspreidingsatlas.nl/thumbs/map_1698.jpg","","2026-09-10"
"2493","Lamarckia aurea","(L.) Moench","Pluimstaartje","Poaceae","http://www.verspreidingsatlas.nl/2493","http://ndff-ecogrid.nl/taxonomy/taxa/lamarckiaaurea","http://www.verspreidingsatlas.nl/thumbs/map_2493.jpg","","2026-09-10"
"5469","Lamiastrum galeobdolon","(L.) Ehrend. & Polatschek","Gele / Bonte gele dovenetel","Lamiaceae","http://www.verspreidingsatlas.nl/5469","http://ndff-ecogrid.nl/taxonomy/taxa/lamiastrumgaleobdolon","http://www.verspreidingsatlas.nl/thumbs/map_5469.jpg","","2026-09-10"
"1898","Lamiastrum galeobdolon subsp. argentatum","(Smejkal) Stace","Bonte gele dovenetel","Lamiaceae","http://www.verspreidingsatlas.nl/1898","http://ndff-ecogrid.nl/taxonomy/taxa/lamiastrumgaleobdolonsubspargentatum","http://www.verspreidingsatlas.nl/thumbs/map_1898.jpg","","2026-09-10"
"1487","Lamiastrum galeobdolon subsp. galeobdolon","","Kleine gele dovenetel","Lamiaceae","http://www.verspreidingsatlas.nl/1487","http://ndff-ecogrid.nl/taxonomy/taxa/lamiastrumgaleobdolonsubspgaleobdolonss","http://www.verspreidingsatlas.nl/thumbs/map_1487.jpg","","2026-09-10"
"1486","Lamiastrum galeobdolon subsp. montanum","(Pers.) Ehrend. & Polatschek","Grote gele dovenetel","Lamiaceae","http://www.verspreidingsatlas.nl/1486","http://ndff-ecogrid.nl/taxonomy/taxa/lamiastrumgaleobdolonsubspmontanum","http://www.verspreidingsatlas.nl/thumbs/map_1486.jpg","","2026-09-10"
"0700","Lamium album","L.","Witte dovenetel","Lamiaceae","http://www.verspreidingsatlas.nl/0700","http://ndff-ecogrid.nl/taxonomy/taxa/lamiumalbum","http://www.verspreidingsatlas.nl/thumbs/map_700.jpg","","2026-09-10"
"0701","Lamium amplexicaule","L.","Hoenderbeet","Lamiaceae","http://www.verspreidingsatlas.nl/0701","http://ndff-ecogrid.nl/taxonomy/taxa/lamiumamplexicaule","http://www.verspreidingsatlas.nl/thumbs/map_701.jpg","","2026-09-10"
"0705","Lamium confertum","Fr.","Brede dovenetel","Lamiaceae","http://www.verspreidingsatlas.nl/0705","http://ndff-ecogrid.nl/taxonomy/taxa/lamiumconfertum","http://www.verspreidingsatlas.nl/thumbs/map_705.jpg","","2026-09-10"
"0703","Lamium hybridum","Vill.","Ingesneden dovenetel","Lamiaceae","http://www.verspreidingsatlas.nl/0703","http://ndff-ecogrid.nl/taxonomy/taxa/lamiumhybridum","http://www.verspreidingsatlas.nl/thumbs/map_703.jpg","","2026-09-10"
"5475","Lamium maculatum","L.","Gevlekte dovenetel","Lamiaceae","http://www.verspreidingsatlas.nl/5475","http://ndff-ecogrid.nl/taxonomy/taxa/lamiummaculatumsl","http://www.verspreidingsatlas.nl/thumbs/map_5475.jpg","","2026-09-10"
"0706","Lamium purpureum","L.","Paarse dovenetel","Lamiaceae","http://www.verspreidingsatlas.nl/0706","http://ndff-ecogrid.nl/taxonomy/taxa/lamiumpurpureum","http://www.verspreidingsatlas.nl/thumbs/map_706.jpg","","2026-09-10"
"5582","Landoltia punctata","(G. Mey.) Les & D.J. Crawford","Smal kroos","Araceae","http://www.verspreidingsatlas.nl/5582","http://ndff-ecogrid.nl/taxonomy/taxa/landoltiapunctata","http://www.verspreidingsatlas.nl/thumbs/map_5582.jpg","","2026-09-10"
"0707","Lappula squarrosa","(Retz.) Dumort.","Stekelzaad","Boraginaceae","http://www.verspreidingsatlas.nl/0707","http://ndff-ecogrid.nl/taxonomy/taxa/lappulasquarrosa","http://www.verspreidingsatlas.nl/thumbs/map_707.jpg","","2026-09-10"
"0708","Lapsana communis","L.","Akkerkool","Asteraceae","http://www.verspreidingsatlas.nl/0708","http://ndff-ecogrid.nl/taxonomy/taxa/lapsanacommunis","http://www.verspreidingsatlas.nl/thumbs/map_708.jpg","","2026-09-10"
"2229","Larix decidua","Mill.","Europese lork","Pinaceae","http://www.verspreidingsatlas.nl/2229","http://ndff-ecogrid.nl/taxonomy/taxa/larixdecidua","http://www.verspreidingsatlas.nl/thumbs/map_2229.jpg","","2026-09-10"
"2230","Larix kaempferi","(Lamb.) Carrière","Japanse lork","Pinaceae","http://www.verspreidingsatlas.nl/2230","http://ndff-ecogrid.nl/taxonomy/taxa/larixkaempferi","http://www.verspreidingsatlas.nl/thumbs/map_2230.jpg","","2026-09-10"
"2448","Lathraea clandestina","L.","Paarse schubwortel","Orobanchaceae","http://www.verspreidingsatlas.nl/2448","http://ndff-ecogrid.nl/taxonomy/taxa/lathraeaclandestina","http://www.verspreidingsatlas.nl/thumbs/map_2448.jpg","","2026-09-10"
"0709","Lathraea squamaria","L.","Bleke schubwortel","Orobanchaceae","http://www.verspreidingsatlas.nl/0709","http://ndff-ecogrid.nl/taxonomy/taxa/lathraeasquamaria","http://www.verspreidingsatlas.nl/thumbs/map_709.jpg","","2026-09-10"
"0710","Lathyrus aphaca","L.","Naakte lathyrus","Fabaceae","http://www.verspreidingsatlas.nl/0710","http://ndff-ecogrid.nl/taxonomy/taxa/lathyrusaphaca","http://www.verspreidingsatlas.nl/thumbs/map_710.jpg","","2026-09-10"
"1699","Lathyrus hirsutus","L.","Ruige lathyrus","Fabaceae","http://www.verspreidingsatlas.nl/1699","http://ndff-ecogrid.nl/taxonomy/taxa/lathyrushirsutus","http://www.verspreidingsatlas.nl/thumbs/map_1699.jpg","","2026-09-10"
"1426","Lathyrus japonicus","Willd.","Zeelathyrus","Fabaceae","http://www.verspreidingsatlas.nl/1426","http://ndff-ecogrid.nl/taxonomy/taxa/lathyrusjaponicus","http://www.verspreidingsatlas.nl/thumbs/map_1426.jpg","","2026-09-10"
"1864","Lathyrus latifolius","L.","Brede lathyrus","Fabaceae","http://www.verspreidingsatlas.nl/1864","http://ndff-ecogrid.nl/taxonomy/taxa/lathyruslatifolius","http://www.verspreidingsatlas.nl/thumbs/map_1864.jpg","","2026-09-10"
"0711","Lathyrus linifolius","(Reichard) Bassler","Knollathyrus","Fabaceae","http://www.verspreidingsatlas.nl/0711","http://ndff-ecogrid.nl/taxonomy/taxa/lathyruslinifolius","http://www.verspreidingsatlas.nl/thumbs/map_711.jpg","","2026-09-10"
"0712","Lathyrus niger","(L.) Bernh.","Zwarte lathyrus","Fabaceae","http://www.verspreidingsatlas.nl/0712","http://ndff-ecogrid.nl/taxonomy/taxa/lathyrusniger","http://www.verspreidingsatlas.nl/thumbs/map_712.jpg","","2026-09-10"
"0713","Lathyrus nissolia","L.","Graslathyrus","Fabaceae","http://www.verspreidingsatlas.nl/0713","http://ndff-ecogrid.nl/taxonomy/taxa/lathyrusnissolia","http://www.verspreidingsatlas.nl/thumbs/map_713.jpg","","2026-09-10"
"0714","Lathyrus palustris","L.","Moeraslathyrus","Fabaceae","http://www.verspreidingsatlas.nl/0714","http://ndff-ecogrid.nl/taxonomy/taxa/lathyruspalustris","http://www.verspreidingsatlas.nl/thumbs/map_714.jpg","","2026-09-10"
"0715","Lathyrus pratensis","L.","Veldlathyrus","Fabaceae","http://www.verspreidingsatlas.nl/0715","http://ndff-ecogrid.nl/taxonomy/taxa/lathyruspratensis","http://www.verspreidingsatlas.nl/thumbs/map_715.jpg","","2026-09-10"
"0716","Lathyrus sylvestris","L.","Boslathyrus","Fabaceae","http://www.verspreidingsatlas.nl/0716","http://ndff-ecogrid.nl/taxonomy/taxa/lathyrussylvestris","http://www.verspreidingsatlas.nl/thumbs/map_716.jpg","","2026-09-10"
"0717","Lathyrus tuberosus","L.","Aardaker","Fabaceae","http://www.verspreidingsatlas.nl/0717","http://ndff-ecogrid.nl/taxonomy/taxa/lathyrustuberosus","http://www.verspreidingsatlas.nl/thumbs/map_717.jpg","","2026-09-10"
"6885","Lavandula angustifolia","Mill.","Echte lavendel","Lamiaceae","http://www.verspreidingsatlas.nl/6885","http://ndff-ecogrid.nl/taxonomy/taxa/lavandulaangustifolia","http://www.verspreidingsatlas.nl/thumbs/map_6885.jpg","","2026-09-10"
"0719","Leersia oryzoides","(L.) Sw.","Rijstgras","Poaceae","http://www.verspreidingsatlas.nl/0719","http://ndff-ecogrid.nl/taxonomy/taxa/leersiaoryzoides","http://www.verspreidingsatlas.nl/thumbs/map_719.jpg","","2026-09-10"
"0720","Legousia hybrida","(L.) Delarbre","Klein spiegelklokje","Campanulaceae","http://www.verspreidingsatlas.nl/0720","http://ndff-ecogrid.nl/taxonomy/taxa/legousiahybrida","http://www.verspreidingsatlas.nl/thumbs/map_720.jpg","","2026-09-10"
"0721","Legousia speculum-veneris","(L.) Chaix","Groot spiegelklokje","Campanulaceae","http://www.verspreidingsatlas.nl/0721","http://ndff-ecogrid.nl/taxonomy/taxa/legousiaspeculumveneris","http://www.verspreidingsatlas.nl/thumbs/map_721.jpg","","2026-09-10"
"0722","Lemna gibba","L.","Bultkroos","Araceae","http://www.verspreidingsatlas.nl/0722","http://ndff-ecogrid.nl/taxonomy/taxa/lemnagibba","http://www.verspreidingsatlas.nl/thumbs/map_722.jpg","","2026-09-10"
"0723","Lemna minor","L.","Klein kroos","Araceae","http://www.verspreidingsatlas.nl/0723","http://ndff-ecogrid.nl/taxonomy/taxa/lemnaminor","http://www.verspreidingsatlas.nl/thumbs/map_723.jpg","","2026-09-10"
"2426","Lemna minuta","Kunth","Dwergkroos","Araceae","http://www.verspreidingsatlas.nl/2426","http://ndff-ecogrid.nl/taxonomy/taxa/lemnaminuta","http://www.verspreidingsatlas.nl/thumbs/map_2426.jpg","","2026-09-10"
"0724","Lemna trisulca","L.","Puntkroos","Araceae","http://www.verspreidingsatlas.nl/0724","http://ndff-ecogrid.nl/taxonomy/taxa/lemnatrisulca","http://www.verspreidingsatlas.nl/thumbs/map_724.jpg","","2026-09-10"
"5362","Lemna turionifera","Landolt","Knopkroos","Araceae","http://www.verspreidingsatlas.nl/5362","http://ndff-ecogrid.nl/taxonomy/taxa/lemnaturionifera","http://www.verspreidingsatlas.nl/thumbs/map_5362.jpg","","2026-09-10"
"1812","Lens culinaris","Medik.","Linze","Fabaceae","http://www.verspreidingsatlas.nl/1812","http://ndff-ecogrid.nl/taxonomy/taxa/lensculinaris","http://www.verspreidingsatlas.nl/thumbs/map_1812.jpg","","2026-09-10"
"0726","Leontodon hispidus","L.","Ruige leeuwentand","Asteraceae","http://www.verspreidingsatlas.nl/0726","http://ndff-ecogrid.nl/taxonomy/taxa/leontodonhispidus","http://www.verspreidingsatlas.nl/thumbs/map_726.jpg","","2026-09-10"
"0727","Leontodon saxatilis","Lam.","Kleine leeuwentand","Asteraceae","http://www.verspreidingsatlas.nl/0727","http://ndff-ecogrid.nl/taxonomy/taxa/leontodonsaxatilis","http://www.verspreidingsatlas.nl/thumbs/map_727.jpg","","2026-09-10"
"0728","Leonurus cardiaca","L.","Hartgespan","Lamiaceae","http://www.verspreidingsatlas.nl/0728","http://ndff-ecogrid.nl/taxonomy/taxa/leonuruscardiaca","http://www.verspreidingsatlas.nl/thumbs/map_728.jpg","","2026-09-10"
"0729","Lepidium campestre","(L.) W.T. Aiton","Veldkruidkers","Brassicaceae","http://www.verspreidingsatlas.nl/0729","http://ndff-ecogrid.nl/taxonomy/taxa/lepidiumcampestre","http://www.verspreidingsatlas.nl/thumbs/map_729.jpg","","2026-09-10"
"0359","Lepidium coronopus","(L.) Al-Shehbaz","Grove varkenskers","Brassicaceae","http://www.verspreidingsatlas.nl/0359","http://ndff-ecogrid.nl/taxonomy/taxa/lepidiumcoronopus","http://www.verspreidingsatlas.nl/thumbs/map_359.jpg","","2026-09-10"
"1700","Lepidium densiflorum","Schrad.","Dichtbloemige kruidkers","Brassicaceae","http://www.verspreidingsatlas.nl/1700","http://ndff-ecogrid.nl/taxonomy/taxa/lepidiumdensiflorum","http://www.verspreidingsatlas.nl/thumbs/map_1700.jpg","","2026-09-10"
"0358","Lepidium didymum","L.","Kleine varkenskers","Brassicaceae","http://www.verspreidingsatlas.nl/0358","http://ndff-ecogrid.nl/taxonomy/taxa/lepidiumdidymum","http://www.verspreidingsatlas.nl/thumbs/map_358.jpg","","2026-09-10"
"0730","Lepidium draba","L.","Pijlkruidkers","Brassicaceae","http://www.verspreidingsatlas.nl/0730","http://ndff-ecogrid.nl/taxonomy/taxa/lepidiumdraba","http://www.verspreidingsatlas.nl/thumbs/map_730.jpg","","2026-09-10"
"0731","Lepidium graminifolium","L.","Graskers","Brassicaceae","http://www.verspreidingsatlas.nl/0731","http://ndff-ecogrid.nl/taxonomy/taxa/lepidiumgraminifolium","http://www.verspreidingsatlas.nl/thumbs/map_731.jpg","","2026-09-10"
"1701","Lepidium heterophyllum","Benth.","Rozetkruidkers","Brassicaceae","http://www.verspreidingsatlas.nl/1701","http://ndff-ecogrid.nl/taxonomy/taxa/lepidiumheterophyllum","http://www.verspreidingsatlas.nl/thumbs/map_1701.jpg","","2026-09-10"
"0732","Lepidium latifolium","L.","Peperkers","Brassicaceae","http://www.verspreidingsatlas.nl/0732","http://ndff-ecogrid.nl/taxonomy/taxa/lepidiumlatifolium","http://www.verspreidingsatlas.nl/thumbs/map_732.jpg","","2026-09-10"
"1703","Lepidium perfoliatum","L.","Doorgroeide kruidkers","Brassicaceae","http://www.verspreidingsatlas.nl/1703","http://ndff-ecogrid.nl/taxonomy/taxa/lepidiumperfoliatum","http://www.verspreidingsatlas.nl/thumbs/map_1703.jpg","","2026-09-10"
"0733","Lepidium ruderale","L.","Steenkruidkers","Brassicaceae","http://www.verspreidingsatlas.nl/0733","http://ndff-ecogrid.nl/taxonomy/taxa/lepidiumruderale","http://www.verspreidingsatlas.nl/thumbs/map_733.jpg","","2026-09-10"
"1813","Lepidium sativum","L.","Tuinkers","Brassicaceae","http://www.verspreidingsatlas.nl/1813","http://ndff-ecogrid.nl/taxonomy/taxa/lepidiumsativum","http://www.verspreidingsatlas.nl/thumbs/map_1813.jpg","","2026-09-10"
"1704","Lepidium virginicum","L.","Amerikaanse kruidkers","Brassicaceae","http://www.verspreidingsatlas.nl/1704","http://ndff-ecogrid.nl/taxonomy/taxa/lepidiumvirginicum","http://www.verspreidingsatlas.nl/thumbs/map_1704.jpg","","2026-09-10"
"0319","Leucanthemum vulgare","Lam.","Gewone margriet","Asteraceae","http://www.verspreidingsatlas.nl/0319","http://ndff-ecogrid.nl/taxonomy/taxa/leucanthemumvulgare","http://www.verspreidingsatlas.nl/thumbs/map_319.jpg","","2026-09-10"
"2307","Leucanthemum x superbum","(J.W. Ingram) D.H. Kent","Reuzenmargriet","Asteraceae","http://www.verspreidingsatlas.nl/2307","http://ndff-ecogrid.nl/taxonomy/taxa/leucanthemumxsuperbum","http://www.verspreidingsatlas.nl/thumbs/map_2307.jpg","","2026-09-10"
"0734","Leucojum aestivum","L.","Zomerklokje","Amaryllidaceae","http://www.verspreidingsatlas.nl/0734","http://ndff-ecogrid.nl/taxonomy/taxa/leucojumaestivum","http://www.verspreidingsatlas.nl/thumbs/map_734.jpg","","2026-09-10"
"1625","Leucojum vernum","L.","Lenteklokje","Amaryllidaceae","http://www.verspreidingsatlas.nl/1625","http://ndff-ecogrid.nl/taxonomy/taxa/leucojumvernum","http://www.verspreidingsatlas.nl/thumbs/map_1625.jpg","","2026-09-10"
"5084","Levisticum officinale","Koch","Lavas","Apiaceae","http://www.verspreidingsatlas.nl/5084","http://ndff-ecogrid.nl/taxonomy/taxa/levisticumofficinale","http://www.verspreidingsatlas.nl/thumbs/map_5084.jpg","","2026-09-10"
"5408","Leycesteria formosa","Wall.","Fazantenbes","Caprifoliaceae","http://www.verspreidingsatlas.nl/5408","http://ndff-ecogrid.nl/taxonomy/taxa/leycesteriaformosa","http://www.verspreidingsatlas.nl/thumbs/map_5408.jpg","","2026-09-10"
"0443","Leymus arenarius","(L.) Hochst.","Zandhaver","Poaceae","http://www.verspreidingsatlas.nl/0443","http://ndff-ecogrid.nl/taxonomy/taxa/leymusarenarius","http://www.verspreidingsatlas.nl/thumbs/map_443.jpg","","2026-09-10"
"2286","Ligustrum ovalifolium","Hassk.","Haagliguster","Oleaceae","http://www.verspreidingsatlas.nl/2286","http://ndff-ecogrid.nl/taxonomy/taxa/ligustrumovalifolium","http://www.verspreidingsatlas.nl/thumbs/map_2286.jpg","","2026-09-10"
"0736","Ligustrum vulgare","L.","Wilde liguster","Oleaceae","http://www.verspreidingsatlas.nl/0736","http://ndff-ecogrid.nl/taxonomy/taxa/ligustrumvulgare","http://www.verspreidingsatlas.nl/thumbs/map_736.jpg","","2026-09-10"
"5236","Lilium bulbiferum","L.","Roggelelie s.l.","Liliaceae","http://www.verspreidingsatlas.nl/5236","http://ndff-ecogrid.nl/taxonomy/taxa/liliumbulbiferum","http://www.verspreidingsatlas.nl/thumbs/map_5236.jpg","","2026-09-10"
"5237","Lilium bulbiferum subsp. bulbiferum","L.","Oranjelelie","Liliaceae","http://www.verspreidingsatlas.nl/5237","http://ndff-ecogrid.nl/taxonomy/taxa/liliumbulbiferumsubspbulbiferum","http://www.verspreidingsatlas.nl/thumbs/map_5237.jpg","","2026-09-10"
"0737","Lilium bulbiferum subsp. croceum","(Chaix) Arcang.","Roggelelie","Liliaceae","http://www.verspreidingsatlas.nl/0737","http://ndff-ecogrid.nl/taxonomy/taxa/liliumbulbiferumsubspcroceum","http://www.verspreidingsatlas.nl/thumbs/map_737.jpg","","2026-09-10"
"5085","Lilium martagon","L.","Turkse lelie","Liliaceae","http://www.verspreidingsatlas.nl/5085","http://ndff-ecogrid.nl/taxonomy/taxa/liliummartagon","http://www.verspreidingsatlas.nl/thumbs/map_5085.jpg","","2026-09-10"
"5219","Limnanthes alba","Hartw. ex Benth.","Donzige moerasbloem","Limnanthaceae","http://www.verspreidingsatlas.nl/5219","http://ndff-ecogrid.nl/taxonomy/taxa/limnanthusalba","http://www.verspreidingsatlas.nl/thumbs/map_5219.jpg","","2026-09-10"
"5218","Limnanthes douglasii","R. Br.","Geelwitte moerasbloem","Limnanthaceae","http://www.verspreidingsatlas.nl/5218","http://ndff-ecogrid.nl/taxonomy/taxa/limnanthusdouglasii","http://www.verspreidingsatlas.nl/thumbs/map_5218.jpg","","2026-09-10"
"5702","Limonium binervosum","(G.E. Sm.) C.E. Salmon","Kliflamsoor","Plumbaginaceae","http://www.verspreidingsatlas.nl/5702","http://ndff-ecogrid.nl/taxonomy/taxa/limoniumbinervosum","http://www.verspreidingsatlas.nl/thumbs/map_5702.jpg","","2026-09-10"
"5409","Limonium humile","Mill.","IJle lamsoor","Plumbaginaceae","http://www.verspreidingsatlas.nl/5409","http://ndff-ecogrid.nl/taxonomy/taxa/limoniumhumile","http://www.verspreidingsatlas.nl/thumbs/map_5409.jpg","","2026-09-10"
"0738","Limonium vulgare","Mill.","Lamsoor","Plumbaginaceae","http://www.verspreidingsatlas.nl/0738","http://ndff-ecogrid.nl/taxonomy/taxa/limoniumvulgare","http://www.verspreidingsatlas.nl/thumbs/map_738.jpg","","2026-09-10"
"0739","Limosella aquatica","L.","Slijkgroen","Scrophulariaceae","http://www.verspreidingsatlas.nl/0739","http://ndff-ecogrid.nl/taxonomy/taxa/limosellaaquatica","http://www.verspreidingsatlas.nl/thumbs/map_739.jpg","","2026-09-10"
"0740","Linaria arvensis","(L.) Desfontaines","Blauwe leeuwenbek","Plantaginaceae","http://www.verspreidingsatlas.nl/0740","http://ndff-ecogrid.nl/taxonomy/taxa/linariaarvensis","http://www.verspreidingsatlas.nl/thumbs/map_740.jpg","","2026-09-10"
"5623","Linaria dalmatica","(L.) Mill.","Dalmatiëbekje","Plantaginaceae","http://www.verspreidingsatlas.nl/5623","http://ndff-ecogrid.nl/taxonomy/taxa/linariadalmatica","http://www.verspreidingsatlas.nl/thumbs/map_5623.jpg","","2026-09-10"
"8047","Linaria maroccana","Hook. f.","Bonte leeuwenbek","Plantaginaceae","http://www.verspreidingsatlas.nl/8047","http://ndff-ecogrid.nl/taxonomy/taxa/linariamaroccana","http://www.verspreidingsatlas.nl/thumbs/map_8047.jpg","","2026-09-10"
"5334","Linaria purpurea","(L.) Mill.","Walstroleeuwenbek","Plantaginaceae","http://www.verspreidingsatlas.nl/5334","http://ndff-ecogrid.nl/taxonomy/taxa/linariapurpurea","http://www.verspreidingsatlas.nl/thumbs/map_5334.jpg","","2026-09-10"
"1706","Linaria repens","(L.) Mill.","Gestreepte leeuwenbek","Plantaginaceae","http://www.verspreidingsatlas.nl/1706","http://ndff-ecogrid.nl/taxonomy/taxa/linariarepens","http://www.verspreidingsatlas.nl/thumbs/map_1706.jpg","","2026-09-10"
"2447","Linaria supina","(L.) Chaz.","Liggende leeuwenbek","Plantaginaceae","http://www.verspreidingsatlas.nl/2447","http://ndff-ecogrid.nl/taxonomy/taxa/linariasupina","http://www.verspreidingsatlas.nl/thumbs/map_2447.jpg","","2026-09-10"
"0745","Linaria vulgaris","Mill.","Vlasbekje","Plantaginaceae","http://www.verspreidingsatlas.nl/0745","http://ndff-ecogrid.nl/taxonomy/taxa/linariavulgaris","http://www.verspreidingsatlas.nl/thumbs/map_745.jpg","","2026-09-10"
"5595","Lindernia dubia","(L.) Pennell","Schijngenadekruid","Linderniaceae","http://www.verspreidingsatlas.nl/5595","http://ndff-ecogrid.nl/taxonomy/taxa/linderniadubia","http://www.verspreidingsatlas.nl/thumbs/map_5595.jpg","","2026-09-10"
"0746","Linnaea borealis","L.","Linnaeusklokje","Caprifoliaceae","http://www.verspreidingsatlas.nl/0746","http://ndff-ecogrid.nl/taxonomy/taxa/linnaeaborealis","http://www.verspreidingsatlas.nl/thumbs/map_746.jpg","","2026-09-10"
"0747","Linum catharticum","L.","Geelhartje","Linaceae","http://www.verspreidingsatlas.nl/0747","http://ndff-ecogrid.nl/taxonomy/taxa/linumcatharticum","http://www.verspreidingsatlas.nl/thumbs/map_747.jpg","","2026-09-10"
"8278","Linum grandiflorum","Desf.","Rood vlas","Linaceae","http://www.verspreidingsatlas.nl/8278","http://ndff-ecogrid.nl/taxonomy/taxa/linumgrandiflorum","http://www.verspreidingsatlas.nl/thumbs/map_8278.jpg","","2026-09-10"
"8279","Linum perenne","L.","","Linaceae","http://www.verspreidingsatlas.nl/8279","http://ndff-ecogrid.nl/taxonomy/taxa/linumperenne","http://www.verspreidingsatlas.nl/thumbs/map_8279.jpg","","2026-09-10"
"1814","Linum usitatissimum","L.","Vlas","Linaceae","http://www.verspreidingsatlas.nl/1814","http://ndff-ecogrid.nl/taxonomy/taxa/linumusitatissimum","http://www.verspreidingsatlas.nl/thumbs/map_1814.jpg","","2026-09-10"
"0315","Lipandra polysperma","(L.) S. Fuentes-B., Uotila & Borsch","Korrelganzenvoet","Amaranthaceae","http://www.verspreidingsatlas.nl/0315","http://ndff-ecogrid.nl/taxonomy/taxa/lipandrapolysperma","http://www.verspreidingsatlas.nl/thumbs/map_315.jpg","","2026-09-10"
"0748","Liparis loeselii","(L.) Rich.","Groenknolorchis","Orchidaceae","http://www.verspreidingsatlas.nl/0748","http://ndff-ecogrid.nl/taxonomy/taxa/liparisloeselii","http://www.verspreidingsatlas.nl/thumbs/map_748.jpg","","2026-09-10"
"8064","Liquidambar styraciflua","L.","Amerikaanse amberboom","Altingiaceae","http://www.verspreidingsatlas.nl/8064","http://ndff-ecogrid.nl/taxonomy/taxa/liquidambarstyraciflua","http://www.verspreidingsatlas.nl/thumbs/map_8064.jpg","","2026-09-10"
"5574","Liriodendron tulipifera","L.","Amerikaanse tulpenboom","Magnoliaceae","http://www.verspreidingsatlas.nl/5574","http://ndff-ecogrid.nl/taxonomy/taxa/liriodendrontulipifera","http://www.verspreidingsatlas.nl/thumbs/map_5574.jpg","","2026-09-10"
"0751","Lithospermum arvense","L.","Ruw parelzaad","Boraginaceae","http://www.verspreidingsatlas.nl/0751","http://ndff-ecogrid.nl/taxonomy/taxa/lithospermumarvense","http://www.verspreidingsatlas.nl/thumbs/map_751.jpg","","2026-09-10"
"0752","Lithospermum officinale","L.","Glad parelzaad","Boraginaceae","http://www.verspreidingsatlas.nl/0752","http://ndff-ecogrid.nl/taxonomy/taxa/lithospermumofficinale","http://www.verspreidingsatlas.nl/thumbs/map_752.jpg","","2026-09-10"
"0753","Littorella uniflora","(L.) Ascherson","Oeverkruid","Plantaginaceae","http://www.verspreidingsatlas.nl/0753","http://ndff-ecogrid.nl/taxonomy/taxa/littorellauniflora","http://www.verspreidingsatlas.nl/thumbs/map_753.jpg","","2026-09-10"
"0754","Lobelia dortmanna","L.","Waterlobelia","Campanulaceae","http://www.verspreidingsatlas.nl/0754","http://ndff-ecogrid.nl/taxonomy/taxa/lobeliadortmanna","http://www.verspreidingsatlas.nl/thumbs/map_754.jpg","","2026-09-10"
"6886","Lobelia erinus","L.","Tuinlobelia","Campanulaceae","http://www.verspreidingsatlas.nl/6886","http://ndff-ecogrid.nl/taxonomy/taxa/lobeliaerinus","http://www.verspreidingsatlas.nl/thumbs/map_6886.jpg","","2026-09-10"
"2495","Lobelia inflata","L.","Blaaslobelia","Campanulaceae","http://www.verspreidingsatlas.nl/2495","http://ndff-ecogrid.nl/taxonomy/taxa/lobeliainflata","http://www.verspreidingsatlas.nl/thumbs/map_2495.jpg","","2026-09-10"
"8280","Lobelia pedunculata","R. Br.","Gazonlobelia","Campanulaceae","http://www.verspreidingsatlas.nl/8280","http://ndff-ecogrid.nl/taxonomy/taxa/lobeliapedunculata","http://www.verspreidingsatlas.nl/thumbs/map_8280.jpg","","2026-09-10"
"8018","Lobelia siphilitica","L.","Virginische lobelia","Campanulaceae","http://www.verspreidingsatlas.nl/8018","http://ndff-ecogrid.nl/taxonomy/taxa/lobeliasiphilitica","http://www.verspreidingsatlas.nl/thumbs/map_8018.jpg","","2026-09-10"
"1865","Lobularia maritima","(L.) Desv.","Zilverschildzaad","Brassicaceae","http://www.verspreidingsatlas.nl/1865","http://ndff-ecogrid.nl/taxonomy/taxa/lobulariamaritima","http://www.verspreidingsatlas.nl/thumbs/map_1865.jpg","","2026-09-10"
"0524","Logfia minima","(Sm.) Dumort.","Dwergviltkruid","Asteraceae","http://www.verspreidingsatlas.nl/0524","http://ndff-ecogrid.nl/taxonomy/taxa/logfiaminima","http://www.verspreidingsatlas.nl/thumbs/map_524.jpg","","2026-09-10"
"0755","Lolium multiflorum","Lam.","Italiaans raaigras","Poaceae","http://www.verspreidingsatlas.nl/0755","http://ndff-ecogrid.nl/taxonomy/taxa/loliummultiflorum","http://www.verspreidingsatlas.nl/thumbs/map_755.jpg","","2026-09-10"
"0756","Lolium perenne","L.","Engels raaigras","Poaceae","http://www.verspreidingsatlas.nl/0756","http://ndff-ecogrid.nl/taxonomy/taxa/loliumperenne","http://www.verspreidingsatlas.nl/thumbs/map_756.jpg","","2026-09-10"
"0757","Lolium remotum","Schrank","Vlasdolik","Poaceae","http://www.verspreidingsatlas.nl/0757","http://ndff-ecogrid.nl/taxonomy/taxa/loliumremotum","http://www.verspreidingsatlas.nl/thumbs/map_757.jpg","","2026-09-10"
"0758","Lolium temulentum","L.","Dolik","Poaceae","http://www.verspreidingsatlas.nl/0758","http://ndff-ecogrid.nl/taxonomy/taxa/loliumtemulentum","http://www.verspreidingsatlas.nl/thumbs/map_758.jpg","","2026-09-10"
"5087","Lonicera caprifolium","L.","Tuinkamperfoelie","Caprifoliaceae","http://www.verspreidingsatlas.nl/5087","http://ndff-ecogrid.nl/taxonomy/taxa/loniceracaprifolium","http://www.verspreidingsatlas.nl/thumbs/map_5087.jpg","","2026-09-10"
"6942","Lonicera nitida","E.H. Wilson","Buxuskamperfoelie","Caprifoliaceae","http://www.verspreidingsatlas.nl/6942","http://ndff-ecogrid.nl/taxonomy/taxa/loniceranitida","http://www.verspreidingsatlas.nl/thumbs/map_6942.jpg","","2026-09-10"
"0759","Lonicera periclymenum","L.","Wilde kamperfoelie","Caprifoliaceae","http://www.verspreidingsatlas.nl/0759","http://ndff-ecogrid.nl/taxonomy/taxa/lonicerapericlymenum","http://www.verspreidingsatlas.nl/thumbs/map_759.jpg","","2026-09-10"
"5181","Lonicera tatarica","L.","Tartaarse kamperfoelie","Caprifoliaceae","http://www.verspreidingsatlas.nl/5181","http://ndff-ecogrid.nl/taxonomy/taxa/loniceratatarica","http://www.verspreidingsatlas.nl/thumbs/map_5181.jpg","","2026-09-10"
"0760","Lonicera xylosteum","L.","Rode kamperfoelie","Caprifoliaceae","http://www.verspreidingsatlas.nl/0760","http://ndff-ecogrid.nl/taxonomy/taxa/loniceraxylosteum","http://www.verspreidingsatlas.nl/thumbs/map_760.jpg","","2026-09-10"
"0761","Lotus corniculatus var. corniculatus","","Gewone rolklaver","Fabaceae","http://www.verspreidingsatlas.nl/0761","http://ndff-ecogrid.nl/taxonomy/taxa/lotuscorniculatusvarcorniculatus","http://www.verspreidingsatlas.nl/thumbs/map_761.jpg","","2026-09-10"
"2465","Lotus corniculatus var. sativus","Hyl.","Rechte rolklaver","Fabaceae","http://www.verspreidingsatlas.nl/2465","http://ndff-ecogrid.nl/taxonomy/taxa/lotuscorniculatusvarsativus","http://www.verspreidingsatlas.nl/thumbs/map_2465.jpg","","2026-09-10"
"0762","Lotus glaber","Mill.","Smalle rolklaver","Fabaceae","http://www.verspreidingsatlas.nl/0762","http://ndff-ecogrid.nl/taxonomy/taxa/lotusglaber","http://www.verspreidingsatlas.nl/thumbs/map_762.jpg","","2026-09-10"
"1419","Lotus maritimus","L.","Hauwklaver","Fabaceae","http://www.verspreidingsatlas.nl/1419","http://ndff-ecogrid.nl/taxonomy/taxa/lotusmaritimus","http://www.verspreidingsatlas.nl/thumbs/map_1419.jpg","","2026-09-10"
"0763","Lotus pedunculatus","Cav.","Moerasrolklaver","Fabaceae","http://www.verspreidingsatlas.nl/0763","http://ndff-ecogrid.nl/taxonomy/taxa/lotuspedunculatus","http://www.verspreidingsatlas.nl/thumbs/map_763.jpg","","2026-09-10"
"5335","Ludwigia grandiflora","(Michx.) Greuter & Burdet","Waterteunisbloem","Onagraceae","http://www.verspreidingsatlas.nl/5335","http://ndff-ecogrid.nl/taxonomy/taxa/ludwigiagrandiflora","http://www.verspreidingsatlas.nl/thumbs/map_5335.jpg","","2026-09-10"
"0764","Ludwigia palustris","(L.) Elliott","Waterlepeltje","Onagraceae","http://www.verspreidingsatlas.nl/0764","http://ndff-ecogrid.nl/taxonomy/taxa/ludwigiapalustris","http://www.verspreidingsatlas.nl/thumbs/map_764.jpg","","2026-09-10"
"5499","Ludwigia peploides subsp. montevidensis","(Spreng.) P.H. Raven","Postelein-waterlepeltje","Onagraceae","http://www.verspreidingsatlas.nl/5499","http://ndff-ecogrid.nl/taxonomy/taxa/ludwigiapeploidessubspmontevidensis","http://www.verspreidingsatlas.nl/thumbs/map_5499.jpg","","2026-09-10"
"1866","Lunaria annua","L.","Tuinjudaspenning","Brassicaceae","http://www.verspreidingsatlas.nl/1866","http://ndff-ecogrid.nl/taxonomy/taxa/lunariaannua","http://www.verspreidingsatlas.nl/thumbs/map_1866.jpg","","2026-09-10"
"2441","Lunaria rediviva","L.","Wilde judaspenning","Brassicaceae","http://www.verspreidingsatlas.nl/2441","http://ndff-ecogrid.nl/taxonomy/taxa/lunariarediviva","http://www.verspreidingsatlas.nl/thumbs/map_2441.jpg","","2026-09-10"
"1708","Lupinus angustifolius","L.","Blauwe lupine","Fabaceae","http://www.verspreidingsatlas.nl/1708","http://ndff-ecogrid.nl/taxonomy/taxa/lupinusangustifolius","http://www.verspreidingsatlas.nl/thumbs/map_1708.jpg","","2026-09-10"
"2287","Lupinus luteus","L.","Gele lupine","Fabaceae","http://www.verspreidingsatlas.nl/2287","http://ndff-ecogrid.nl/taxonomy/taxa/lupinusluteus","http://www.verspreidingsatlas.nl/thumbs/map_2287.jpg","","2026-09-10"
"1899","Lupinus polyphyllus","Lindl.","Vaste lupine","Fabaceae","http://www.verspreidingsatlas.nl/1899","http://ndff-ecogrid.nl/taxonomy/taxa/lupinuspolyphyllus","http://www.verspreidingsatlas.nl/thumbs/map_1899.jpg","","2026-09-10"
"10475","Lupinus x regalis","(hort.) Bergmans","","Fabaceae","http://www.verspreidingsatlas.nl/10475","http://ndff-ecogrid.nl/taxonomy/taxa/lupinusxregalis","http://www.verspreidingsatlas.nl/thumbs/map_10475.jpg","","2026-09-10"
"0765","Luronium natans","(L.) Raf.","Drijvende waterweegbree","Alismataceae","http://www.verspreidingsatlas.nl/0765","http://ndff-ecogrid.nl/taxonomy/taxa/luroniumnatans","http://www.verspreidingsatlas.nl/thumbs/map_765.jpg","","2026-09-10"
"0766","Luzula campestris","(L.) DC.","Gewone veldbies","Juncaceae","http://www.verspreidingsatlas.nl/0766","http://ndff-ecogrid.nl/taxonomy/taxa/luzulacampestris","http://www.verspreidingsatlas.nl/thumbs/map_766.jpg","","2026-09-10"
"0767","Luzula congesta","Lej.","Dichte veldbies","Juncaceae","http://www.verspreidingsatlas.nl/0767","http://ndff-ecogrid.nl/taxonomy/taxa/luzulacongesta","http://www.verspreidingsatlas.nl/thumbs/map_767.jpg","","2026-09-10"
"0769","Luzula luzuloides","(Lam.) Dandy & Wilmott","Witte veldbies","Juncaceae","http://www.verspreidingsatlas.nl/0769","http://ndff-ecogrid.nl/taxonomy/taxa/luzulaluzuloides","http://www.verspreidingsatlas.nl/thumbs/map_769.jpg","","2026-09-10"
"0768","Luzula multiflora subsp. multiflora","","Veelbloemige veldbies","Juncaceae","http://www.verspreidingsatlas.nl/0768","http://ndff-ecogrid.nl/taxonomy/taxa/luzulamultiflorasubspmultiflora","http://www.verspreidingsatlas.nl/thumbs/map_768.jpg","","2026-09-10"
"6943","Luzula nivea","DC.","Sneeuwwitte veldbies","Juncaceae","http://www.verspreidingsatlas.nl/6943","http://ndff-ecogrid.nl/taxonomy/taxa/luzulanivea","http://www.verspreidingsatlas.nl/thumbs/map_6943.jpg","","2026-09-10"
"0770","Luzula pilosa","(L.) Willd.","Ruige veldbies","Juncaceae","http://www.verspreidingsatlas.nl/0770","http://ndff-ecogrid.nl/taxonomy/taxa/luzulapilosa","http://www.verspreidingsatlas.nl/thumbs/map_770.jpg","","2026-09-10"
"0771","Luzula sylvatica","(Hudson) Gaudin","Grote veldbies","Juncaceae","http://www.verspreidingsatlas.nl/0771","http://ndff-ecogrid.nl/taxonomy/taxa/luzulasylvatica","http://www.verspreidingsatlas.nl/thumbs/map_771.jpg","","2026-09-10"
"0773","Lycium barbarum","L.","Boksdoorn","Solanaceae","http://www.verspreidingsatlas.nl/0773","http://ndff-ecogrid.nl/taxonomy/taxa/lyciumbarbarum","http://www.verspreidingsatlas.nl/thumbs/map_773.jpg","","2026-09-10"
"2327","Lycium chinense","P. Mill.","Chinese boksdoorn","Solanaceae","http://www.verspreidingsatlas.nl/2327","http://ndff-ecogrid.nl/taxonomy/taxa/lyciumchinense","http://www.verspreidingsatlas.nl/thumbs/map_2327.jpg","","2026-09-10"
"0777","Lycopodiella inundata","(L.) Holub","Moeraswolfsklauw","Lycopodiaceae","http://www.verspreidingsatlas.nl/0777","http://ndff-ecogrid.nl/taxonomy/taxa/lycopodiellainundata","http://www.verspreidingsatlas.nl/thumbs/map_777.jpg","","2026-09-10"
"0775","Lycopodium clavatum","L.","Grote wolfsklauw","Lycopodiaceae","http://www.verspreidingsatlas.nl/0775","http://ndff-ecogrid.nl/taxonomy/taxa/lycopodiumclavatum","http://www.verspreidingsatlas.nl/thumbs/map_775.jpg","","2026-09-10"
"1490","Lycopodium complanatum","L.","Vlakke wolfsklauw","Lycopodiaceae","http://www.verspreidingsatlas.nl/1490","http://ndff-ecogrid.nl/taxonomy/taxa/lycopodiumcomplanatum","http://www.verspreidingsatlas.nl/thumbs/map_1490.jpg","","2026-09-10"
"0780","Lycopus europaeus","L.","Wolfspoot","Lamiaceae","http://www.verspreidingsatlas.nl/0780","http://ndff-ecogrid.nl/taxonomy/taxa/lycopuseuropaeus","http://www.verspreidingsatlas.nl/thumbs/map_780.jpg","","2026-09-10"
"5528","Lysichiton americanus","Hultén & H. St. John","Moeraslantaarn","Araceae","http://www.verspreidingsatlas.nl/5528","http://ndff-ecogrid.nl/taxonomy/taxa/lysichitonamericanus","http://www.verspreidingsatlas.nl/thumbs/map_5528.jpg","","2026-09-10"
"8286","Lysimachia ciliata","L.","","Primulaceae","http://www.verspreidingsatlas.nl/8286","http://ndff-ecogrid.nl/taxonomy/taxa/lysimachiaciliata","http://www.verspreidingsatlas.nl/thumbs/map_8286.jpg","","2026-09-10"
"0781","Lysimachia nemorum","L.","Boswederik","Primulaceae","http://www.verspreidingsatlas.nl/0781","http://ndff-ecogrid.nl/taxonomy/taxa/lysimachianemorum","http://www.verspreidingsatlas.nl/thumbs/map_781.jpg","","2026-09-10"
"0782","Lysimachia nummularia","L.","Penningkruid","Primulaceae","http://www.verspreidingsatlas.nl/0782","http://ndff-ecogrid.nl/taxonomy/taxa/lysimachianummularia","http://www.verspreidingsatlas.nl/thumbs/map_782.jpg","","2026-09-10"
"1867","Lysimachia punctata","L.","Puntwederik","Primulaceae","http://www.verspreidingsatlas.nl/1867","http://ndff-ecogrid.nl/taxonomy/taxa/lysimachiapunctata","http://www.verspreidingsatlas.nl/thumbs/map_1867.jpg","","2026-09-10"
"0783","Lysimachia thyrsiflora","L.","Moeraswederik","Primulaceae","http://www.verspreidingsatlas.nl/0783","http://ndff-ecogrid.nl/taxonomy/taxa/lysimachiathyrsiflora","http://www.verspreidingsatlas.nl/thumbs/map_783.jpg","","2026-09-10"
"0784","Lysimachia vulgaris","L.","Grote wederik","Primulaceae","http://www.verspreidingsatlas.nl/0784","http://ndff-ecogrid.nl/taxonomy/taxa/lysimachiavulgaris","http://www.verspreidingsatlas.nl/thumbs/map_784.jpg","","2026-09-10"
"1709","Lythrum hyssopifolia","L.","Kleine kattenstaart","Lythraceae","http://www.verspreidingsatlas.nl/1709","http://ndff-ecogrid.nl/taxonomy/taxa/lythrumhyssopifolia","http://www.verspreidingsatlas.nl/thumbs/map_1709.jpg","","2026-09-10"
"5336","Lythrum junceum","Banks & Sol.","Kruipkattenstaart","Lythraceae","http://www.verspreidingsatlas.nl/5336","http://ndff-ecogrid.nl/taxonomy/taxa/lythrumjunceum","http://www.verspreidingsatlas.nl/thumbs/map_5336.jpg","","2026-09-10"
"0925","Lythrum portula","(L.) D.A. Webb","Waterpostelein","Lythraceae","http://www.verspreidingsatlas.nl/0925","http://ndff-ecogrid.nl/taxonomy/taxa/lythrumportula","http://www.verspreidingsatlas.nl/thumbs/map_925.jpg","","2026-09-10"
"0785","Lythrum salicaria","L.","Grote kattenstaart","Lythraceae","http://www.verspreidingsatlas.nl/0785","http://ndff-ecogrid.nl/taxonomy/taxa/lythrumsalicaria","http://www.verspreidingsatlas.nl/thumbs/map_785.jpg","","2026-09-10"
"6889","Macleaya cordata","R. Br.","Pluimpapaver","Papaveraceae","http://www.verspreidingsatlas.nl/6889","http://ndff-ecogrid.nl/taxonomy/taxa/macleayacordata","http://www.verspreidingsatlas.nl/thumbs/map_6889.jpg","","2026-09-10"
"0786","Maianthemum bifolium","(L.) F.W. Schmidt","Dalkruid","Asparagaceae","http://www.verspreidingsatlas.nl/0786","http://ndff-ecogrid.nl/taxonomy/taxa/maianthemumbifolium","http://www.verspreidingsatlas.nl/thumbs/map_786.jpg","","2026-09-10"
"1427","Malcolmia flexuosa","Sibth. & Sm.","Zeeviolier","Brassicaceae","http://www.verspreidingsatlas.nl/1427","http://ndff-ecogrid.nl/taxonomy/taxa/malcolmiaflexuosa","http://www.verspreidingsatlas.nl/thumbs/map_1427.jpg","","2026-09-10"
"1934","Malus sylvestris","Mill.","Appel","Rosaceae","http://www.verspreidingsatlas.nl/1934","http://ndff-ecogrid.nl/taxonomy/taxa/malussylvestris","http://www.verspreidingsatlas.nl/thumbs/map_1934.jpg","","2026-09-10"
"0788","Malva alcea","L.","Vijfdelig kaasjeskruid","Malvaceae","http://www.verspreidingsatlas.nl/0788","http://ndff-ecogrid.nl/taxonomy/taxa/malvaalcea","http://www.verspreidingsatlas.nl/thumbs/map_788.jpg","","2026-09-10"
"0789","Malva moschata","L.","Muskuskaasjeskruid","Malvaceae","http://www.verspreidingsatlas.nl/0789","http://ndff-ecogrid.nl/taxonomy/taxa/malvamoschata","http://www.verspreidingsatlas.nl/thumbs/map_789.jpg","","2026-09-10"
"0790","Malva neglecta","Wallr.","Klein kaasjeskruid","Malvaceae","http://www.verspreidingsatlas.nl/0790","http://ndff-ecogrid.nl/taxonomy/taxa/malvaneglecta","http://www.verspreidingsatlas.nl/thumbs/map_790.jpg","","2026-09-10"
"5089","Malva parviflora","L.","Kleinbloemig kaasjeskruid","Malvaceae","http://www.verspreidingsatlas.nl/5089","http://ndff-ecogrid.nl/taxonomy/taxa/malvaparviflora","http://www.verspreidingsatlas.nl/thumbs/map_5089.jpg","","2026-09-10"
"0791","Malva pusilla","Sm.","Rond kaasjeskruid","Malvaceae","http://www.verspreidingsatlas.nl/0791","http://ndff-ecogrid.nl/taxonomy/taxa/malvapusilla","http://www.verspreidingsatlas.nl/thumbs/map_791.jpg","","2026-09-10"
"5012","Malva setigera","K.F.Schimp.","Ruige heemst","Malvaceae","http://www.verspreidingsatlas.nl/5012","http://ndff-ecogrid.nl/taxonomy/taxa/malvasetigera","http://www.verspreidingsatlas.nl/thumbs/map_5012.jpg","","2026-09-10"
"0792","Malva sylvestris","L.","Groot kaasjeskruid","Malvaceae","http://www.verspreidingsatlas.nl/0792","http://ndff-ecogrid.nl/taxonomy/taxa/malvasylvestris","http://www.verspreidingsatlas.nl/thumbs/map_792.jpg","","2026-09-10"
"6891","Malva sylvestris var. mauritiana","(L.) Boiss.","Donker kaasjeskruid","Malvaceae","http://www.verspreidingsatlas.nl/6891","http://ndff-ecogrid.nl/taxonomy/taxa/malvasylvestrissubspmauritania","http://www.verspreidingsatlas.nl/thumbs/map_6891.jpg","","2026-09-10"
"8272","Malva thuringiaca","(L.) Vis.","","Malvaceae","http://www.verspreidingsatlas.nl/8272","http://ndff-ecogrid.nl/taxonomy/taxa/malvathuringiaca","http://www.verspreidingsatlas.nl/thumbs/map_8272.jpg","","2026-09-10"
"8273","Malva trimestris","(L.) Salisb.","Grootbloemige lavatera","Malvaceae","http://www.verspreidingsatlas.nl/8273","http://ndff-ecogrid.nl/taxonomy/taxa/malvatrimestris","http://www.verspreidingsatlas.nl/thumbs/map_8273.jpg","","2026-09-10"
"5410","Malva verticillata","L.","Dessertbladen","Malvaceae","http://www.verspreidingsatlas.nl/5410","http://ndff-ecogrid.nl/taxonomy/taxa/malvaverticillata","http://www.verspreidingsatlas.nl/thumbs/map_5410.jpg","","2026-09-10"
"0793","Marrubium vulgare","L.","Malrove","Lamiaceae","http://www.verspreidingsatlas.nl/0793","http://ndff-ecogrid.nl/taxonomy/taxa/marrubiumvulgare","http://www.verspreidingsatlas.nl/thumbs/map_793.jpg","","2026-09-10"
"0794","Matricaria chamomilla","L.","Echte kamille","Asteraceae","http://www.verspreidingsatlas.nl/0794","http://ndff-ecogrid.nl/taxonomy/taxa/matricariachamomilla","http://www.verspreidingsatlas.nl/thumbs/map_794.jpg","","2026-09-10"
"0796","Matricaria discoidea","DC.","Schijfkamille","Asteraceae","http://www.verspreidingsatlas.nl/0796","http://ndff-ecogrid.nl/taxonomy/taxa/matricariadiscoidea","http://www.verspreidingsatlas.nl/thumbs/map_796.jpg","","2026-09-10"
"2232","Matteuccia struthiopteris","(L.) Tod.","Struisvaren","Onocleaceae","http://www.verspreidingsatlas.nl/2232","http://ndff-ecogrid.nl/taxonomy/taxa/matteucciastruthiopteris","http://www.verspreidingsatlas.nl/thumbs/map_2232.jpg","","2026-09-10"
"8596","Matthiola longipetala","(Vent.) DC.","Nachtviolier","Brassicaceae","http://www.verspreidingsatlas.nl/8596","http://ndff-ecogrid.nl/taxonomy/taxa/matthiolalongipetala","http://www.verspreidingsatlas.nl/thumbs/map_8596.jpg","","2026-09-10"
"2494","Mauranthemum paludosum","(Poir.) Vogt & Oberpr.","Kleine margriet","Asteraceae","http://www.verspreidingsatlas.nl/2494","http://ndff-ecogrid.nl/taxonomy/taxa/mauranthemumpaludosum","http://www.verspreidingsatlas.nl/thumbs/map_2494.jpg","","2026-09-10"
"9661","Mazus pumilus","(Burm.f.) Steenis","Vlakbloempje","Mazaceae","http://www.verspreidingsatlas.nl/9661","http://ndff-ecogrid.nl/taxonomy/taxa/mazuspumilus","http://www.verspreidingsatlas.nl/thumbs/map_9661.jpg","","2026-09-10"
"8465","Mazus reptans","N.E. Br.","Kruipende mazus","Mazaceae","http://www.verspreidingsatlas.nl/8465","http://ndff-ecogrid.nl/taxonomy/taxa/mazusreptans","http://www.verspreidingsatlas.nl/thumbs/map_8465.jpg","","2026-09-10"
"0797","Medicago arabica","(L.) Huds.","Gevlekte rupsklaver","Fabaceae","http://www.verspreidingsatlas.nl/0797","http://ndff-ecogrid.nl/taxonomy/taxa/medicagoarabica","http://www.verspreidingsatlas.nl/thumbs/map_797.jpg","","2026-09-10"
"0798","Medicago falcata","L.","Sikkelklaver","Fabaceae","http://www.verspreidingsatlas.nl/0798","http://ndff-ecogrid.nl/taxonomy/taxa/medicagofalcata","http://www.verspreidingsatlas.nl/thumbs/map_798.jpg","","2026-09-10"
"0799","Medicago lupulina","L.","Hopklaver","Fabaceae","http://www.verspreidingsatlas.nl/0799","http://ndff-ecogrid.nl/taxonomy/taxa/medicagolupulina","http://www.verspreidingsatlas.nl/thumbs/map_799.jpg","","2026-09-10"
"0800","Medicago minima","(L.) Bartal.","Kleine rupsklaver","Fabaceae","http://www.verspreidingsatlas.nl/0800","http://ndff-ecogrid.nl/taxonomy/taxa/medicagominima","http://www.verspreidingsatlas.nl/thumbs/map_800.jpg","","2026-09-10"
"1711","Medicago polymorpha","L.","Ruige rupsklaver","Fabaceae","http://www.verspreidingsatlas.nl/1711","http://ndff-ecogrid.nl/taxonomy/taxa/medicagopolymorpha","http://www.verspreidingsatlas.nl/thumbs/map_1711.jpg","","2026-09-10"
"0801","Medicago sativa","L.","Luzerne","Fabaceae","http://www.verspreidingsatlas.nl/0801","http://ndff-ecogrid.nl/taxonomy/taxa/medicagosativa","http://www.verspreidingsatlas.nl/thumbs/map_801.jpg","","2026-09-10"
"0802","Medicago x varia","Martyn","Bonte luzerne","Fabaceae","http://www.verspreidingsatlas.nl/0802","http://ndff-ecogrid.nl/taxonomy/taxa/medicagoxvaria","http://www.verspreidingsatlas.nl/thumbs/map_802.jpg","","2026-09-10"
"0803","Melampyrum arvense","L.","Wilde weit","Orobanchaceae","http://www.verspreidingsatlas.nl/0803","http://ndff-ecogrid.nl/taxonomy/taxa/melampyrumarvense","http://www.verspreidingsatlas.nl/thumbs/map_803.jpg","","2026-09-10"
"0804","Melampyrum pratense","L.","Hengel","Orobanchaceae","http://www.verspreidingsatlas.nl/0804","http://ndff-ecogrid.nl/taxonomy/taxa/melampyrumpratense","http://www.verspreidingsatlas.nl/thumbs/map_804.jpg","","2026-09-10"
"5090","Melica nutans","L.","Knikkend parelgras","Poaceae","http://www.verspreidingsatlas.nl/5090","http://ndff-ecogrid.nl/taxonomy/taxa/melicanutans","http://www.verspreidingsatlas.nl/thumbs/map_5090.jpg","","2026-09-10"
"0808","Melica uniflora","Retz.","Eenbloemig parelgras","Poaceae","http://www.verspreidingsatlas.nl/0808","http://ndff-ecogrid.nl/taxonomy/taxa/melicauniflora","http://www.verspreidingsatlas.nl/thumbs/map_808.jpg","","2026-09-10"
"0809","Melilotus albus","Medik.","Witte honingklaver","Fabaceae","http://www.verspreidingsatlas.nl/0809","http://ndff-ecogrid.nl/taxonomy/taxa/melilotusalbus","http://www.verspreidingsatlas.nl/thumbs/map_809.jpg","","2026-09-10"
"0810","Melilotus altissimus","Thuill.","Goudgele honingklaver","Fabaceae","http://www.verspreidingsatlas.nl/0810","http://ndff-ecogrid.nl/taxonomy/taxa/melilotusaltissimus","http://www.verspreidingsatlas.nl/thumbs/map_810.jpg","","2026-09-10"
"0811","Melilotus indicus","(L.) All.","Kleine honingklaver","Fabaceae","http://www.verspreidingsatlas.nl/0811","http://ndff-ecogrid.nl/taxonomy/taxa/melilotusindicus","http://www.verspreidingsatlas.nl/thumbs/map_811.jpg","","2026-09-10"
"0812","Melilotus officinalis","(L.) Pallas","Citroengele honingklaver","Fabaceae","http://www.verspreidingsatlas.nl/0812","http://ndff-ecogrid.nl/taxonomy/taxa/melilotusofficinalis","http://www.verspreidingsatlas.nl/thumbs/map_812.jpg","","2026-09-10"
"5255","Melissa officinalis","L.","Citroenmelisse","Lamiaceae","http://www.verspreidingsatlas.nl/5255","http://ndff-ecogrid.nl/taxonomy/taxa/melissaofficinalis","http://www.verspreidingsatlas.nl/thumbs/map_5255.jpg","","2026-09-10"
"0813","Mentha aquatica","L.","Watermunt","Lamiaceae","http://www.verspreidingsatlas.nl/0813","http://ndff-ecogrid.nl/taxonomy/taxa/menthaaquatica","http://www.verspreidingsatlas.nl/thumbs/map_813.jpg","","2026-09-10"
"0814","Mentha arvensis","L.","Akkermunt","Lamiaceae","http://www.verspreidingsatlas.nl/0814","http://ndff-ecogrid.nl/taxonomy/taxa/menthaarvensis","http://www.verspreidingsatlas.nl/thumbs/map_814.jpg","","2026-09-10"
"0815","Mentha longifolia","(L.) L.","Hertsmunt","Lamiaceae","http://www.verspreidingsatlas.nl/0815","http://ndff-ecogrid.nl/taxonomy/taxa/menthalongifolia","http://www.verspreidingsatlas.nl/thumbs/map_815.jpg","","2026-09-10"
"0817","Mentha pulegium","L.","Polei","Lamiaceae","http://www.verspreidingsatlas.nl/0817","http://ndff-ecogrid.nl/taxonomy/taxa/menthapulegium","http://www.verspreidingsatlas.nl/thumbs/map_817.jpg","","2026-09-10"
"8294","Mentha requienii","Benth.","Dwergmunt","Lamiaceae","http://www.verspreidingsatlas.nl/8294","http://ndff-ecogrid.nl/taxonomy/taxa/mentharequienii","http://www.verspreidingsatlas.nl/thumbs/map_8294.jpg","","2026-09-10"
"1817","Mentha spicata","L.","Aarmunt","Lamiaceae","http://www.verspreidingsatlas.nl/1817","http://ndff-ecogrid.nl/taxonomy/taxa/menthaspicata","http://www.verspreidingsatlas.nl/thumbs/map_1817.jpg","","2026-09-10"
"0818","Mentha suaveolens","Ehrh.","Witte munt","Lamiaceae","http://www.verspreidingsatlas.nl/0818","http://ndff-ecogrid.nl/taxonomy/taxa/menthasuaveolens","http://www.verspreidingsatlas.nl/thumbs/map_818.jpg","","2026-09-10"
"1816","Mentha x gracilis","Sole","Edelmunt","Lamiaceae","http://www.verspreidingsatlas.nl/1816","http://ndff-ecogrid.nl/taxonomy/taxa/menthaxgracilis","http://www.verspreidingsatlas.nl/thumbs/map_1816.jpg","","2026-09-10"
"5092","Mentha x piperita","L.","Pepermunt","Lamiaceae","http://www.verspreidingsatlas.nl/5092","http://ndff-ecogrid.nl/taxonomy/taxa/menthaxpiperita","http://www.verspreidingsatlas.nl/thumbs/map_5092.jpg","","2026-09-10"
"1772","Mentha x rotundifolia","(L.) Huds.","Wollige munt","Lamiaceae","http://www.verspreidingsatlas.nl/1772","http://ndff-ecogrid.nl/taxonomy/taxa/menthaxrotundifolia","http://www.verspreidingsatlas.nl/thumbs/map_1772.jpg","","2026-09-10"
"0820","Mentha x verticillata","L.","Kransmunt","Lamiaceae","http://www.verspreidingsatlas.nl/0820","http://ndff-ecogrid.nl/taxonomy/taxa/menthaxverticillata","http://www.verspreidingsatlas.nl/thumbs/map_820.jpg","","2026-09-10"
"8599","Mentha x villosa","Huds.","Cubaanse munt","Lamiaceae","http://www.verspreidingsatlas.nl/8599","http://ndff-ecogrid.nl/taxonomy/taxa/menthavillosa","http://www.verspreidingsatlas.nl/thumbs/map_8599.jpg","","2026-09-10"
"0821","Menyanthes trifoliata","L.","Waterdrieblad","Menyanthaceae","http://www.verspreidingsatlas.nl/0821","http://ndff-ecogrid.nl/taxonomy/taxa/menyanthestrifoliata","http://www.verspreidingsatlas.nl/thumbs/map_821.jpg","","2026-09-10"
"0822","Mercurialis annua","L.","Tuinbingelkruid","Euphorbiaceae","http://www.verspreidingsatlas.nl/0822","http://ndff-ecogrid.nl/taxonomy/taxa/mercurialisannua","http://www.verspreidingsatlas.nl/thumbs/map_822.jpg","","2026-09-10"
"0823","Mercurialis perennis","L.","Bosbingelkruid","Euphorbiaceae","http://www.verspreidingsatlas.nl/0823","http://ndff-ecogrid.nl/taxonomy/taxa/mercurialisperennis","http://www.verspreidingsatlas.nl/thumbs/map_823.jpg","","2026-09-10"
"0824","Mespilus germanica","L.","Mispel","Rosaceae","http://www.verspreidingsatlas.nl/0824","http://ndff-ecogrid.nl/taxonomy/taxa/mespilusgermanica","http://www.verspreidingsatlas.nl/thumbs/map_824.jpg","","2026-09-10"
"8507","Metasequoia glyptostroboides","Hu & W.C.Cheng","Watercipres","Cupressaceae","http://www.verspreidingsatlas.nl/8507","http://ndff-ecogrid.nl/taxonomy/taxa/metasequoiaglyptostroboides","http://www.verspreidingsatlas.nl/thumbs/map_8507.jpg","","2026-09-10"
"0825","Mibora minima","(L.) Desv.","Dwerggras","Poaceae","http://www.verspreidingsatlas.nl/0825","http://ndff-ecogrid.nl/taxonomy/taxa/miboraminima","http://www.verspreidingsatlas.nl/thumbs/map_825.jpg","","2026-09-10"
"2496","Micropyrum tenellum","(L.) Link","Grindstijfgras","Poaceae","http://www.verspreidingsatlas.nl/2496","http://ndff-ecogrid.nl/taxonomy/taxa/micropyrumtenellum","http://www.verspreidingsatlas.nl/thumbs/map_2496.jpg","","2026-09-10"
"0826","Milium effusum","L.","Bosgierstgras","Poaceae","http://www.verspreidingsatlas.nl/0826","http://ndff-ecogrid.nl/taxonomy/taxa/miliumeffusum","http://www.verspreidingsatlas.nl/thumbs/map_826.jpg","","2026-09-10"
"0827","Milium vernale","M. Bieb.","Ruw gierstgras","Poaceae","http://www.verspreidingsatlas.nl/0827","http://ndff-ecogrid.nl/taxonomy/taxa/miliumvernale","http://www.verspreidingsatlas.nl/thumbs/map_827.jpg","","2026-09-10"
"0828","Mimulus guttatus","Fisch. ex DC.","Gele maskerbloem","Phrymaceae","http://www.verspreidingsatlas.nl/0828","http://ndff-ecogrid.nl/taxonomy/taxa/mimulusguttatus","http://www.verspreidingsatlas.nl/thumbs/map_828.jpg","","2026-09-10"
"5228","Mimulus moschatus","Douglas ex Lindl.","Muskusplantje","Phrymaceae","http://www.verspreidingsatlas.nl/5228","http://ndff-ecogrid.nl/taxonomy/taxa/mimulusmoschatus","http://www.verspreidingsatlas.nl/thumbs/map_5228.jpg","","2026-09-10"
"5626","Mirabilis jalapa","L.","Nachtschone","Nyctaginaceae","http://www.verspreidingsatlas.nl/5626","http://ndff-ecogrid.nl/taxonomy/taxa/mirabilisjalapa","http://www.verspreidingsatlas.nl/thumbs/map_5626.jpg","","2026-09-10"
"8296","Miscanthus sacchariflorus","(Maxim.) Hack.","Groot prachtriet","Poaceae","http://www.verspreidingsatlas.nl/8296","http://ndff-ecogrid.nl/taxonomy/taxa/miscanthussacchariflorus","http://www.verspreidingsatlas.nl/thumbs/map_8296.jpg","","2026-09-10"
"6893","Miscanthus sinensis","Andersson","Klein prachtriet","Poaceae","http://www.verspreidingsatlas.nl/6893","http://ndff-ecogrid.nl/taxonomy/taxa/miscanthussinensis","http://www.verspreidingsatlas.nl/thumbs/map_6893.jpg","","2026-09-10"
"0072","Misopates orontium","(L.) Raf.","Akkerleeuwenbek","Plantaginaceae","http://www.verspreidingsatlas.nl/0072","http://ndff-ecogrid.nl/taxonomy/taxa/misopatesorontium","http://www.verspreidingsatlas.nl/thumbs/map_72.jpg","","2026-09-10"
"0830","Moehringia trinervia","(L.) Clairv.","Drienerfmuur","Caryophyllaceae","http://www.verspreidingsatlas.nl/0830","http://ndff-ecogrid.nl/taxonomy/taxa/moehringiatrinervia","http://www.verspreidingsatlas.nl/thumbs/map_830.jpg","","2026-09-10"
"0831","Moenchia erecta","(L.) G. Gaertn., B. Mey. & Scherb.","Kruismuur","Caryophyllaceae","http://www.verspreidingsatlas.nl/0831","http://ndff-ecogrid.nl/taxonomy/taxa/moenchiaerecta","http://www.verspreidingsatlas.nl/thumbs/map_831.jpg","","2026-09-10"
"0832","Molinia caerulea","(L.) Moench","Pijpenstrootje","Poaceae","http://www.verspreidingsatlas.nl/0832","http://ndff-ecogrid.nl/taxonomy/taxa/moliniacaerulea","http://www.verspreidingsatlas.nl/thumbs/map_832.jpg","","2026-09-10"
"0833","Moneses uniflora","(L.) A. Gray","Eenbloemig wintergroen","Ericaceae","http://www.verspreidingsatlas.nl/0833","http://ndff-ecogrid.nl/taxonomy/taxa/monesesuniflora","http://www.verspreidingsatlas.nl/thumbs/map_833.jpg","","2026-09-10"
"0834","Monotropa hypopitys","L.","Stofzaad","Ericaceae","http://www.verspreidingsatlas.nl/0834","http://ndff-ecogrid.nl/taxonomy/taxa/monotropahypopitys","http://www.verspreidingsatlas.nl/thumbs/map_834.jpg","","2026-09-10"
"0835","Montia arvensis","Wallr.","Klein bronkruid","Montiaceae","http://www.verspreidingsatlas.nl/0835","http://ndff-ecogrid.nl/taxonomy/taxa/montiaarvensis","http://www.verspreidingsatlas.nl/thumbs/map_835.jpg","","2026-09-10"
"2427","Montia fontana","L.","Groot bronkruid","Montiaceae","http://www.verspreidingsatlas.nl/2427","http://ndff-ecogrid.nl/taxonomy/taxa/montiafontana1","http://www.verspreidingsatlas.nl/thumbs/map_2427.jpg","","2026-09-10"
"5256","Morus nigra","L.","Zwarte moerbei","Moraceae","http://www.verspreidingsatlas.nl/5256","http://ndff-ecogrid.nl/taxonomy/taxa/morusnigra","http://www.verspreidingsatlas.nl/thumbs/map_5256.jpg","","2026-09-10"
"5959","Muhlenbergia mexicana","(L.) Trin.","Satijngras","Poaceae","http://www.verspreidingsatlas.nl/5959","http://ndff-ecogrid.nl/taxonomy/taxa/muhlenbergiamexicana","http://www.verspreidingsatlas.nl/thumbs/map_5959.jpg","","2026-09-10"
"5093","Muscari armeniacum","Baker","Langbladige druifhyacint","Asparagaceae","http://www.verspreidingsatlas.nl/5093","http://ndff-ecogrid.nl/taxonomy/taxa/muscariarmeniacum","http://www.verspreidingsatlas.nl/thumbs/map_5093.jpg","","2026-09-10"
"0837","Muscari botryoides","(L.) Mill.","Blauwe druifjes","Asparagaceae","http://www.verspreidingsatlas.nl/0837","http://ndff-ecogrid.nl/taxonomy/taxa/muscaribotryoides","http://www.verspreidingsatlas.nl/thumbs/map_837.jpg","","2026-09-10"
"0838","Muscari comosum","(L.) Mill.","Kuifhyacint","Asparagaceae","http://www.verspreidingsatlas.nl/0838","http://ndff-ecogrid.nl/taxonomy/taxa/muscaricomosum","http://www.verspreidingsatlas.nl/thumbs/map_838.jpg","","2026-09-10"
"6894","Muscari latifolium","Kirk","Brede druifhyacint","Asparagaceae","http://www.verspreidingsatlas.nl/6894","http://ndff-ecogrid.nl/taxonomy/taxa/muscarilatifolium","http://www.verspreidingsatlas.nl/thumbs/map_6894.jpg","","2026-09-10"
"0839","Mycelis muralis","(L.) Dumort.","Muursla","Asteraceae","http://www.verspreidingsatlas.nl/0839","http://ndff-ecogrid.nl/taxonomy/taxa/mycelismuralis","http://www.verspreidingsatlas.nl/thumbs/map_839.jpg","","2026-09-10"
"0840","Myosotis arvensis","(L.) Hill","Akkervergeet-mij-nietje","Boraginaceae","http://www.verspreidingsatlas.nl/0840","http://ndff-ecogrid.nl/taxonomy/taxa/myosotisarvensis","http://www.verspreidingsatlas.nl/thumbs/map_840.jpg","","2026-09-10"
"0842","Myosotis discolor s.l.","Pers.","Veelkleurig vergeet-mij-nietje s.l.","Boraginaceae","http://www.verspreidingsatlas.nl/0842","http://ndff-ecogrid.nl/taxonomy/taxa/myosotisdiscolor","http://www.verspreidingsatlas.nl/thumbs/map_842.jpg","","2026-09-10"
"0841","Myosotis laxa subsp. caespitosa","(Schultz) Hyl. ex Nordh.","Zompvergeet-mij-nietje","Boraginaceae","http://www.verspreidingsatlas.nl/0841","http://ndff-ecogrid.nl/taxonomy/taxa/myosotislaxasubspcespitosa","http://www.verspreidingsatlas.nl/thumbs/map_841.jpg","","2026-09-10"
"0843","Myosotis ramosissima","Schult.","Ruw vergeet-mij-nietje","Boraginaceae","http://www.verspreidingsatlas.nl/0843","http://ndff-ecogrid.nl/taxonomy/taxa/myosotisramosissima","http://www.verspreidingsatlas.nl/thumbs/map_843.jpg","","2026-09-10"
"1493","Myosotis scorpioides subsp. nemorosa","M.M. Ivanova","Weidevergeet-mij-nietje","Boraginaceae","http://www.verspreidingsatlas.nl/1493","http://ndff-ecogrid.nl/taxonomy/taxa/myosotisscorpioidessubspnemorosa","http://www.verspreidingsatlas.nl/thumbs/map_1493.jpg","","2026-09-10"
"1494","Myosotis scorpioides subsp. scorpioides","","Moerasvergeet-mij-nietje","Boraginaceae","http://www.verspreidingsatlas.nl/1494","http://ndff-ecogrid.nl/taxonomy/taxa/myosotisscorpioidessubspscorpioides","http://www.verspreidingsatlas.nl/thumbs/map_1494.jpg","","2026-09-10"
"0845","Myosotis stricta","Roemer & Schultes","Stijf vergeet-mij-nietje","Boraginaceae","http://www.verspreidingsatlas.nl/0845","http://ndff-ecogrid.nl/taxonomy/taxa/myosotisstricta","http://www.verspreidingsatlas.nl/thumbs/map_845.jpg","","2026-09-10"
"0846","Myosotis sylvatica","Ehrh. ex Hoffm.","Bosvergeet-mij-nietje","Boraginaceae","http://www.verspreidingsatlas.nl/0846","http://ndff-ecogrid.nl/taxonomy/taxa/myosotissylvatica","http://www.verspreidingsatlas.nl/thumbs/map_846.jpg","","2026-09-10"
"0848","Myosurus minimus","L.","Muizenstaart","Ranunculaceae","http://www.verspreidingsatlas.nl/0848","http://ndff-ecogrid.nl/taxonomy/taxa/myosurusminimus","http://www.verspreidingsatlas.nl/thumbs/map_848.jpg","","2026-09-10"
"0849","Myrica gale","L.","Wilde gagel","Myricaceae","http://www.verspreidingsatlas.nl/0849","http://ndff-ecogrid.nl/taxonomy/taxa/myricagale","http://www.verspreidingsatlas.nl/thumbs/map_849.jpg","","2026-09-10"
"0850","Myriophyllum alterniflorum","DC.","Teer vederkruid","Haloragaceae","http://www.verspreidingsatlas.nl/0850","http://ndff-ecogrid.nl/taxonomy/taxa/myriophyllumalterniflorum","http://www.verspreidingsatlas.nl/thumbs/map_850.jpg","","2026-09-10"
"2497","Myriophyllum aquaticum","(Vell.) Verdc.","Parelvederkruid","Haloragaceae","http://www.verspreidingsatlas.nl/2497","http://ndff-ecogrid.nl/taxonomy/taxa/myriophyllumaquaticum","http://www.verspreidingsatlas.nl/thumbs/map_2497.jpg","","2026-09-10"
"5500","Myriophyllum heterophyllum","Michx.","Ongelijkbladig vederkruid","Haloragaceae","http://www.verspreidingsatlas.nl/5500","http://ndff-ecogrid.nl/taxonomy/taxa/myriophyllumheterophyllum","http://www.verspreidingsatlas.nl/thumbs/map_5500.jpg","","2026-09-10"
"0851","Myriophyllum spicatum","L.","Aarvederkruid","Haloragaceae","http://www.verspreidingsatlas.nl/0851","http://ndff-ecogrid.nl/taxonomy/taxa/myriophyllumspicatum","http://www.verspreidingsatlas.nl/thumbs/map_851.jpg","","2026-09-10"
"0852","Myriophyllum verticillatum","L.","Kransvederkruid","Haloragaceae","http://www.verspreidingsatlas.nl/0852","http://ndff-ecogrid.nl/taxonomy/taxa/myriophyllumverticillatum","http://www.verspreidingsatlas.nl/thumbs/map_852.jpg","","2026-09-10"
"0853","Myrrhis odorata","(L.) Scop.","Roomse kervel","Apiaceae","http://www.verspreidingsatlas.nl/0853","http://ndff-ecogrid.nl/taxonomy/taxa/myrrhisodorata","http://www.verspreidingsatlas.nl/thumbs/map_853.jpg","","2026-09-10"
"0854","Najas marina","L.","Groot nimfkruid","Hydrocharitaceae","http://www.verspreidingsatlas.nl/0854","http://ndff-ecogrid.nl/taxonomy/taxa/najasmarina","http://www.verspreidingsatlas.nl/thumbs/map_854.jpg","","2026-09-10"
"0855","Najas minor","All.","Klein nimfkruid","Hydrocharitaceae","http://www.verspreidingsatlas.nl/0855","http://ndff-ecogrid.nl/taxonomy/taxa/najasminor","http://www.verspreidingsatlas.nl/thumbs/map_855.jpg","","2026-09-10"
"2236","Narcissus poeticus","L.","Witte narcis","Amaryllidaceae","http://www.verspreidingsatlas.nl/2236","http://ndff-ecogrid.nl/taxonomy/taxa/narcissuspoeticus","http://www.verspreidingsatlas.nl/thumbs/map_2236.jpg","","2026-09-10"
"0856","Narcissus pseudonarcissus subsp. pseudonarcissus","","Wilde narcis","Amaryllidaceae","http://www.verspreidingsatlas.nl/0856","http://ndff-ecogrid.nl/taxonomy/taxa/narcissuspseudonarcissussubsppseudonarcissus","http://www.verspreidingsatlas.nl/thumbs/map_856.jpg","","2026-09-10"
"0857","Nardus stricta","L.","Borstelgras","Poaceae","http://www.verspreidingsatlas.nl/0857","http://ndff-ecogrid.nl/taxonomy/taxa/nardusstricta","http://www.verspreidingsatlas.nl/thumbs/map_857.jpg","","2026-09-10"
"0858","Narthecium ossifragum","(L.) Huds.","Beenbreek","Nartheciaceae","http://www.verspreidingsatlas.nl/0858","http://ndff-ecogrid.nl/taxonomy/taxa/nartheciumossifragum","http://www.verspreidingsatlas.nl/thumbs/map_858.jpg","","2026-09-10"
"5614","Nassella tenuissima","(Trin.) Barkworth","Fijn vedergras","Poaceae","http://www.verspreidingsatlas.nl/5614","http://ndff-ecogrid.nl/taxonomy/taxa/nassellatenuissima","http://www.verspreidingsatlas.nl/thumbs/map_5614.jpg","","2026-09-10"
"0859","Nasturtium microphyllum","(Boenn.) Airy-Shaw","Slanke waterkers","Brassicaceae","http://www.verspreidingsatlas.nl/0859","http://ndff-ecogrid.nl/taxonomy/taxa/nasturtiummicrophyllum","http://www.verspreidingsatlas.nl/thumbs/map_859.jpg","","2026-09-10"
"0860","Nasturtium officinale","R. Br.","Witte waterkers","Brassicaceae","http://www.verspreidingsatlas.nl/0860","http://ndff-ecogrid.nl/taxonomy/taxa/nasturtiumofficinale","http://www.verspreidingsatlas.nl/thumbs/map_860.jpg","","2026-09-10"
"5412","Nemesia melissifolia","Benth.","Kransnemesia","Scrophulariaceae","http://www.verspreidingsatlas.nl/5412","http://ndff-ecogrid.nl/taxonomy/taxa/nemesiamelissaefolia","http://www.verspreidingsatlas.nl/thumbs/map_5412.jpg","","2026-09-10"
"8303","Nemophila maculata","Benth. ex Lindl.","","Boraginaceae","http://www.verspreidingsatlas.nl/8303","http://ndff-ecogrid.nl/taxonomy/taxa/nemophilamaculata","http://www.verspreidingsatlas.nl/thumbs/map_8303.jpg","","2026-09-10"
"8304","Nemophila menziesii","Hook. & Arn.","Bosliefje","Boraginaceae","http://www.verspreidingsatlas.nl/8304","http://ndff-ecogrid.nl/taxonomy/taxa/nemophilamenziesii","http://www.verspreidingsatlas.nl/thumbs/map_8304.jpg","","2026-09-10"
"0893","Neotinea ustulata","(L.) R.M. Bateman, Pridgeon & M.W. Chase","Aangebrande orchis","Orchidaceae","http://www.verspreidingsatlas.nl/0893","http://ndff-ecogrid.nl/taxonomy/taxa/neotineaustulata","http://www.verspreidingsatlas.nl/thumbs/map_893.jpg","","2026-09-10"
"0749","Neottia cordata","(L.) Rich.","Kleine keverorchis","Orchidaceae","http://www.verspreidingsatlas.nl/0749","http://ndff-ecogrid.nl/taxonomy/taxa/neottiacordata","http://www.verspreidingsatlas.nl/thumbs/map_749.jpg","","2026-09-10"
"0861","Neottia nidus-avis","(L.) Rich.","Vogelnestje","Orchidaceae","http://www.verspreidingsatlas.nl/0861","http://ndff-ecogrid.nl/taxonomy/taxa/neottianidusavis","http://www.verspreidingsatlas.nl/thumbs/map_861.jpg","","2026-09-10"
"0750","Neottia ovata","(L.) Bluff & Fingerh.","Grote keverorchis","Orchidaceae","http://www.verspreidingsatlas.nl/0750","http://ndff-ecogrid.nl/taxonomy/taxa/neottiaovata","http://www.verspreidingsatlas.nl/thumbs/map_750.jpg","","2026-09-10"
"0862","Nepeta cataria","L.","Wild kattenkruid","Lamiaceae","http://www.verspreidingsatlas.nl/0862","http://ndff-ecogrid.nl/taxonomy/taxa/nepetacataria","http://www.verspreidingsatlas.nl/thumbs/map_862.jpg","","2026-09-10"
"5365","Nepeta racemosa","Lam.","Blauw kattenkruid","Lamiaceae","http://www.verspreidingsatlas.nl/5365","http://ndff-ecogrid.nl/taxonomy/taxa/nepetamussinii","http://www.verspreidingsatlas.nl/thumbs/map_5365.jpg","","2026-09-10"
"5364","Nepeta x faassenii","Bergmans","Grijs kattenkruid","Lamiaceae","http://www.verspreidingsatlas.nl/5364","http://ndff-ecogrid.nl/taxonomy/taxa/nepetaxfaassenii","http://www.verspreidingsatlas.nl/thumbs/map_5364.jpg","","2026-09-10"
"1712","Neslia paniculata","(L.) Desv.","Vinkenzaad","Brassicaceae","http://www.verspreidingsatlas.nl/1712","http://ndff-ecogrid.nl/taxonomy/taxa/nesliapaniculata","http://www.verspreidingsatlas.nl/thumbs/map_1712.jpg","","2026-09-10"
"0863","Nicandra physalodes","(L.) Gaertn.","Zegekruid","Solanaceae","http://www.verspreidingsatlas.nl/0863","http://ndff-ecogrid.nl/taxonomy/taxa/nicandraphysalodes","http://www.verspreidingsatlas.nl/thumbs/map_863.jpg","","2026-09-10"
"5097","Nicotiana alata","Link & Otto","Siertabak","Solanaceae","http://www.verspreidingsatlas.nl/5097","http://ndff-ecogrid.nl/taxonomy/taxa/nicotianaalata","http://www.verspreidingsatlas.nl/thumbs/map_5097.jpg","","2026-09-10"
"1869","Nicotiana rustica","L.","Boerentabak","Solanaceae","http://www.verspreidingsatlas.nl/1869","http://ndff-ecogrid.nl/taxonomy/taxa/nicotianarustica","http://www.verspreidingsatlas.nl/thumbs/map_1869.jpg","","2026-09-10"
"5625","Nicotiana sylvestris","Speg. & S. Comes","Witte trompettabak","Solanaceae","http://www.verspreidingsatlas.nl/5625","http://ndff-ecogrid.nl/taxonomy/taxa/nicotianasylvestris","http://www.verspreidingsatlas.nl/thumbs/map_5625.jpg","","2026-09-10"
"5227","Nicotiana tabacum","L.","Echte tabak","Solanaceae","http://www.verspreidingsatlas.nl/5227","http://ndff-ecogrid.nl/taxonomy/taxa/nicotianatabacum","http://www.verspreidingsatlas.nl/thumbs/map_5227.jpg","","2026-09-10"
"0864","Nigella arvensis","L.","Wilde nigelle","Ranunculaceae","http://www.verspreidingsatlas.nl/0864","http://ndff-ecogrid.nl/taxonomy/taxa/nigellaarvensis","http://www.verspreidingsatlas.nl/thumbs/map_864.jpg","","2026-09-10"
"5098","Nigella damascena","L.","Juffertje-in-het-groen","Ranunculaceae","http://www.verspreidingsatlas.nl/5098","http://ndff-ecogrid.nl/taxonomy/taxa/nigelladamascena","http://www.verspreidingsatlas.nl/thumbs/map_5098.jpg","","2026-09-10"
"1280","Noccaea caerulescens","(J. Presl & C. Presl) F.K. Mey.","Zinkboerenkers","Brassicaceae","http://www.verspreidingsatlas.nl/1280","http://ndff-ecogrid.nl/taxonomy/taxa/noccaeacaerulescens","http://www.verspreidingsatlas.nl/thumbs/map_1280.jpg","","2026-09-10"
"1282","Noccaea perfoliata","(L.) Al-Shehbaz","Doorgroeide boerenkers","Brassicaceae","http://www.verspreidingsatlas.nl/1282","http://ndff-ecogrid.nl/taxonomy/taxa/noccaeaperfoliata","http://www.verspreidingsatlas.nl/thumbs/map_1282.jpg","","2026-09-10"
"5413","Nonea lutea","(Desr.) DC.","Geel monnikskruid","Boraginaceae","http://www.verspreidingsatlas.nl/5413","http://ndff-ecogrid.nl/taxonomy/taxa/nonealutea","http://www.verspreidingsatlas.nl/thumbs/map_5413.jpg","","2026-09-10"
"2498","Nuphar advena","(Aiton) W.T. Aiton","Tuinplomp","Nymphaeaceae","http://www.verspreidingsatlas.nl/2498","http://ndff-ecogrid.nl/taxonomy/taxa/nupharadvena","http://www.verspreidingsatlas.nl/thumbs/map_2498.jpg","","2026-09-10"
"0865","Nuphar lutea","(L.) Sm.","Gele plomp","Nymphaeaceae","http://www.verspreidingsatlas.nl/0865","http://ndff-ecogrid.nl/taxonomy/taxa/nupharlutea","http://www.verspreidingsatlas.nl/thumbs/map_865.jpg","","2026-09-10"
"0866","Nymphaea alba","L.","Witte waterlelie","Nymphaeaceae","http://www.verspreidingsatlas.nl/0866","http://ndff-ecogrid.nl/taxonomy/taxa/nymphaeaalba","http://www.verspreidingsatlas.nl/thumbs/map_866.jpg","","2026-09-10"
"1615","Nymphaea candida","C.Presl","Noordelijke waterlelie","Nymphaeaceae","http://www.verspreidingsatlas.nl/1615","http://ndff-ecogrid.nl/taxonomy/taxa/nymphaeacandida","http://www.verspreidingsatlas.nl/thumbs/map_1615.jpg","","2026-09-10"
"2499","Nymphaea marliacea","Latour-Marl.","Roze waterlelie","Nymphaeaceae","http://www.verspreidingsatlas.nl/2499","http://ndff-ecogrid.nl/taxonomy/taxa/nymphaeamarliacea","http://www.verspreidingsatlas.nl/thumbs/map_2499.jpg","","2026-09-10"
"0867","Nymphoides peltata","(S.G. Gmel.) Kuntze","Watergentiaan","Menyanthaceae","http://www.verspreidingsatlas.nl/0867","http://ndff-ecogrid.nl/taxonomy/taxa/nymphoidespeltata","http://www.verspreidingsatlas.nl/thumbs/map_867.jpg","","2026-09-10"
"5099","Ocimum basilicum","L.","Basilicum","Lamiaceae","http://www.verspreidingsatlas.nl/5099","http://ndff-ecogrid.nl/taxonomy/taxa/ocimumbasilicum","http://www.verspreidingsatlas.nl/thumbs/map_5099.jpg","","2026-09-10"
"2319","Odontites vernus","(Bellardi) Dumort.","Rode / Akkerogentroost","Orobanchaceae","http://www.verspreidingsatlas.nl/2319","http://ndff-ecogrid.nl/taxonomy/taxa/odontitesvernus","http://www.verspreidingsatlas.nl/thumbs/map_2319.jpg","","2026-09-10"
"0509","Odontites vernus subsp. serotinus","(Wettst.) Corbiere","Rode ogentroost","Orobanchaceae","http://www.verspreidingsatlas.nl/0509","http://ndff-ecogrid.nl/taxonomy/taxa/odontitesvernussubspserotinus","http://www.verspreidingsatlas.nl/thumbs/map_509.jpg","","2026-09-10"
"1496","Odontites vernus subsp. vernus","(Bellardi) Dumort.","Akkerogentroost","Orobanchaceae","http://www.verspreidingsatlas.nl/1496","http://ndff-ecogrid.nl/taxonomy/taxa/odontitesvernussubspvernus","http://www.verspreidingsatlas.nl/thumbs/map_1496.jpg","","2026-09-10"
"0868","Oenanthe aquatica","(L.) Poir.","Watertorkruid","Apiaceae","http://www.verspreidingsatlas.nl/0868","http://ndff-ecogrid.nl/taxonomy/taxa/oenantheaquatica","http://www.verspreidingsatlas.nl/thumbs/map_868.jpg","","2026-09-10"
"1630","Oenanthe crocata","L.","Dodemansvingers","Apiaceae","http://www.verspreidingsatlas.nl/1630","http://ndff-ecogrid.nl/taxonomy/taxa/oenanthecrocata","http://www.verspreidingsatlas.nl/thumbs/map_1630.jpg","","2026-09-10"
"0869","Oenanthe fistulosa","L.","Pijptorkruid","Apiaceae","http://www.verspreidingsatlas.nl/0869","http://ndff-ecogrid.nl/taxonomy/taxa/oenanthefistulosa","http://www.verspreidingsatlas.nl/thumbs/map_869.jpg","","2026-09-10"
"0870","Oenanthe lachenalii","Gmel.","Zilt torkruid","Apiaceae","http://www.verspreidingsatlas.nl/0870","http://ndff-ecogrid.nl/taxonomy/taxa/oenanthelachenalii","http://www.verspreidingsatlas.nl/thumbs/map_870.jpg","","2026-09-10"
"2444","Oenanthe peucedanifolia","Pollich","Varkenskervel-torkruid","Apiaceae","http://www.verspreidingsatlas.nl/2444","http://ndff-ecogrid.nl/taxonomy/taxa/oenanthepeucedanifolia","http://www.verspreidingsatlas.nl/thumbs/map_2444.jpg","","2026-09-10"
"1713","Oenanthe pimpinelloides","L.","Beverneltorkruid","Apiaceae","http://www.verspreidingsatlas.nl/1713","http://ndff-ecogrid.nl/taxonomy/taxa/oenanthepimpinelloides","http://www.verspreidingsatlas.nl/thumbs/map_1713.jpg","","2026-09-10"
"0871","Oenanthe silaifolia","M. Bieb.","Weidekervel-torkruid","Apiaceae","http://www.verspreidingsatlas.nl/0871","http://ndff-ecogrid.nl/taxonomy/taxa/oenanthesilaifolia","http://www.verspreidingsatlas.nl/thumbs/map_871.jpg","","2026-09-10"
"5457","Oenothera biennis","L.","Middelste teunisbloem","Onagraceae","http://www.verspreidingsatlas.nl/5457","http://ndff-ecogrid.nl/taxonomy/taxa/oenotherabiennisss","http://www.verspreidingsatlas.nl/thumbs/map_5457.jpg","","2026-09-10"
"2412","Oenothera deflexa","R.R. Gates","Zandteunisbloem","Onagraceae","http://www.verspreidingsatlas.nl/2412","http://ndff-ecogrid.nl/taxonomy/taxa/oenotheradeflexa","http://www.verspreidingsatlas.nl/thumbs/map_2412.jpg","","2026-09-10"
"0873","Oenothera glazioviana","Micheli","Grote teunisbloem","Onagraceae","http://www.verspreidingsatlas.nl/0873","http://ndff-ecogrid.nl/taxonomy/taxa/oenotheraglazioviana","http://www.verspreidingsatlas.nl/thumbs/map_873.jpg","","2026-09-10"
"2004","Oenothera oakesiana","(A. Gray) J.W. Robbins ex S. Watson & J.M. Coult.","Duinteunisbloem","Onagraceae","http://www.verspreidingsatlas.nl/2004","http://ndff-ecogrid.nl/taxonomy/taxa/oenotheraoakesiana","http://www.verspreidingsatlas.nl/thumbs/map_2004.jpg","","2026-09-10"
"8089","Oenothera oehlkersii","Kappus ex Rostanski","Bleke teunisbloem","Onagraceae","http://www.verspreidingsatlas.nl/8089","http://ndff-ecogrid.nl/taxonomy/taxa/oenotheraoehlkersii","http://www.verspreidingsatlas.nl/thumbs/map_8089.jpg","","2026-09-10"
"8456","Oenothera rubricalyx","R.R. Gates","Fraaie teunisbloem","Onagraceae","http://www.verspreidingsatlas.nl/8456","http://ndff-ecogrid.nl/taxonomy/taxa/oenotherarubricalyx","http://www.verspreidingsatlas.nl/thumbs/map_8456.jpg","","2026-09-10"
"5501","Oenothera x fallax","Renner","Gestreepte teunisbloem","Onagraceae","http://www.verspreidingsatlas.nl/5501","http://ndff-ecogrid.nl/taxonomy/taxa/oenotheraxfallax","http://www.verspreidingsatlas.nl/thumbs/map_5501.jpg","","2026-09-10"
"1626","Omphalodes verna","Moench","Vroeg vergeet-mij-nietje","Boraginaceae","http://www.verspreidingsatlas.nl/1626","http://ndff-ecogrid.nl/taxonomy/taxa/omphalodesverna","http://www.verspreidingsatlas.nl/thumbs/map_1626.jpg","","2026-09-10"
"0875","Onobrychis viciifolia","Scop.","Esparcette","Fabaceae","http://www.verspreidingsatlas.nl/0875","http://ndff-ecogrid.nl/taxonomy/taxa/onobrychisviciifolia","http://www.verspreidingsatlas.nl/thumbs/map_875.jpg","","2026-09-10"
"5100","Onoclea sensibilis","L.","Bolletjesvaren","Onocleaceae","http://www.verspreidingsatlas.nl/5100","http://ndff-ecogrid.nl/taxonomy/taxa/onocleasensibilis","http://www.verspreidingsatlas.nl/thumbs/map_5100.jpg","","2026-09-10"
"2434","Ononis spinosa","L.","Kruipend stalkruid / Kattendoorn","Fabaceae","http://www.verspreidingsatlas.nl/2434","http://ndff-ecogrid.nl/taxonomy/taxa/ononisspinosa","http://www.verspreidingsatlas.nl/thumbs/map_2434.jpg","","2026-09-10"
"0876","Ononis spinosa subsp. procurrens","(Wallr.) Briq.","Kruipend stalkruid","Fabaceae","http://www.verspreidingsatlas.nl/0876","http://ndff-ecogrid.nl/taxonomy/taxa/ononisspinosasubspprocurrens","http://www.verspreidingsatlas.nl/thumbs/map_876.jpg","","2026-09-10"
"0877","Ononis spinosa subsp. spinosa","","Kattendoorn","Fabaceae","http://www.verspreidingsatlas.nl/0877","http://ndff-ecogrid.nl/taxonomy/taxa/ononisspinosasubspspinosa","http://www.verspreidingsatlas.nl/thumbs/map_877.jpg","","2026-09-10"
"0878","Onopordum acanthium","L.","Wegdistel","Asteraceae","http://www.verspreidingsatlas.nl/0878","http://ndff-ecogrid.nl/taxonomy/taxa/onopordumacanthium","http://www.verspreidingsatlas.nl/thumbs/map_878.jpg","","2026-09-10"
"0879","Ophioglossum vulgatum","L.","Addertong","Ophioglossaceae","http://www.verspreidingsatlas.nl/0879","http://ndff-ecogrid.nl/taxonomy/taxa/ophioglossumvulgatum","http://www.verspreidingsatlas.nl/thumbs/map_879.jpg","","2026-09-10"
"0880","Ophrys apifera","Huds.","Bijenorchis","Orchidaceae","http://www.verspreidingsatlas.nl/0880","http://ndff-ecogrid.nl/taxonomy/taxa/ophrysapifera","http://www.verspreidingsatlas.nl/thumbs/map_880.jpg","","2026-09-10"
"0881","Ophrys insectifera subsp. insectifera","","Vliegenorchis","Orchidaceae","http://www.verspreidingsatlas.nl/0881","http://ndff-ecogrid.nl/taxonomy/taxa/ophrysinsectiferasubspinsectifera","http://www.verspreidingsatlas.nl/thumbs/map_881.jpg","","2026-09-10"
"1410","Ophrys sphegodes","Mill.","Spinnenorchis","Orchidaceae","http://www.verspreidingsatlas.nl/1410","http://ndff-ecogrid.nl/taxonomy/taxa/ophryssphegodes","http://www.verspreidingsatlas.nl/thumbs/map_1410.jpg","","2026-09-10"
"0003","Orchis anthropophora","(L.) All.","Poppenorchis","Orchidaceae","http://www.verspreidingsatlas.nl/0003","http://ndff-ecogrid.nl/taxonomy/taxa/orchisanthropophora","http://www.verspreidingsatlas.nl/thumbs/map_3.jpg","","2026-09-10"
"0887","Orchis mascula","(L.) L.","Mannetjesorchis","Orchidaceae","http://www.verspreidingsatlas.nl/0887","http://ndff-ecogrid.nl/taxonomy/taxa/orchismascula","http://www.verspreidingsatlas.nl/thumbs/map_887.jpg","","2026-09-10"
"0888","Orchis militaris","L.","Soldaatje","Orchidaceae","http://www.verspreidingsatlas.nl/0888","http://ndff-ecogrid.nl/taxonomy/taxa/orchismilitaris","http://www.verspreidingsatlas.nl/thumbs/map_888.jpg","","2026-09-10"
"0891","Orchis purpurea","Huds.","Purperorchis","Orchidaceae","http://www.verspreidingsatlas.nl/0891","http://ndff-ecogrid.nl/taxonomy/taxa/orchispurpurea","http://www.verspreidingsatlas.nl/thumbs/map_891.jpg","","2026-09-10"
"0892","Orchis simia","Lamk.","Aapjesorchis","Orchidaceae","http://www.verspreidingsatlas.nl/0892","http://ndff-ecogrid.nl/taxonomy/taxa/orchissimia","http://www.verspreidingsatlas.nl/thumbs/map_892.jpg","","2026-09-10"
"0423","Oreopteris limbosperma","(All.) Holub","Stippelvaren","Thelypteridaceae","http://www.verspreidingsatlas.nl/0423","http://ndff-ecogrid.nl/taxonomy/taxa/oreopterislimbosperma","http://www.verspreidingsatlas.nl/thumbs/map_423.jpg","","2026-09-10"
"5101","Origanum majorana","L.","Echte marjolein","Lamiaceae","http://www.verspreidingsatlas.nl/5101","http://ndff-ecogrid.nl/taxonomy/taxa/origanummajorana","http://www.verspreidingsatlas.nl/thumbs/map_5101.jpg","","2026-09-10"
"0894","Origanum vulgare","L.","Wilde marjolein","Lamiaceae","http://www.verspreidingsatlas.nl/0894","http://ndff-ecogrid.nl/taxonomy/taxa/origanumvulgare","http://www.verspreidingsatlas.nl/thumbs/map_894.jpg","","2026-09-10"
"1714","Orlaya grandiflora","(L.) Hoffm.","Straalscherm","Apiaceae","http://www.verspreidingsatlas.nl/1714","http://ndff-ecogrid.nl/taxonomy/taxa/orlayagrandiflora","http://www.verspreidingsatlas.nl/thumbs/map_1714.jpg","","2026-09-10"
"0895","Ornithogalum nutans","L.","Knikkende vogelmelk","Asparagaceae","http://www.verspreidingsatlas.nl/0895","http://ndff-ecogrid.nl/taxonomy/taxa/ornithogalumnutans","http://www.verspreidingsatlas.nl/thumbs/map_895.jpg","","2026-09-10"
"5086","Ornithogalum pyramidale","L.","Piramidevogelmelk","Asparagaceae","http://www.verspreidingsatlas.nl/5086","http://ndff-ecogrid.nl/taxonomy/taxa/ornithogalumpyramidale","http://www.verspreidingsatlas.nl/thumbs/map_5086.jpg","","2026-09-10"
"6898","Ornithogalum pyrenaicum","L.","Bosvogelmelk","Asparagaceae","http://www.verspreidingsatlas.nl/6898","http://ndff-ecogrid.nl/taxonomy/taxa/ornithogalumpyrenaicum","http://www.verspreidingsatlas.nl/thumbs/map_6898.jpg","","2026-09-10"
"0896","Ornithogalum umbellatum","L.","Gewone vogelmelk","Asparagaceae","http://www.verspreidingsatlas.nl/0896","http://ndff-ecogrid.nl/taxonomy/taxa/ornithogalumumbellatum","http://www.verspreidingsatlas.nl/thumbs/map_896.jpg","","2026-09-10"
"2413","Ornithogalum umbellatum subsp. divergens","(Boreau) Asch. & Graebn.","Wijde vogelmelk","Asparagaceae","http://www.verspreidingsatlas.nl/2413","http://ndff-ecogrid.nl/taxonomy/taxa/ornithogalumumbellatumsubspdivergens","http://www.verspreidingsatlas.nl/thumbs/map_2413.jpg","","2026-09-10"
"2397","Ornithogalum umbellatum subsp. umbellatum","","Gewone vogelmelk subsp. umbellatum","Asparagaceae","http://www.verspreidingsatlas.nl/2397","http://ndff-ecogrid.nl/taxonomy/taxa/ornithogalumumbellatumsubspumbellatum","http://www.verspreidingsatlas.nl/thumbs/map_2397.jpg","","2026-09-10"
"5267","Ornithopus compressus","L.","Geel vogelpootje","Fabaceae","http://www.verspreidingsatlas.nl/5267","http://ndff-ecogrid.nl/taxonomy/taxa/ornithopuscompressus","http://www.verspreidingsatlas.nl/thumbs/map_5267.jpg","","2026-09-10"
"0897","Ornithopus perpusillus","L.","Klein vogelpootje","Fabaceae","http://www.verspreidingsatlas.nl/0897","http://ndff-ecogrid.nl/taxonomy/taxa/ornithopusperpusillus","http://www.verspreidingsatlas.nl/thumbs/map_897.jpg","","2026-09-10"
"1818","Ornithopus sativus","Brot.","Serradelle","Fabaceae","http://www.verspreidingsatlas.nl/1818","http://ndff-ecogrid.nl/taxonomy/taxa/ornithopussativus","http://www.verspreidingsatlas.nl/thumbs/map_1818.jpg","","2026-09-10"
"8506","Orobanche amethystea","Thuill.","Violette bremraap","Orobanchaceae","http://www.verspreidingsatlas.nl/8506","http://ndff-ecogrid.nl/taxonomy/taxa/orobancheamethystea","http://www.verspreidingsatlas.nl/thumbs/map_8506.jpg","","2026-09-10"
"0907","Orobanche caryophyllacea","Sm.","Walstrobremraap","Orobanchaceae","http://www.verspreidingsatlas.nl/0907","http://ndff-ecogrid.nl/taxonomy/taxa/orobanchecaryophyllacea","http://www.verspreidingsatlas.nl/thumbs/map_907.jpg","","2026-09-10"
"2449","Orobanche elatior","Sutton","Centauriebremraap","Orobanchaceae","http://www.verspreidingsatlas.nl/2449","http://ndff-ecogrid.nl/taxonomy/taxa/orobancheelatior","http://www.verspreidingsatlas.nl/thumbs/map_2449.jpg","","2026-09-10"
"0899","Orobanche hederae","Duby","Klimopbremraap","Orobanchaceae","http://www.verspreidingsatlas.nl/0899","http://ndff-ecogrid.nl/taxonomy/taxa/orobanchehederae","http://www.verspreidingsatlas.nl/thumbs/map_899.jpg","","2026-09-10"
"0900","Orobanche lutea","Baumg.","Rode bremraap","Orobanchaceae","http://www.verspreidingsatlas.nl/0900","http://ndff-ecogrid.nl/taxonomy/taxa/orobanchelutea","http://www.verspreidingsatlas.nl/thumbs/map_900.jpg","","2026-09-10"
"0901","Orobanche minor","Sm.","Klavervreter","Orobanchaceae","http://www.verspreidingsatlas.nl/0901","http://ndff-ecogrid.nl/taxonomy/taxa/orobancheminor","http://www.verspreidingsatlas.nl/thumbs/map_901.jpg","","2026-09-10"
"0902","Orobanche picridis","Koch","Bitterkruidbremraap","Orobanchaceae","http://www.verspreidingsatlas.nl/0902","http://ndff-ecogrid.nl/taxonomy/taxa/orobanchepicridis","http://www.verspreidingsatlas.nl/thumbs/map_902.jpg","","2026-09-10"
"0903","Orobanche purpurea","Jacq.","Blauwe bremraap","Orobanchaceae","http://www.verspreidingsatlas.nl/0903","http://ndff-ecogrid.nl/taxonomy/taxa/orobanchepurpurea","http://www.verspreidingsatlas.nl/thumbs/map_903.jpg","","2026-09-10"
"0904","Orobanche ramosa","L.","Hennepvreter","Orobanchaceae","http://www.verspreidingsatlas.nl/0904","http://ndff-ecogrid.nl/taxonomy/taxa/orobancheramosa","http://www.verspreidingsatlas.nl/thumbs/map_904.jpg","","2026-09-10"
"0905","Orobanche rapum-genistae","Thuill.","Grote bremraap","Orobanchaceae","http://www.verspreidingsatlas.nl/0905","http://ndff-ecogrid.nl/taxonomy/taxa/orobancherapumgenistae","http://www.verspreidingsatlas.nl/thumbs/map_905.jpg","","2026-09-10"
"0906","Orobanche reticulata","Wallr.","Distelbremraap","Orobanchaceae","http://www.verspreidingsatlas.nl/0906","http://ndff-ecogrid.nl/taxonomy/taxa/orobanchereticulata","http://www.verspreidingsatlas.nl/thumbs/map_906.jpg","","2026-09-10"
"1039","Orthilia secunda","(L.) House","Eenzijdig wintergroen","Ericaceae","http://www.verspreidingsatlas.nl/1039","http://ndff-ecogrid.nl/taxonomy/taxa/orthiliasecunda","http://www.verspreidingsatlas.nl/thumbs/map_1039.jpg","","2026-09-10"
"0908","Osmunda regalis","L.","Koningsvaren","Osmundaceae","http://www.verspreidingsatlas.nl/0908","http://ndff-ecogrid.nl/taxonomy/taxa/osmundaregalis","http://www.verspreidingsatlas.nl/thumbs/map_908.jpg","","2026-09-10"
"8313","Ostrya carpinifolia","Scop.","Europese hopbeuk","Betulaceae","http://www.verspreidingsatlas.nl/8313","http://ndff-ecogrid.nl/taxonomy/taxa/ostryacarpinifolia","http://www.verspreidingsatlas.nl/thumbs/map_8313.jpg","","2026-09-10"
"0909","Oxalis acetosella","L.","Witte klaverzuring","Oxalidaceae","http://www.verspreidingsatlas.nl/0909","http://ndff-ecogrid.nl/taxonomy/taxa/oxalisacetosella","http://www.verspreidingsatlas.nl/thumbs/map_909.jpg","","2026-09-10"
"5603","Oxalis articulata","Savigny","Knolklaverzuring","Oxalidaceae","http://www.verspreidingsatlas.nl/5603","http://ndff-ecogrid.nl/taxonomy/taxa/oxalisarticulata","http://www.verspreidingsatlas.nl/thumbs/map_5603.jpg","","2026-09-10"
"0910","Oxalis corniculata","L.","Gehoornde klaverzuring","Oxalidaceae","http://www.verspreidingsatlas.nl/0910","http://ndff-ecogrid.nl/taxonomy/taxa/oxaliscorniculata","http://www.verspreidingsatlas.nl/thumbs/map_910.jpg","","2026-09-10"
"5995","Oxalis debilis","Kunth","Stippelklaverzuring","Oxalidaceae","http://www.verspreidingsatlas.nl/5995","http://ndff-ecogrid.nl/taxonomy/taxa/oxalisdebilis","http://www.verspreidingsatlas.nl/thumbs/map_5995.jpg","","2026-09-10"
"5337","Oxalis dillenii","Jacq.","Knobbelklaverzuring","Oxalidaceae","http://www.verspreidingsatlas.nl/5337","http://ndff-ecogrid.nl/taxonomy/taxa/oxalisdillenii","http://www.verspreidingsatlas.nl/thumbs/map_5337.jpg","","2026-09-10"
"0911","Oxalis stricta","L.","Stijve klaverzuring","Oxalidaceae","http://www.verspreidingsatlas.nl/0911","http://ndff-ecogrid.nl/taxonomy/taxa/oxalisstricta","http://www.verspreidingsatlas.nl/thumbs/map_911.jpg","","2026-09-10"
"0309","Oxybasis chenopodioides","(L.) S.Fuentes, Uotila & Borsch","Beursjesganzenvoet","Amaranthaceae","http://www.verspreidingsatlas.nl/0309","http://ndff-ecogrid.nl/taxonomy/taxa/oxybasischenopodioides","http://www.verspreidingsatlas.nl/thumbs/map_309.jpg","","2026-09-10"
"0312","Oxybasis glauca","(L.) S.Fuentes, Uotila & Borsch","Zeegroene ganzenvoet","Amaranthaceae","http://www.verspreidingsatlas.nl/0312","http://ndff-ecogrid.nl/taxonomy/taxa/oxybasisglauca","http://www.verspreidingsatlas.nl/thumbs/map_312.jpg","","2026-09-10"
"0316","Oxybasis rubra","(L.) S.Fuentes, Uotila & Borsch","Rode ganzenvoet","Amaranthaceae","http://www.verspreidingsatlas.nl/0316","http://ndff-ecogrid.nl/taxonomy/taxa/oxybasisrubra","http://www.verspreidingsatlas.nl/thumbs/map_316.jpg","","2026-09-10"
"5220","Pachysandra terminalis","Siebold & Zuccarini","Dikkemanskruid","Buxaceae","http://www.verspreidingsatlas.nl/5220","http://ndff-ecogrid.nl/taxonomy/taxa/pachysandraterminalis","http://www.verspreidingsatlas.nl/thumbs/map_5220.jpg","","2026-09-10"
"5706","Panicum barbipulvinatum","Nash","Fijne draadgierst","Poaceae","http://www.verspreidingsatlas.nl/5706","http://ndff-ecogrid.nl/taxonomy/taxa/panicumbarbipulvinatum","http://www.verspreidingsatlas.nl/thumbs/map_5706.jpg","","2026-09-10"
"1715","Panicum capillare","L.","Draadgierst","Poaceae","http://www.verspreidingsatlas.nl/1715","http://ndff-ecogrid.nl/taxonomy/taxa/panicumcapillare","http://www.verspreidingsatlas.nl/thumbs/map_1715.jpg","","2026-09-10"
"5461","Panicum dichotomiflorum","Michx.","Kale gierst","Poaceae","http://www.verspreidingsatlas.nl/5461","http://ndff-ecogrid.nl/taxonomy/taxa/panicumdichotomiflorum","http://www.verspreidingsatlas.nl/thumbs/map_5461.jpg","","2026-09-10"
"5707","Panicum hillmanii","Chase","Schijndraadgierst","Poaceae","http://www.verspreidingsatlas.nl/5707","http://ndff-ecogrid.nl/taxonomy/taxa/panicumhillmanii","http://www.verspreidingsatlas.nl/thumbs/map_5707.jpg","","2026-09-10"
"1716","Panicum miliaceum","L.","Pluimgierst","Poaceae","http://www.verspreidingsatlas.nl/1716","http://ndff-ecogrid.nl/taxonomy/taxa/panicummiliaceum","http://www.verspreidingsatlas.nl/thumbs/map_1716.jpg","","2026-09-10"
"5338","Panicum schinzii","Hack. ex Schinz","Zuid-Afrikaanse gierst","Poaceae","http://www.verspreidingsatlas.nl/5338","http://ndff-ecogrid.nl/taxonomy/taxa/panicumschinzii","http://www.verspreidingsatlas.nl/thumbs/map_5338.jpg","","2026-09-10"
"0914","Papaver argemone","L.","Ruige klaproos","Papaveraceae","http://www.verspreidingsatlas.nl/0914","http://ndff-ecogrid.nl/taxonomy/taxa/papaverargemone","http://www.verspreidingsatlas.nl/thumbs/map_914.jpg","","2026-09-10"
"5366","Papaver atlanticum","(Ball) Coss.","Donzige klaproos","Papaveraceae","http://www.verspreidingsatlas.nl/5366","http://ndff-ecogrid.nl/taxonomy/taxa/papaveratlanticum","http://www.verspreidingsatlas.nl/thumbs/map_5366.jpg","","2026-09-10"
"5411","Papaver cambricum","L.","Schijnpapaver","Papaveraceae","http://www.verspreidingsatlas.nl/5411","http://ndff-ecogrid.nl/taxonomy/taxa/papavercambricum","http://www.verspreidingsatlas.nl/thumbs/map_5411.jpg","","2026-09-10"
"0915","Papaver dubium","L.","Bleke klaproos","Papaveraceae","http://www.verspreidingsatlas.nl/0915","http://ndff-ecogrid.nl/taxonomy/taxa/papaverdubium","http://www.verspreidingsatlas.nl/thumbs/map_915.jpg","","2026-09-10"
"5415","Papaver orientale","L.","Reuzenklaproos","Papaveraceae","http://www.verspreidingsatlas.nl/5415","http://ndff-ecogrid.nl/taxonomy/taxa/papaverorientale","http://www.verspreidingsatlas.nl/thumbs/map_5415.jpg","","2026-09-10"
"0916","Papaver rhoeas","L.","Grote klaproos","Papaveraceae","http://www.verspreidingsatlas.nl/0916","http://ndff-ecogrid.nl/taxonomy/taxa/papaverrhoeas","http://www.verspreidingsatlas.nl/thumbs/map_916.jpg","","2026-09-10"
"1819","Papaver somniferum","L.","Slaapbol","Papaveraceae","http://www.verspreidingsatlas.nl/1819","http://ndff-ecogrid.nl/taxonomy/taxa/papaversomniferum","http://www.verspreidingsatlas.nl/thumbs/map_1819.jpg","","2026-09-10"
"0917","Parapholis strigosa","(Dumort.) C.E. Hubb.","Dunstaart","Poaceae","http://www.verspreidingsatlas.nl/0917","http://ndff-ecogrid.nl/taxonomy/taxa/parapholisstrigosa","http://www.verspreidingsatlas.nl/thumbs/map_917.jpg","","2026-09-10"
"1717","Parentucellia viscosa","(L.) Caruel","Kleverige ogentroost","Orobanchaceae","http://www.verspreidingsatlas.nl/1717","http://ndff-ecogrid.nl/taxonomy/taxa/parentucelliaviscosa","http://www.verspreidingsatlas.nl/thumbs/map_1717.jpg","","2026-09-10"
"0919","Parietaria judaica","L.","Klein glaskruid","Urticaceae","http://www.verspreidingsatlas.nl/0919","http://ndff-ecogrid.nl/taxonomy/taxa/parietariajudaica","http://www.verspreidingsatlas.nl/thumbs/map_919.jpg","","2026-09-10"
"0918","Parietaria officinalis","L.","Groot glaskruid","Urticaceae","http://www.verspreidingsatlas.nl/0918","http://ndff-ecogrid.nl/taxonomy/taxa/parietariaofficinalis","http://www.verspreidingsatlas.nl/thumbs/map_918.jpg","","2026-09-10"
"0920","Paris quadrifolia","L.","Eenbes","Melanthiaceae","http://www.verspreidingsatlas.nl/0920","http://ndff-ecogrid.nl/taxonomy/taxa/parisquadrifolia","http://www.verspreidingsatlas.nl/thumbs/map_920.jpg","","2026-09-10"
"0921","Parnassia palustris","L.","Parnassia","Parnassiaceae","http://www.verspreidingsatlas.nl/0921","http://ndff-ecogrid.nl/taxonomy/taxa/parnassiapalustris","http://www.verspreidingsatlas.nl/thumbs/map_921.jpg","","2026-09-10"
"2103","Parthenocissus quinquefolia","(L.) Planch.","Vijfbladige wingerd","Vitaceae","http://www.verspreidingsatlas.nl/2103","http://ndff-ecogrid.nl/taxonomy/taxa/parthenocissusquinquefolia","http://www.verspreidingsatlas.nl/thumbs/map_2103.jpg","","2026-09-10"
"5502","Parthenocissus tricuspidata","Planch.","Oosterse wingerd","Vitaceae","http://www.verspreidingsatlas.nl/5502","http://ndff-ecogrid.nl/taxonomy/taxa/parthenocissustricuspidata","http://www.verspreidingsatlas.nl/thumbs/map_5502.jpg","","2026-09-10"
"2102","Parthenocissus vitacea","(Knerr) Hitchc.","Valse wingerd","Vitaceae","http://www.verspreidingsatlas.nl/2102","http://ndff-ecogrid.nl/taxonomy/taxa/parthenocissusvitacea","http://www.verspreidingsatlas.nl/thumbs/map_2102.jpg","","2026-09-10"
"6901","Passiflora caerulea","L.","Blauwe passiebloem","Passifloraceae","http://www.verspreidingsatlas.nl/6901","http://ndff-ecogrid.nl/taxonomy/taxa/passifloracaerulea","http://www.verspreidingsatlas.nl/thumbs/map_6901.jpg","","2026-09-10"
"0922","Pastinaca sativa subsp. sativa","","Gewone pastinaak","Apiaceae","http://www.verspreidingsatlas.nl/0922","http://ndff-ecogrid.nl/taxonomy/taxa/pastinacasativasubspsativa","http://www.verspreidingsatlas.nl/thumbs/map_922.jpg","","2026-09-10"
"5340","Pastinaca sativa subsp. urens","(Req. ex Godr.) Celak.","Brandpastinaak","Apiaceae","http://www.verspreidingsatlas.nl/5340","http://ndff-ecogrid.nl/taxonomy/taxa/pastinacasativasubspurens","http://www.verspreidingsatlas.nl/thumbs/map_5340.jpg","","2026-09-10"
"5367","Paulownia tomentosa","(Thunb.) Steud.","Anna Paulownaboom","Paulowniaceae","http://www.verspreidingsatlas.nl/5367","http://ndff-ecogrid.nl/taxonomy/taxa/paulowniatomentosa","http://www.verspreidingsatlas.nl/thumbs/map_5367.jpg","","2026-09-10"
"0923","Pedicularis palustris","L.","Moeraskartelblad","Orobanchaceae","http://www.verspreidingsatlas.nl/0923","http://ndff-ecogrid.nl/taxonomy/taxa/pedicularispalustris","http://www.verspreidingsatlas.nl/thumbs/map_923.jpg","","2026-09-10"
"0924","Pedicularis sylvatica","L.","Heidekartelblad","Orobanchaceae","http://www.verspreidingsatlas.nl/0924","http://ndff-ecogrid.nl/taxonomy/taxa/pedicularissylvatica","http://www.verspreidingsatlas.nl/thumbs/map_924.jpg","","2026-09-10"
"1871","Pentaglottis sempervirens","(L.) L.H. Bailey","Overblijvende ossentong","Boraginaceae","http://www.verspreidingsatlas.nl/1871","http://ndff-ecogrid.nl/taxonomy/taxa/pentaglottissempervirens","http://www.verspreidingsatlas.nl/thumbs/map_1871.jpg","","2026-09-10"
"0967","Persicaria amphibia","(L.) Gray","Veenwortel","Polygonaceae","http://www.verspreidingsatlas.nl/0967","http://ndff-ecogrid.nl/taxonomy/taxa/persicariaamphibia","http://www.verspreidingsatlas.nl/thumbs/map_967.jpg","","2026-09-10"
"0969","Persicaria bistorta","(L.) Samp.","Adderwortel","Polygonaceae","http://www.verspreidingsatlas.nl/0969","http://ndff-ecogrid.nl/taxonomy/taxa/persicariabistorta","http://www.verspreidingsatlas.nl/thumbs/map_969.jpg","","2026-09-10"
"5341","Persicaria capitata","(Buch.-Ham. ex D. Don) H. Gross","Kogelduizendknoop","Polygonaceae","http://www.verspreidingsatlas.nl/5341","http://ndff-ecogrid.nl/taxonomy/taxa/persicariacapitata","http://www.verspreidingsatlas.nl/thumbs/map_5341.jpg","","2026-09-10"
"5561","Persicaria filiformis","(Thunb.) Nakai","","Polygonaceae","http://www.verspreidingsatlas.nl/5561","http://ndff-ecogrid.nl/taxonomy/taxa/persicariafiliformis","http://www.verspreidingsatlas.nl/thumbs/map_5561.jpg","","2026-09-10"
"0972","Persicaria hydropiper","(L.) Spach","Waterpeper","Polygonaceae","http://www.verspreidingsatlas.nl/0972","http://ndff-ecogrid.nl/taxonomy/taxa/persicariahydropiper","http://www.verspreidingsatlas.nl/thumbs/map_972.jpg","","2026-09-10"
"0973","Persicaria lapathifolia","(L.) Gray","Beklierde duizendknoop","Polygonaceae","http://www.verspreidingsatlas.nl/0973","http://ndff-ecogrid.nl/taxonomy/taxa/persicarialapathifolia","http://www.verspreidingsatlas.nl/thumbs/map_973.jpg","","2026-09-10"
"0977","Persicaria maculosa","Gray","Perzikkruid","Polygonaceae","http://www.verspreidingsatlas.nl/0977","http://ndff-ecogrid.nl/taxonomy/taxa/persicariamaculosa","http://www.verspreidingsatlas.nl/thumbs/map_977.jpg","","2026-09-10"
"0975","Persicaria minor","(Huds.) Opiz","Kleine duizendknoop","Polygonaceae","http://www.verspreidingsatlas.nl/0975","http://ndff-ecogrid.nl/taxonomy/taxa/persicariaminor","http://www.verspreidingsatlas.nl/thumbs/map_975.jpg","","2026-09-10"
"0976","Persicaria mitis","(Schrank) Holub","Zachte duizendknoop","Polygonaceae","http://www.verspreidingsatlas.nl/0976","http://ndff-ecogrid.nl/taxonomy/taxa/persicariamitis","http://www.verspreidingsatlas.nl/thumbs/map_976.jpg","","2026-09-10"
"5503","Persicaria pensylvanica","(L.) M. Gómez","Amerikaans perzikkruid","Polygonaceae","http://www.verspreidingsatlas.nl/5503","http://ndff-ecogrid.nl/taxonomy/taxa/persicariapensylvanica","http://www.verspreidingsatlas.nl/thumbs/map_5503.jpg","","2026-09-10"
"1874","Persicaria wallichii","Greuter & Burdet","Afghaanse duizendknoop","Polygonaceae","http://www.verspreidingsatlas.nl/1874","http://ndff-ecogrid.nl/taxonomy/taxa/persicariawallichii","http://www.verspreidingsatlas.nl/thumbs/map_1874.jpg","","2026-09-10"
"5182","Petasites albus","(L.) Gaertn.","Wit hoefblad","Asteraceae","http://www.verspreidingsatlas.nl/5182","http://ndff-ecogrid.nl/taxonomy/taxa/petasitesalbus","http://www.verspreidingsatlas.nl/thumbs/map_5182.jpg","","2026-09-10"
"0926","Petasites hybridus","(L.) G. Gaertn., B. Mey. & Scherb.","Groot hoefblad","Asteraceae","http://www.verspreidingsatlas.nl/0926","http://ndff-ecogrid.nl/taxonomy/taxa/petasiteshybridus","http://www.verspreidingsatlas.nl/thumbs/map_926.jpg","","2026-09-10"
"5232","Petasites japonicus","(Siebold & Zucc.) Maxim.","Japans hoefblad","Asteraceae","http://www.verspreidingsatlas.nl/5232","http://ndff-ecogrid.nl/taxonomy/taxa/petasitesjaponicus","http://www.verspreidingsatlas.nl/thumbs/map_5232.jpg","","2026-09-10"
"5708","Petasites pyrenaicus","(L.) G. López","Winterheliotroop","Asteraceae","http://www.verspreidingsatlas.nl/5708","http://ndff-ecogrid.nl/taxonomy/taxa/petasitespyrenaicus","http://www.verspreidingsatlas.nl/thumbs/map_5708.jpg","","2026-09-10"
"0696","Petrorhagia prolifera","(L.) P.W. Ball & Heywood","Slanke mantelanjer","Caryophyllaceae","http://www.verspreidingsatlas.nl/0696","http://ndff-ecogrid.nl/taxonomy/taxa/petrorhagiaprolifera","http://www.verspreidingsatlas.nl/thumbs/map_696.jpg","","2026-09-10"
"0697","Petrorhagia saxifraga","(L.) Link","Kleine mantelanjer","Caryophyllaceae","http://www.verspreidingsatlas.nl/0697","http://ndff-ecogrid.nl/taxonomy/taxa/petrorhagiasaxifraga","http://www.verspreidingsatlas.nl/thumbs/map_697.jpg","","2026-09-10"
"5104","Petroselinum crispum","(Mill.) A.W. Hill","Tuinpeterselie","Apiaceae","http://www.verspreidingsatlas.nl/5104","http://ndff-ecogrid.nl/taxonomy/taxa/petroselinumcrispum","http://www.verspreidingsatlas.nl/thumbs/map_5104.jpg","","2026-09-10"
"5504","Peucedanum officinale","L.","Varkensvenkel","Apiaceae","http://www.verspreidingsatlas.nl/5504","http://ndff-ecogrid.nl/taxonomy/taxa/peucedanumofficinale","http://www.verspreidingsatlas.nl/thumbs/map_5504.jpg","","2026-09-10"
"0929","Peucedanum palustre","(L.) Moench","Melkeppe","Apiaceae","http://www.verspreidingsatlas.nl/0929","http://ndff-ecogrid.nl/taxonomy/taxa/peucedanumpalustre","http://www.verspreidingsatlas.nl/thumbs/map_929.jpg","","2026-09-10"
"1820","Phacelia tanacetifolia","Benth.","Phacelia","Boraginaceae","http://www.verspreidingsatlas.nl/1820","http://ndff-ecogrid.nl/taxonomy/taxa/phaceliatanacetifolia","http://www.verspreidingsatlas.nl/thumbs/map_1820.jpg","","2026-09-10"
"0930","Phalaris arundinacea","L.","Rietgras","Poaceae","http://www.verspreidingsatlas.nl/0930","http://ndff-ecogrid.nl/taxonomy/taxa/phalarisarundinacea","http://www.verspreidingsatlas.nl/thumbs/map_930.jpg","","2026-09-10"
"1821","Phalaris canariensis","L.","Kanariezaad","Poaceae","http://www.verspreidingsatlas.nl/1821","http://ndff-ecogrid.nl/taxonomy/taxa/phalariscanariensis","http://www.verspreidingsatlas.nl/thumbs/map_1821.jpg","","2026-09-10"
"5105","Phaseolus coccineus","L.","Pronkboon","Fabaceae","http://www.verspreidingsatlas.nl/5105","http://ndff-ecogrid.nl/taxonomy/taxa/phaseoluscoccineus","http://www.verspreidingsatlas.nl/thumbs/map_5105.jpg","","2026-09-10"
"1822","Phaseolus vulgaris","L.","Boon","Fabaceae","http://www.verspreidingsatlas.nl/1822","http://ndff-ecogrid.nl/taxonomy/taxa/phaseolusvulgaris","http://www.verspreidingsatlas.nl/thumbs/map_1822.jpg","","2026-09-10"
"6933","Phedimus hybridus","(L.) 't Hart","Kruipend vetkruid","Crassulaceae","http://www.verspreidingsatlas.nl/6933","http://ndff-ecogrid.nl/taxonomy/taxa/phedimushybridus","http://www.verspreidingsatlas.nl/thumbs/map_6933.jpg","","2026-09-10"
"5565","Phedimus kamtschaticus","(Fisch.) 't Hart","Kamtsjatka-vetkruid","Crassulaceae","http://www.verspreidingsatlas.nl/5565","http://ndff-ecogrid.nl/taxonomy/taxa/phedimuskamtschaticus","http://www.verspreidingsatlas.nl/thumbs/map_5565.jpg","","2026-09-10"
"1888","Phedimus spurius","(M. Bieb.) 't Hart","Roze vetkruid","Crassulaceae","http://www.verspreidingsatlas.nl/1888","http://ndff-ecogrid.nl/taxonomy/taxa/phedimusspurius","http://www.verspreidingsatlas.nl/thumbs/map_1888.jpg","","2026-09-10"
"0424","Phegopteris connectilis","(Michx.) Watt","Smalle beukvaren","Thelypteridaceae","http://www.verspreidingsatlas.nl/0424","http://ndff-ecogrid.nl/taxonomy/taxa/phegopterisconnectilis","http://www.verspreidingsatlas.nl/thumbs/map_424.jpg","","2026-09-10"
"5106","Philadelphus coronarius","L.","Welriekende jasmijn","Hydrangeaceae","http://www.verspreidingsatlas.nl/5106","http://ndff-ecogrid.nl/taxonomy/taxa/philadelphuscoronarius","http://www.verspreidingsatlas.nl/thumbs/map_5106.jpg","","2026-09-10"
"0931","Phleum arenarium","L.","Zanddoddegras","Poaceae","http://www.verspreidingsatlas.nl/0931","http://ndff-ecogrid.nl/taxonomy/taxa/phleumarenarium","http://www.verspreidingsatlas.nl/thumbs/map_931.jpg","","2026-09-10"
"1411","Phleum nodosum","L.","Klein timoteegras","Poaceae","http://www.verspreidingsatlas.nl/1411","http://ndff-ecogrid.nl/taxonomy/taxa/phleumnodosum","http://www.verspreidingsatlas.nl/thumbs/map_1411.jpg","","2026-09-10"
"0932","Phleum pratense","L.","Gewoon timoteegras","Poaceae","http://www.verspreidingsatlas.nl/0932","http://ndff-ecogrid.nl/taxonomy/taxa/phleumpratense-h24","http://www.verspreidingsatlas.nl/thumbs/map_932.jpg","","2026-09-10"
"0933","Phragmites australis","(Cav.) Trin. ex Steud.","Riet","Poaceae","http://www.verspreidingsatlas.nl/0933","http://ndff-ecogrid.nl/taxonomy/taxa/phragmitesaustralis","http://www.verspreidingsatlas.nl/thumbs/map_933.jpg","","2026-09-10"
"8327","Phuopsis stylosa","(Trin.) Hook. f. ex B.D. Jacks.","Kruisjesbloem","Rubiaceae","http://www.verspreidingsatlas.nl/8327","http://ndff-ecogrid.nl/taxonomy/taxa/phuopsisstylosa","http://www.verspreidingsatlas.nl/thumbs/map_8327.jpg","","2026-09-10"
"5268","Physalis peruviana","L.","Goudbes","Solanaceae","http://www.verspreidingsatlas.nl/5268","http://ndff-ecogrid.nl/taxonomy/taxa/physalisperuviana","http://www.verspreidingsatlas.nl/thumbs/map_5268.jpg","","2026-09-10"
"5183","Physocarpus opulifolius","(L.) Maxim.","Blaasjesvrucht","Rosaceae","http://www.verspreidingsatlas.nl/5183","http://ndff-ecogrid.nl/taxonomy/taxa/physocarpusopulifolius","http://www.verspreidingsatlas.nl/thumbs/map_5183.jpg","","2026-09-10"
"0935","Phyteuma nigrum","F.W. Schmidt","Zwartblauwe rapunzel","Campanulaceae","http://www.verspreidingsatlas.nl/0935","http://ndff-ecogrid.nl/taxonomy/taxa/phyteumanigrum","http://www.verspreidingsatlas.nl/thumbs/map_935.jpg","","2026-09-10"
"0936","Phyteuma spicatum","L.","Witte rapunzel","Campanulaceae","http://www.verspreidingsatlas.nl/0936","http://ndff-ecogrid.nl/taxonomy/taxa/phyteumaspicatum-h24","http://www.verspreidingsatlas.nl/thumbs/map_936.jpg","","2026-09-10"
"1823","Phytolacca acinosa","Roxb.","Oosterse karmozijnbes","Phytolaccaceae","http://www.verspreidingsatlas.nl/1823","http://ndff-ecogrid.nl/taxonomy/taxa/phytolaccaacinosa","http://www.verspreidingsatlas.nl/thumbs/map_1823.jpg","","2026-09-10"
"2104","Phytolacca americana","L.","Westerse karmozijnbes","Phytolaccaceae","http://www.verspreidingsatlas.nl/2104","http://ndff-ecogrid.nl/taxonomy/taxa/phytolaccaamericana","http://www.verspreidingsatlas.nl/thumbs/map_2104.jpg","","2026-09-10"
"2238","Picea abies","(L.) H. Karst.","Fijnspar","Pinaceae","http://www.verspreidingsatlas.nl/2238","http://ndff-ecogrid.nl/taxonomy/taxa/piceaabies","http://www.verspreidingsatlas.nl/thumbs/map_2238.jpg","","2026-09-10"
"2239","Picea omorika","(Pancic) Purkyne","Servische spar","Pinaceae","http://www.verspreidingsatlas.nl/2239","http://ndff-ecogrid.nl/taxonomy/taxa/piceaomorika","http://www.verspreidingsatlas.nl/thumbs/map_2239.jpg","","2026-09-10"
"2240","Picea orientalis","(L.) Link","Kaukasische spar","Pinaceae","http://www.verspreidingsatlas.nl/2240","http://ndff-ecogrid.nl/taxonomy/taxa/piceaorientalis","http://www.verspreidingsatlas.nl/thumbs/map_2240.jpg","","2026-09-10"
"2241","Picea pungens","Engelm.","Blauwe spar","Pinaceae","http://www.verspreidingsatlas.nl/2241","http://ndff-ecogrid.nl/taxonomy/taxa/piceapungens","http://www.verspreidingsatlas.nl/thumbs/map_2241.jpg","","2026-09-10"
"2242","Picea sitchensis","(Bong.) Carrière","Sitkaspar","Pinaceae","http://www.verspreidingsatlas.nl/2242","http://ndff-ecogrid.nl/taxonomy/taxa/piceasitchensis","http://www.verspreidingsatlas.nl/thumbs/map_2242.jpg","","2026-09-10"
"0938","Picris hieracioides","L.","Echt bitterkruid","Asteraceae","http://www.verspreidingsatlas.nl/0938","http://ndff-ecogrid.nl/taxonomy/taxa/picrishieracioides","http://www.verspreidingsatlas.nl/thumbs/map_938.jpg","","2026-09-10"
"0611","Pilosella aurantiaca","(L.) F.W. Schultz & Sch. Bip.","Oranje havikskruid","Asteraceae","http://www.verspreidingsatlas.nl/0611","http://ndff-ecogrid.nl/taxonomy/taxa/pilosellaaurantiaca","http://www.verspreidingsatlas.nl/thumbs/map_611.jpg","","2026-09-10"
"0615","Pilosella caespitosa","(Dumort.) P.D. Sell & C. West","Weidehavikskruid","Asteraceae","http://www.verspreidingsatlas.nl/0615","http://ndff-ecogrid.nl/taxonomy/taxa/pilosellacaespitosa","http://www.verspreidingsatlas.nl/thumbs/map_615.jpg","","2026-09-10"
"0612","Pilosella lactucella","(Wallr.) P.D. Sell & C. West","Spits havikskruid","Asteraceae","http://www.verspreidingsatlas.nl/0612","http://ndff-ecogrid.nl/taxonomy/taxa/pilosellalactucella","http://www.verspreidingsatlas.nl/thumbs/map_612.jpg","","2026-09-10"
"0621","Pilosella officinarum","F.W. Schultz & Sch. Bip.","Muizenoor","Asteraceae","http://www.verspreidingsatlas.nl/0621","http://ndff-ecogrid.nl/taxonomy/taxa/pilosellaofficinarum","http://www.verspreidingsatlas.nl/thumbs/map_621.jpg","","2026-09-10"
"1407","Pilosella peleteriana","(Mérat) Sch. Bip. & F.W. Schultz","Vals muizenoor","Asteraceae","http://www.verspreidingsatlas.nl/1407","http://ndff-ecogrid.nl/taxonomy/taxa/pilosellapeleteriana","http://www.verspreidingsatlas.nl/thumbs/map_1407.jpg","","2026-09-10"
"5163","Pilosella piloselloides","(Vill.) Soják","Grijs havikskruid","Asteraceae","http://www.verspreidingsatlas.nl/5163","http://ndff-ecogrid.nl/taxonomy/taxa/pilosellapiloselloides","http://www.verspreidingsatlas.nl/thumbs/map_5163.jpg","","2026-09-10"
"1569","Pilosella x brachiata","(Bertol. ex DC.) F.W.Schultz & Schultz-Bip.","Basterdhavikskruid","Asteraceae","http://www.verspreidingsatlas.nl/1569","http://ndff-ecogrid.nl/taxonomy/taxa/pilosellaxbrachiata","http://www.verspreidingsatlas.nl/thumbs/map_1569.jpg","","2026-09-10"
"0939","Pilularia globulifera","L.","Pilvaren","Marsileaceae","http://www.verspreidingsatlas.nl/0939","http://ndff-ecogrid.nl/taxonomy/taxa/pilulariaglobulifera","http://www.verspreidingsatlas.nl/thumbs/map_939.jpg","","2026-09-10"
"5110","Pimpinella anisum","L.","Anijs","Apiaceae","http://www.verspreidingsatlas.nl/5110","http://ndff-ecogrid.nl/taxonomy/taxa/pimpinellaanisum","http://www.verspreidingsatlas.nl/thumbs/map_5110.jpg","","2026-09-10"
"0940","Pimpinella major","(L.) Huds.","Grote bevernel","Apiaceae","http://www.verspreidingsatlas.nl/0940","http://ndff-ecogrid.nl/taxonomy/taxa/pimpinellamajor","http://www.verspreidingsatlas.nl/thumbs/map_940.jpg","","2026-09-10"
"5505","Pimpinella peregrina","L.","Vreemde bevernel","Apiaceae","http://www.verspreidingsatlas.nl/5505","http://ndff-ecogrid.nl/taxonomy/taxa/pimpinellaperegrina","http://www.verspreidingsatlas.nl/thumbs/map_5505.jpg","","2026-09-10"
"0941","Pimpinella saxifraga","L.","Kleine bevernel","Apiaceae","http://www.verspreidingsatlas.nl/0941","http://ndff-ecogrid.nl/taxonomy/taxa/pimpinellasaxifraga","http://www.verspreidingsatlas.nl/thumbs/map_941.jpg","","2026-09-10"
"0942","Pinguicula vulgaris","L.","Vetblad","Lentibulariaceae","http://www.verspreidingsatlas.nl/0942","http://ndff-ecogrid.nl/taxonomy/taxa/pinguiculavulgaris","http://www.verspreidingsatlas.nl/thumbs/map_942.jpg","","2026-09-10"
"5111","Pinus banksiana","Lamb.","Struikden","Pinaceae","http://www.verspreidingsatlas.nl/5111","http://ndff-ecogrid.nl/taxonomy/taxa/pinusbanksiana","http://www.verspreidingsatlas.nl/thumbs/map_5111.jpg","","2026-09-10"
"5184","Pinus contorta","Douglas ex Loudon","Draaiden","Pinaceae","http://www.verspreidingsatlas.nl/5184","http://ndff-ecogrid.nl/taxonomy/taxa/pinuscontorta","http://www.verspreidingsatlas.nl/thumbs/map_5184.jpg","","2026-09-10"
"2244","Pinus mugo","Turra","Bergden","Pinaceae","http://www.verspreidingsatlas.nl/2244","http://ndff-ecogrid.nl/taxonomy/taxa/pinusmugo","http://www.verspreidingsatlas.nl/thumbs/map_2244.jpg","","2026-09-10"
"2245","Pinus nigra","J.F. Arnold","Zwarte den","Pinaceae","http://www.verspreidingsatlas.nl/2245","http://ndff-ecogrid.nl/taxonomy/taxa/pinusnigra","http://www.verspreidingsatlas.nl/thumbs/map_2245.jpg","","2026-09-10"
"2247","Pinus nigra subsp. laricio","(Poir.) Palib. ex Maire","Corsicaanse den","Pinaceae","http://www.verspreidingsatlas.nl/2247","http://ndff-ecogrid.nl/taxonomy/taxa/pinusnigrasubsplaricio","http://www.verspreidingsatlas.nl/thumbs/map_2247.jpg","","2026-09-10"
"2246","Pinus nigra subsp. nigra","","Oostenrijkse den","Pinaceae","http://www.verspreidingsatlas.nl/2246","http://ndff-ecogrid.nl/taxonomy/taxa/pinusnigrasubspnigra","http://www.verspreidingsatlas.nl/thumbs/map_2246.jpg","","2026-09-10"
"2248","Pinus pinaster","Aiton","Zeeden","Pinaceae","http://www.verspreidingsatlas.nl/2248","http://ndff-ecogrid.nl/taxonomy/taxa/pinuspinaster","http://www.verspreidingsatlas.nl/thumbs/map_2248.jpg","","2026-09-10"
"2249","Pinus strobus","L.","Weymouthden","Pinaceae","http://www.verspreidingsatlas.nl/2249","http://ndff-ecogrid.nl/taxonomy/taxa/pinusstrobus","http://www.verspreidingsatlas.nl/thumbs/map_2249.jpg","","2026-09-10"
"0943","Pinus sylvestris","L.","Grove den","Pinaceae","http://www.verspreidingsatlas.nl/0943","http://ndff-ecogrid.nl/taxonomy/taxa/pinussylvestris","http://www.verspreidingsatlas.nl/thumbs/map_943.jpg","","2026-09-10"
"8332","Piptatherum miliaceum","(L.) Coss.","Smilogras","Poaceae","http://www.verspreidingsatlas.nl/8332","http://ndff-ecogrid.nl/taxonomy/taxa/piptatherummiliaceum","http://www.verspreidingsatlas.nl/thumbs/map_8332.jpg","","2026-09-10"
"5269","Pistia stratiotes","L.","Watersla","Araceae","http://www.verspreidingsatlas.nl/5269","http://ndff-ecogrid.nl/taxonomy/taxa/pistiastratiotes","http://www.verspreidingsatlas.nl/thumbs/map_5269.jpg","","2026-09-10"
"1824","Pisum sativum","L.","Erwt","Fabaceae","http://www.verspreidingsatlas.nl/1824","http://ndff-ecogrid.nl/taxonomy/taxa/pisumsativum","http://www.verspreidingsatlas.nl/thumbs/map_1824.jpg","","2026-09-10"
"1721","Plantago afra","L.","","Plantaginaceae","http://www.verspreidingsatlas.nl/1721","http://ndff-ecogrid.nl/taxonomy/taxa/plantagoafra","http://www.verspreidingsatlas.nl/thumbs/map_1721.jpg","","2026-09-10"
"1722","Plantago arenaria","Waldst. & Kit.","Zandweegbree","Plantaginaceae","http://www.verspreidingsatlas.nl/1722","http://ndff-ecogrid.nl/taxonomy/taxa/plantagoarenaria","http://www.verspreidingsatlas.nl/thumbs/map_1722.jpg","","2026-09-10"
"0944","Plantago coronopus","L.","Hertshoornweegbree","Plantaginaceae","http://www.verspreidingsatlas.nl/0944","http://ndff-ecogrid.nl/taxonomy/taxa/plantagocoronopus","http://www.verspreidingsatlas.nl/thumbs/map_944.jpg","","2026-09-10"
"0946","Plantago lanceolata","L.","Smalle weegbree","Plantaginaceae","http://www.verspreidingsatlas.nl/0946","http://ndff-ecogrid.nl/taxonomy/taxa/plantagolanceolata","http://www.verspreidingsatlas.nl/thumbs/map_946.jpg","","2026-09-10"
"2320","Plantago major","L.","Grote / Getande weegbree","Plantaginaceae","http://www.verspreidingsatlas.nl/2320","http://ndff-ecogrid.nl/taxonomy/taxa/plantagomajor","http://www.verspreidingsatlas.nl/thumbs/map_2320.jpg","","2026-09-10"
"0945","Plantago major subsp. intermedia","(Gilib.) Lange","Getande weegbree","Plantaginaceae","http://www.verspreidingsatlas.nl/0945","http://ndff-ecogrid.nl/taxonomy/taxa/plantagomajorsubspintermedia","http://www.verspreidingsatlas.nl/thumbs/map_945.jpg","","2026-09-10"
"0947","Plantago major subsp. major","","Grote weegbree","Plantaginaceae","http://www.verspreidingsatlas.nl/0947","http://ndff-ecogrid.nl/taxonomy/taxa/plantagomajorsubspmajor","http://www.verspreidingsatlas.nl/thumbs/map_947.jpg","","2026-09-10"
"0948","Plantago maritima","L.","Zeeweegbree","Plantaginaceae","http://www.verspreidingsatlas.nl/0948","http://ndff-ecogrid.nl/taxonomy/taxa/plantagomaritima","http://www.verspreidingsatlas.nl/thumbs/map_948.jpg","","2026-09-10"
"0949","Plantago media","L.","Ruige weegbree","Plantaginaceae","http://www.verspreidingsatlas.nl/0949","http://ndff-ecogrid.nl/taxonomy/taxa/plantagomedia","http://www.verspreidingsatlas.nl/thumbs/map_949.jpg","","2026-09-10"
"0950","Platanthera bifolia","(L.) Rich.","Welriekende nachtorchis","Orchidaceae","http://www.verspreidingsatlas.nl/0950","http://ndff-ecogrid.nl/taxonomy/taxa/platantherabifolia","http://www.verspreidingsatlas.nl/thumbs/map_950.jpg","","2026-09-10"
"0951","Platanthera chlorantha","(Custer) Rchb.","Bergnachtorchis","Orchidaceae","http://www.verspreidingsatlas.nl/0951","http://ndff-ecogrid.nl/taxonomy/taxa/platantherachlorantha","http://www.verspreidingsatlas.nl/thumbs/map_951.jpg","","2026-09-10"
"5368","Platanus orientalis","L.","Oosterse plataan","Platanaceae","http://www.verspreidingsatlas.nl/5368","http://ndff-ecogrid.nl/taxonomy/taxa/platanusorientalis","http://www.verspreidingsatlas.nl/thumbs/map_5368.jpg","","2026-09-10"
"2250","Platanus x hispanica","Münchh.","Esdoornbladige plataan","Platanaceae","http://www.verspreidingsatlas.nl/2250","http://ndff-ecogrid.nl/taxonomy/taxa/platanusxhispanica","http://www.verspreidingsatlas.nl/thumbs/map_2250.jpg","","2026-09-10"
"0952","Poa annua","L.","Straatgras","Poaceae","http://www.verspreidingsatlas.nl/0952","http://ndff-ecogrid.nl/taxonomy/taxa/poaannua","http://www.verspreidingsatlas.nl/thumbs/map_952.jpg","","2026-09-10"
"0953","Poa bulbosa","L.","Knolbeemdgras","Poaceae","http://www.verspreidingsatlas.nl/0953","http://ndff-ecogrid.nl/taxonomy/taxa/poabulbosa","http://www.verspreidingsatlas.nl/thumbs/map_953.jpg","","2026-09-10"
"0954","Poa chaixii","Vill.","Bergbeemdgras","Poaceae","http://www.verspreidingsatlas.nl/0954","http://ndff-ecogrid.nl/taxonomy/taxa/poachaixii","http://www.verspreidingsatlas.nl/thumbs/map_954.jpg","","2026-09-10"
"0955","Poa compressa","L.","Plat beemdgras","Poaceae","http://www.verspreidingsatlas.nl/0955","http://ndff-ecogrid.nl/taxonomy/taxa/poacompressa","http://www.verspreidingsatlas.nl/thumbs/map_955.jpg","","2026-09-10"
"8666","Poa infirma","Kunth","Vroeg beemdgras","Poaceae","http://www.verspreidingsatlas.nl/8666","http://ndff-ecogrid.nl/taxonomy/taxa/poainfirma","http://www.verspreidingsatlas.nl/thumbs/map_8666.jpg","","2026-09-10"
"0956","Poa nemoralis","L.","Schaduwgras","Poaceae","http://www.verspreidingsatlas.nl/0956","http://ndff-ecogrid.nl/taxonomy/taxa/poanemoralis","http://www.verspreidingsatlas.nl/thumbs/map_956.jpg","","2026-09-10"
"0957","Poa palustris","L.","Moerasbeemdgras","Poaceae","http://www.verspreidingsatlas.nl/0957","http://ndff-ecogrid.nl/taxonomy/taxa/poapalustris","http://www.verspreidingsatlas.nl/thumbs/map_957.jpg","","2026-09-10"
"1500","Poa pratensis subsp. angustifolia","(L.) Lej.","Smal beemdgras","Poaceae","http://www.verspreidingsatlas.nl/1500","http://ndff-ecogrid.nl/taxonomy/taxa/poapratensissubspangustifolia","http://www.verspreidingsatlas.nl/thumbs/map_1500.jpg","","2026-09-10"
"6978","Poa pratensis subsp. irrigata","(Lindm.) H. Lindb.","Berijpt beemdgras","Poaceae","http://www.verspreidingsatlas.nl/6978","http://ndff-ecogrid.nl/taxonomy/taxa/poapratensissubspirrigata","http://www.verspreidingsatlas.nl/thumbs/map_6978.jpg","","2026-09-10"
"0958","Poa pratensis subsp. pratensis","","Veldbeemdgras","Poaceae","http://www.verspreidingsatlas.nl/0958","http://ndff-ecogrid.nl/taxonomy/taxa/poapratensissubsppratensis","http://www.verspreidingsatlas.nl/thumbs/map_958.jpg","","2026-09-10"
"0959","Poa trivialis","L.","Ruw beemdgras","Poaceae","http://www.verspreidingsatlas.nl/0959","http://ndff-ecogrid.nl/taxonomy/taxa/poatrivialis","http://www.verspreidingsatlas.nl/thumbs/map_959.jpg","","2026-09-10"
"5113","Polemonium caeruleum","L.","Jakobsladder","Polemoniaceae","http://www.verspreidingsatlas.nl/5113","http://ndff-ecogrid.nl/taxonomy/taxa/polemoniumcaeruleum","http://www.verspreidingsatlas.nl/thumbs/map_5113.jpg","","2026-09-10"
"2466","Polycarpon tetraphyllum","(L.) L.","Kransmuur","Caryophyllaceae","http://www.verspreidingsatlas.nl/2466","http://ndff-ecogrid.nl/taxonomy/taxa/polycarpontetraphyllum","http://www.verspreidingsatlas.nl/thumbs/map_2466.jpg","","2026-09-10"
"0960","Polycnemum arvense","L.","Akkerknarkruid","Amaranthaceae","http://www.verspreidingsatlas.nl/0960","http://ndff-ecogrid.nl/taxonomy/taxa/polycnemumarvense","http://www.verspreidingsatlas.nl/thumbs/map_960.jpg","","2026-09-10"
"5211","Polycnemum majus","A. Braun ex Bogenh.","Knarkruid","Amaranthaceae","http://www.verspreidingsatlas.nl/5211","http://ndff-ecogrid.nl/taxonomy/taxa/polycnemummajus","http://www.verspreidingsatlas.nl/thumbs/map_5211.jpg","","2026-09-10"
"0961","Polygala comosa","Schkuhr","Kuifvleugeltjesbloem","Polygalaceae","http://www.verspreidingsatlas.nl/0961","http://ndff-ecogrid.nl/taxonomy/taxa/polygalacomosa","http://www.verspreidingsatlas.nl/thumbs/map_961.jpg","","2026-09-10"
"0962","Polygala serpyllifolia","Hose","Liggende vleugeltjesbloem","Polygalaceae","http://www.verspreidingsatlas.nl/0962","http://ndff-ecogrid.nl/taxonomy/taxa/polygalaserpyllifolia","http://www.verspreidingsatlas.nl/thumbs/map_962.jpg","","2026-09-10"
"0963","Polygala vulgaris","L.","Gewone vleugeltjesbloem","Polygalaceae","http://www.verspreidingsatlas.nl/0963","http://ndff-ecogrid.nl/taxonomy/taxa/polygalavulgaris","http://www.verspreidingsatlas.nl/thumbs/map_963.jpg","","2026-09-10"
"0964","Polygonatum multiflorum","(L.) All.","Gewone salomonszegel","Asparagaceae","http://www.verspreidingsatlas.nl/0964","http://ndff-ecogrid.nl/taxonomy/taxa/polygonatummultiflorum","http://www.verspreidingsatlas.nl/thumbs/map_964.jpg","","2026-09-10"
"0965","Polygonatum odoratum","(Mill.) Druce","Welriekende salomonszegel","Asparagaceae","http://www.verspreidingsatlas.nl/0965","http://ndff-ecogrid.nl/taxonomy/taxa/polygonatumodoratum","http://www.verspreidingsatlas.nl/thumbs/map_965.jpg","","2026-09-10"
"0966","Polygonatum verticillatum","(L.) All.","Kranssalomonszegel","Asparagaceae","http://www.verspreidingsatlas.nl/0966","http://ndff-ecogrid.nl/taxonomy/taxa/polygonatumverticillatum","http://www.verspreidingsatlas.nl/thumbs/map_966.jpg","","2026-09-10"
"1577","Polygonatum x hybridum","Bruegger","Tuinsalomonszegel","Asparagaceae","http://www.verspreidingsatlas.nl/1577","http://ndff-ecogrid.nl/taxonomy/taxa/polygonatumxhybridum","http://www.verspreidingsatlas.nl/thumbs/map_1577.jpg","","2026-09-10"
"0968","Polygonum aviculare","L.","Gewoon varkensgras","Polygonaceae","http://www.verspreidingsatlas.nl/0968","http://ndff-ecogrid.nl/taxonomy/taxa/polygonumaviculare","http://www.verspreidingsatlas.nl/thumbs/map_968.jpg","","2026-09-10"
"8501","Polygonum aviculare subsp. aviculare","","","Polygonaceae","http://www.verspreidingsatlas.nl/8501","http://ndff-ecogrid.nl/taxonomy/taxa/polygonumavicularesubspaviculare","http://www.verspreidingsatlas.nl/thumbs/map_8501.jpg","","2026-09-10"
"1413","Polygonum oxyspermum subsp. raii","(Bab.) D.A. Webb & Chater","Zandvarkensgras","Polygonaceae","http://www.verspreidingsatlas.nl/1413","http://ndff-ecogrid.nl/taxonomy/taxa/polygonumoxyspermumsubspraii","http://www.verspreidingsatlas.nl/thumbs/map_1413.jpg","","2026-09-10"
"1415","Polypodium interjectum","Shivas","Brede eikvaren","Polypodiaceae","http://www.verspreidingsatlas.nl/1415","http://ndff-ecogrid.nl/taxonomy/taxa/polypodiuminterjectum","http://www.verspreidingsatlas.nl/thumbs/map_1415.jpg","","2026-09-10"
"0978","Polypodium vulgare","L.","Gewone eikvaren","Polypodiaceae","http://www.verspreidingsatlas.nl/0978","http://ndff-ecogrid.nl/taxonomy/taxa/polypodiumvulgare","http://www.verspreidingsatlas.nl/thumbs/map_978.jpg","","2026-09-10"
"5270","Polypodium x mantoniae","Rothm.","Basterdeikvaren","Polypodiaceae","http://www.verspreidingsatlas.nl/5270","http://ndff-ecogrid.nl/taxonomy/taxa/polypodiumxmantoniae","http://www.verspreidingsatlas.nl/thumbs/map_5270.jpg","","2026-09-10"
"1725","Polypogon monspeliensis","(L.) Desf.","Baardgras","Poaceae","http://www.verspreidingsatlas.nl/1725","http://ndff-ecogrid.nl/taxonomy/taxa/polypogonmonspeliensis","http://www.verspreidingsatlas.nl/thumbs/map_1725.jpg","","2026-09-10"
"5456","Polypogon viridis","(Gouan) Breistr.","Kransgras","Poaceae","http://www.verspreidingsatlas.nl/5456","http://ndff-ecogrid.nl/taxonomy/taxa/polypogonviridis","http://www.verspreidingsatlas.nl/thumbs/map_5456.jpg","","2026-09-10"
"0979","Polystichum aculeatum","(L.) Roth ex Mert.","Stijve naaldvaren","Dryopteridaceae","http://www.verspreidingsatlas.nl/0979","http://ndff-ecogrid.nl/taxonomy/taxa/polystichumaculeatum","http://www.verspreidingsatlas.nl/thumbs/map_979.jpg","","2026-09-10"
"1618","Polystichum lonchitis","(L.) Roth","Lansvaren","Dryopteridaceae","http://www.verspreidingsatlas.nl/1618","http://ndff-ecogrid.nl/taxonomy/taxa/polystichumlonchitis","http://www.verspreidingsatlas.nl/thumbs/map_1618.jpg","","2026-09-10"
"5637","Polystichum polyblepharum","C. Presl","Glansschildvaren","Dryopteridaceae","http://www.verspreidingsatlas.nl/5637","http://ndff-ecogrid.nl/taxonomy/taxa/polystichumpolyblepharum","http://www.verspreidingsatlas.nl/thumbs/map_5637.jpg","","2026-09-10"
"2007","Polystichum setiferum","(Forskal) Woynar","Zachte naaldvaren","Dryopteridaceae","http://www.verspreidingsatlas.nl/2007","http://ndff-ecogrid.nl/taxonomy/taxa/polystichumsetiferum","http://www.verspreidingsatlas.nl/thumbs/map_2007.jpg","","2026-09-10"
"5114","Pontederia cordata","L.","Moerashyacint","Pontederiaceae","http://www.verspreidingsatlas.nl/5114","http://ndff-ecogrid.nl/taxonomy/taxa/pontederiacordata","http://www.verspreidingsatlas.nl/thumbs/map_5114.jpg","","2026-09-10"
"0980","Populus alba","L.","Witte abeel","Salicaceae","http://www.verspreidingsatlas.nl/0980","http://ndff-ecogrid.nl/taxonomy/taxa/populusalba","http://www.verspreidingsatlas.nl/thumbs/map_980.jpg","","2026-09-10"
"2302","Populus balsamifera","L.","Ontariopopulier","Salicaceae","http://www.verspreidingsatlas.nl/2302","http://ndff-ecogrid.nl/taxonomy/taxa/populusbalsamifera","http://www.verspreidingsatlas.nl/thumbs/map_2302.jpg","","2026-09-10"
"0982","Populus nigra","L.","Zwarte populier","Salicaceae","http://www.verspreidingsatlas.nl/0982","http://ndff-ecogrid.nl/taxonomy/taxa/populusnigra","http://www.verspreidingsatlas.nl/thumbs/map_982.jpg","","2026-09-10"
"5186","Populus nigra 'Italica'","","Italiaanse populier","Salicaceae","http://www.verspreidingsatlas.nl/5186","http://ndff-ecogrid.nl/taxonomy/taxa/populusnigracvitalica","http://www.verspreidingsatlas.nl/thumbs/map_5186.jpg","","2026-09-10"
"0983","Populus tremula","L.","Ratelpopulier","Salicaceae","http://www.verspreidingsatlas.nl/0983","http://ndff-ecogrid.nl/taxonomy/taxa/populustremula","http://www.verspreidingsatlas.nl/thumbs/map_983.jpg","","2026-09-10"
"5506","Populus trichocarpa","Torr. & A. Gray","Zwarte balsempopulier","Salicaceae","http://www.verspreidingsatlas.nl/5506","http://ndff-ecogrid.nl/taxonomy/taxa/populustrichocarpa","http://www.verspreidingsatlas.nl/thumbs/map_5506.jpg","","2026-09-10"
"2254","Populus x canadensis","Moench","Canadapopulier","Salicaceae","http://www.verspreidingsatlas.nl/2254","http://ndff-ecogrid.nl/taxonomy/taxa/populusxcanadensis","http://www.verspreidingsatlas.nl/thumbs/map_2254.jpg","","2026-09-10"
"0981","Populus x canescens","(Ait.) Sm.","Grauwe abeel","Salicaceae","http://www.verspreidingsatlas.nl/0981","http://ndff-ecogrid.nl/taxonomy/taxa/populusxcanescens","http://www.verspreidingsatlas.nl/thumbs/map_981.jpg","","2026-09-10"
"0984","Portulaca oleracea","L.","Postelein","Portulacaceae","http://www.verspreidingsatlas.nl/0984","http://ndff-ecogrid.nl/taxonomy/taxa/portulacaoleracea","http://www.verspreidingsatlas.nl/thumbs/map_984.jpg","","2026-09-10"
"0985","Potamogeton acutifolius","Link","Spits fonteinkruid","Potamogetonaceae","http://www.verspreidingsatlas.nl/0985","http://ndff-ecogrid.nl/taxonomy/taxa/potamogetonacutifolius","http://www.verspreidingsatlas.nl/thumbs/map_985.jpg","","2026-09-10"
"0986","Potamogeton alpinus","Balb.","Rossig fonteinkruid","Potamogetonaceae","http://www.verspreidingsatlas.nl/0986","http://ndff-ecogrid.nl/taxonomy/taxa/potamogetonalpinus","http://www.verspreidingsatlas.nl/thumbs/map_986.jpg","","2026-09-10"
"0987","Potamogeton berchtoldii","Fieber","Klein fonteinkruid","Potamogetonaceae","http://www.verspreidingsatlas.nl/0987","http://ndff-ecogrid.nl/taxonomy/taxa/potamogetonberchtoldii","http://www.verspreidingsatlas.nl/thumbs/map_987.jpg","","2026-09-10"
"0988","Potamogeton coloratus","Hornem.","Weegbreefonteinkruid","Potamogetonaceae","http://www.verspreidingsatlas.nl/0988","http://ndff-ecogrid.nl/taxonomy/taxa/potamogetoncoloratus","http://www.verspreidingsatlas.nl/thumbs/map_988.jpg","","2026-09-10"
"0989","Potamogeton compressus","L.","Plat fonteinkruid","Potamogetonaceae","http://www.verspreidingsatlas.nl/0989","http://ndff-ecogrid.nl/taxonomy/taxa/potamogetoncompressus","http://www.verspreidingsatlas.nl/thumbs/map_989.jpg","","2026-09-10"
"0990","Potamogeton crispus","L.","Gekroesd fonteinkruid","Potamogetonaceae","http://www.verspreidingsatlas.nl/0990","http://ndff-ecogrid.nl/taxonomy/taxa/potamogetoncrispus","http://www.verspreidingsatlas.nl/thumbs/map_990.jpg","","2026-09-10"
"0992","Potamogeton friesii","Rupr.","Puntig fonteinkruid","Potamogetonaceae","http://www.verspreidingsatlas.nl/0992","http://ndff-ecogrid.nl/taxonomy/taxa/potamogetonfriesii","http://www.verspreidingsatlas.nl/thumbs/map_992.jpg","","2026-09-10"
"0993","Potamogeton gramineus","L.","Ongelijkbladig fonteinkruid","Potamogetonaceae","http://www.verspreidingsatlas.nl/0993","http://ndff-ecogrid.nl/taxonomy/taxa/potamogetongramineus","http://www.verspreidingsatlas.nl/thumbs/map_993.jpg","","2026-09-10"
"0994","Potamogeton lucens","L.","Glanzig fonteinkruid","Potamogetonaceae","http://www.verspreidingsatlas.nl/0994","http://ndff-ecogrid.nl/taxonomy/taxa/potamogetonlucens","http://www.verspreidingsatlas.nl/thumbs/map_994.jpg","","2026-09-10"
"0995","Potamogeton natans","L.","Drijvend fonteinkruid","Potamogetonaceae","http://www.verspreidingsatlas.nl/0995","http://ndff-ecogrid.nl/taxonomy/taxa/potamogetonnatans","http://www.verspreidingsatlas.nl/thumbs/map_995.jpg","","2026-09-10"
"0996","Potamogeton nodosus","Poir.","Rivierfonteinkruid","Potamogetonaceae","http://www.verspreidingsatlas.nl/0996","http://ndff-ecogrid.nl/taxonomy/taxa/potamogetonnodosus","http://www.verspreidingsatlas.nl/thumbs/map_996.jpg","","2026-09-10"
"0997","Potamogeton obtusifolius","Mert. & W.D.J. Koch","Stomp fonteinkruid","Potamogetonaceae","http://www.verspreidingsatlas.nl/0997","http://ndff-ecogrid.nl/taxonomy/taxa/potamogetonobtusifolius","http://www.verspreidingsatlas.nl/thumbs/map_997.jpg","","2026-09-10"
"0999","Potamogeton perfoliatus","L.","Doorgroeid fonteinkruid","Potamogetonaceae","http://www.verspreidingsatlas.nl/0999","http://ndff-ecogrid.nl/taxonomy/taxa/potamogetonperfoliatus","http://www.verspreidingsatlas.nl/thumbs/map_999.jpg","","2026-09-10"
"1000","Potamogeton polygonifolius","Pourr.","Duizendknoopfonteinkruid","Potamogetonaceae","http://www.verspreidingsatlas.nl/1000","http://ndff-ecogrid.nl/taxonomy/taxa/potamogetonpolygonifolius","http://www.verspreidingsatlas.nl/thumbs/map_1000.jpg","","2026-09-10"
"1001","Potamogeton praelongus","Wulfen","Langstengelig fonteinkruid","Potamogetonaceae","http://www.verspreidingsatlas.nl/1001","http://ndff-ecogrid.nl/taxonomy/taxa/potamogetonpraelongus","http://www.verspreidingsatlas.nl/thumbs/map_1001.jpg","","2026-09-10"
"1002","Potamogeton pusillus","L.","Tenger fonteinkruid","Potamogetonaceae","http://www.verspreidingsatlas.nl/1002","http://ndff-ecogrid.nl/taxonomy/taxa/potamogetonpusillus","http://www.verspreidingsatlas.nl/thumbs/map_1002.jpg","","2026-09-10"
"1003","Potamogeton trichoides","Cham. & Schltdl.","Haarfonteinkruid","Potamogetonaceae","http://www.verspreidingsatlas.nl/1003","http://ndff-ecogrid.nl/taxonomy/taxa/potamogetontrichoides","http://www.verspreidingsatlas.nl/thumbs/map_1003.jpg","","2026-09-10"
"1004","Potamogeton x angustifolius","J. Presl","Gegolfd fonteinkruid","Potamogetonaceae","http://www.verspreidingsatlas.nl/1004","http://ndff-ecogrid.nl/taxonomy/taxa/potamogetonxangustifolius","http://www.verspreidingsatlas.nl/thumbs/map_1004.jpg","","2026-09-10"
"1619","Potamogeton x fluitans","Roth","Vlottend fonteinkruid","Potamogetonaceae","http://www.verspreidingsatlas.nl/1619","http://ndff-ecogrid.nl/taxonomy/taxa/potamogetonxfluitans","http://www.verspreidingsatlas.nl/thumbs/map_1619.jpg","","2026-09-10"
"1632","Potamogeton x salicifolius","Wolfg.","Wilgfonteinkruid","Potamogetonaceae","http://www.verspreidingsatlas.nl/1632","http://ndff-ecogrid.nl/taxonomy/taxa/potamogetonxsalicifolius","http://www.verspreidingsatlas.nl/thumbs/map_1632.jpg","","2026-09-10"
"5116","Potamogeton x sparganifolius","Fries","Zwaardfonteinkruid","Potamogetonaceae","http://www.verspreidingsatlas.nl/5116","http://ndff-ecogrid.nl/taxonomy/taxa/potamogetonxsparganifolius","http://www.verspreidingsatlas.nl/thumbs/map_5116.jpg","","2026-09-10"
"1005","Potentilla anglica","Laichard.","Kruipganzerik","Rosaceae","http://www.verspreidingsatlas.nl/1005","http://ndff-ecogrid.nl/taxonomy/taxa/potentillaanglica","http://www.verspreidingsatlas.nl/thumbs/map_1005.jpg","","2026-09-10"
"1006","Potentilla anserina","L.","Zilverschoon","Rosaceae","http://www.verspreidingsatlas.nl/1006","http://ndff-ecogrid.nl/taxonomy/taxa/potentillaanserina","http://www.verspreidingsatlas.nl/thumbs/map_1006.jpg","","2026-09-10"
"1007","Potentilla argentea","L.","Viltganzerik","Rosaceae","http://www.verspreidingsatlas.nl/1007","http://ndff-ecogrid.nl/taxonomy/taxa/potentillaargentea","http://www.verspreidingsatlas.nl/thumbs/map_1007.jpg","","2026-09-10"
"1008","Potentilla erecta","(L.) Raeusch.","Tormentil","Rosaceae","http://www.verspreidingsatlas.nl/1008","http://ndff-ecogrid.nl/taxonomy/taxa/potentillaerecta","http://www.verspreidingsatlas.nl/thumbs/map_1008.jpg","","2026-09-10"
"5117","Potentilla indica","(Andrews) Wolf","Schijnaardbei","Rosaceae","http://www.verspreidingsatlas.nl/5117","http://ndff-ecogrid.nl/taxonomy/taxa/potentillaindica","http://www.verspreidingsatlas.nl/thumbs/map_5117.jpg","","2026-09-10"
"1009","Potentilla intermedia","L.","Middelste ganzerik","Rosaceae","http://www.verspreidingsatlas.nl/1009","http://ndff-ecogrid.nl/taxonomy/taxa/potentillaintermedia","http://www.verspreidingsatlas.nl/thumbs/map_1009.jpg","","2026-09-10"
"8011","Potentilla micrantha","Ramond ex DC.","","Rosaceae","http://www.verspreidingsatlas.nl/8011","http://ndff-ecogrid.nl/taxonomy/taxa/potentillamicrantha","http://www.verspreidingsatlas.nl/thumbs/map_8011.jpg","","2026-09-10"
"1726","Potentilla norvegica","L.","Noorse ganzerik","Rosaceae","http://www.verspreidingsatlas.nl/1726","http://ndff-ecogrid.nl/taxonomy/taxa/potentillanorvegica","http://www.verspreidingsatlas.nl/thumbs/map_1726.jpg","","2026-09-10"
"1727","Potentilla recta","L.","Rechte ganzerik","Rosaceae","http://www.verspreidingsatlas.nl/1727","http://ndff-ecogrid.nl/taxonomy/taxa/potentillarecta","http://www.verspreidingsatlas.nl/thumbs/map_1727.jpg","","2026-09-10"
"1010","Potentilla reptans","L.","Vijfvingerkruid","Rosaceae","http://www.verspreidingsatlas.nl/1010","http://ndff-ecogrid.nl/taxonomy/taxa/potentillareptans","http://www.verspreidingsatlas.nl/thumbs/map_1010.jpg","","2026-09-10"
"1011","Potentilla sterilis","(L.) Garcke","Aardbeiganzerik","Rosaceae","http://www.verspreidingsatlas.nl/1011","http://ndff-ecogrid.nl/taxonomy/taxa/potentillasterilis","http://www.verspreidingsatlas.nl/thumbs/map_1011.jpg","","2026-09-10"
"1012","Potentilla supina","L.","Liggende ganzerik","Rosaceae","http://www.verspreidingsatlas.nl/1012","http://ndff-ecogrid.nl/taxonomy/taxa/potentillasupina","http://www.verspreidingsatlas.nl/thumbs/map_1012.jpg","","2026-09-10"
"1013","Potentilla verna","L.","Voorjaarsganzerik","Rosaceae","http://www.verspreidingsatlas.nl/1013","http://ndff-ecogrid.nl/taxonomy/taxa/potentillaverna","http://www.verspreidingsatlas.nl/thumbs/map_1013.jpg","","2026-09-10"
"1136","Poterium sanguisorba","L.","Kleine pimpernel / Moespimpernel","Rosaceae","http://www.verspreidingsatlas.nl/1136","http://ndff-ecogrid.nl/taxonomy/taxa/poteriumsanguisorba","http://www.verspreidingsatlas.nl/thumbs/map_1136.jpg","","2026-09-10"
"5449","Poterium sanguisorba subsp. balearicum","(Nyman) Stace","Moespimpernel","Rosaceae","http://www.verspreidingsatlas.nl/5449","http://ndff-ecogrid.nl/taxonomy/taxa/poteriumsanguisorbasubspbalearicum","http://www.verspreidingsatlas.nl/thumbs/map_5449.jpg","","2026-09-10"
"5450","Poterium sanguisorba subsp. sanguisorba","","Kleine pimpernel","Rosaceae","http://www.verspreidingsatlas.nl/5450","http://ndff-ecogrid.nl/taxonomy/taxa/poteriumsanguisorbasubspsanguisorba","http://www.verspreidingsatlas.nl/thumbs/map_5450.jpg","","2026-09-10"
"1014","Primula elatior","(L.) Hill","Slanke sleutelbloem","Primulaceae","http://www.verspreidingsatlas.nl/1014","http://ndff-ecogrid.nl/taxonomy/taxa/primulaelatior","http://www.verspreidingsatlas.nl/thumbs/map_1014.jpg","","2026-09-10"
"1015","Primula veris","L.","Gulden sleutelbloem","Primulaceae","http://www.verspreidingsatlas.nl/1015","http://ndff-ecogrid.nl/taxonomy/taxa/primulaveris","http://www.verspreidingsatlas.nl/thumbs/map_1015.jpg","","2026-09-10"
"1016","Primula vulgaris","Huds.","Stengelloze sleutelbloem","Primulaceae","http://www.verspreidingsatlas.nl/1016","http://ndff-ecogrid.nl/taxonomy/taxa/primulavulgaris","http://www.verspreidingsatlas.nl/thumbs/map_1016.jpg","","2026-09-10"
"5575","Prunella grandiflora","(L.) Scholler","Grote brunel","Lamiaceae","http://www.verspreidingsatlas.nl/5575","http://ndff-ecogrid.nl/taxonomy/taxa/prunellagrandiflora","http://www.verspreidingsatlas.nl/thumbs/map_5575.jpg","","2026-09-10"
"1017","Prunella vulgaris","L.","Gewone brunel","Lamiaceae","http://www.verspreidingsatlas.nl/1017","http://ndff-ecogrid.nl/taxonomy/taxa/prunellavulgaris","http://www.verspreidingsatlas.nl/thumbs/map_1017.jpg","","2026-09-10"
"1018","Prunus avium","(L.) L.","Zoete kers","Rosaceae","http://www.verspreidingsatlas.nl/1018","http://ndff-ecogrid.nl/taxonomy/taxa/prunusavium","http://www.verspreidingsatlas.nl/thumbs/map_1018.jpg","","2026-09-10"
"1841","Prunus cerasifera","Ehrh.","Kerspruim","Rosaceae","http://www.verspreidingsatlas.nl/1841","http://ndff-ecogrid.nl/taxonomy/taxa/prunuscerasifera","http://www.verspreidingsatlas.nl/thumbs/map_1841.jpg","","2026-09-10"
"1826","Prunus cerasus","L.","Zure kers","Rosaceae","http://www.verspreidingsatlas.nl/1826","http://ndff-ecogrid.nl/taxonomy/taxa/prunuscerasus","http://www.verspreidingsatlas.nl/thumbs/map_1826.jpg","","2026-09-10"
"2257","Prunus domestica","L.","Pruim","Rosaceae","http://www.verspreidingsatlas.nl/2257","http://ndff-ecogrid.nl/taxonomy/taxa/prunusdomestica","http://www.verspreidingsatlas.nl/thumbs/map_2257.jpg","","2026-09-10"
"5416","Prunus laurocerasus","L.","Laurierkers","Rosaceae","http://www.verspreidingsatlas.nl/5416","http://ndff-ecogrid.nl/taxonomy/taxa/prunuslaurocerasus","http://www.verspreidingsatlas.nl/thumbs/map_5416.jpg","","2026-09-10"
"5120","Prunus mahaleb","L.","Weichselboom","Rosaceae","http://www.verspreidingsatlas.nl/5120","http://ndff-ecogrid.nl/taxonomy/taxa/prunusmahaleb","http://www.verspreidingsatlas.nl/thumbs/map_5120.jpg","","2026-09-10"
"1019","Prunus padus","L.","Vogelkers","Rosaceae","http://www.verspreidingsatlas.nl/1019","http://ndff-ecogrid.nl/taxonomy/taxa/prunuspadus","http://www.verspreidingsatlas.nl/thumbs/map_1019.jpg","","2026-09-10"
"2258","Prunus persica","(L.) Batsch","Perzik","Rosaceae","http://www.verspreidingsatlas.nl/2258","http://ndff-ecogrid.nl/taxonomy/taxa/prunuspersica","http://www.verspreidingsatlas.nl/thumbs/map_2258.jpg","","2026-09-10"
"1020","Prunus serotina","Ehrh.","Amerikaanse vogelkers","Rosaceae","http://www.verspreidingsatlas.nl/1020","http://ndff-ecogrid.nl/taxonomy/taxa/prunusserotina","http://www.verspreidingsatlas.nl/thumbs/map_1020.jpg","","2026-09-10"
"1021","Prunus spinosa","L.","Sleedoorn","Rosaceae","http://www.verspreidingsatlas.nl/1021","http://ndff-ecogrid.nl/taxonomy/taxa/prunusspinosa","http://www.verspreidingsatlas.nl/thumbs/map_1021.jpg","","2026-09-10"
"6945","Prunus virginiana","L.","Kleine vogelkers","Rosaceae","http://www.verspreidingsatlas.nl/6945","http://ndff-ecogrid.nl/taxonomy/taxa/prunusviriginiana","http://www.verspreidingsatlas.nl/thumbs/map_6945.jpg","","2026-09-10"
"5047","Pseudofumaria alba","(Mill.) Liden","Geelwitte helmbloem","Papaveraceae","http://www.verspreidingsatlas.nl/5047","http://ndff-ecogrid.nl/taxonomy/taxa/pseudofumariaalba","http://www.verspreidingsatlas.nl/thumbs/map_5047.jpg","","2026-09-10"
"0364","Pseudofumaria lutea","(L.) Borkhausen","Gele helmbloem","Papaveraceae","http://www.verspreidingsatlas.nl/0364","http://ndff-ecogrid.nl/taxonomy/taxa/pseudofumarialutea","http://www.verspreidingsatlas.nl/thumbs/map_364.jpg","","2026-09-10"
"0587","Pseudognaphalium luteoalbum","(L.) Hilliard & B.L.Burtt","Bleekgele droogbloem","Asteraceae","http://www.verspreidingsatlas.nl/0587","http://ndff-ecogrid.nl/taxonomy/taxa/pseudognaphaliumluteoalbum","http://www.verspreidingsatlas.nl/thumbs/map_587.jpg","","2026-09-10"
"8034","Pseudognaphalium undulatum","(L.) Hilliard & B.L.Burtt","Gegolfde droogbloem","Asteraceae","http://www.verspreidingsatlas.nl/8034","http://ndff-ecogrid.nl/taxonomy/taxa/pseudognaphaliumundulatum","http://www.verspreidingsatlas.nl/thumbs/map_8034.jpg","","2026-09-10"
"0735","Pseudorchis albida","(L.) Á. Löve & D. Löve","Witte muggenorchis","Orchidaceae","http://www.verspreidingsatlas.nl/0735","http://ndff-ecogrid.nl/taxonomy/taxa/pseudorchisalbida","http://www.verspreidingsatlas.nl/thumbs/map_735.jpg","","2026-09-10"
"5021","Pseudosasa japonica","(Steud.) Nakai","Japanse bamboe","Poaceae","http://www.verspreidingsatlas.nl/5021","http://ndff-ecogrid.nl/taxonomy/taxa/pseudosasajaponica","http://www.verspreidingsatlas.nl/thumbs/map_5021.jpg","","2026-09-10"
"2259","Pseudotsuga menziesii","(Mirb.) Franco","Douglasspar","Pinaceae","http://www.verspreidingsatlas.nl/2259","http://ndff-ecogrid.nl/taxonomy/taxa/pseudotsugamenziesii","http://www.verspreidingsatlas.nl/thumbs/map_2259.jpg","","2026-09-10"
"1022","Pteridium aquilinum","(L.) Kuhn","Adelaarsvaren","Dennstaedtiaceae","http://www.verspreidingsatlas.nl/1022","http://ndff-ecogrid.nl/taxonomy/taxa/pteridiumaquilinum","http://www.verspreidingsatlas.nl/thumbs/map_1022.jpg","","2026-09-10"
"5417","Pteris cretica","L.","Lintvaren","Pteridaceae","http://www.verspreidingsatlas.nl/5417","http://ndff-ecogrid.nl/taxonomy/taxa/pteriscretica","http://www.verspreidingsatlas.nl/thumbs/map_5417.jpg","","2026-09-10"
"8055","Pteris multifida","Poir.","Gevleugelde lintvaren","Pteridaceae","http://www.verspreidingsatlas.nl/8055","http://ndff-ecogrid.nl/taxonomy/taxa/pterismultifida","http://www.verspreidingsatlas.nl/thumbs/map_8055.jpg","","2026-09-10"
"6946","Pterocarya fraxinifolia","(Lam.) Spach","Kaukasische vleugelnoot","Juglandaceae","http://www.verspreidingsatlas.nl/6946","http://ndff-ecogrid.nl/taxonomy/taxa/pterocaryafraxinifolia","http://www.verspreidingsatlas.nl/thumbs/map_6946.jpg","","2026-09-10"
"2400","Puccinellia distans","(L.) Parlatore","Stomp / Bleek kweldergras","Poaceae","http://www.verspreidingsatlas.nl/2400","http://ndff-ecogrid.nl/taxonomy/taxa/puccinelliadistans","http://www.verspreidingsatlas.nl/thumbs/map_2400.jpg","","2026-09-10"
"1027","Puccinellia distans subsp. borealis","(Holmb.) W.E. Hughes","Bleek kweldergras","Poaceae","http://www.verspreidingsatlas.nl/1027","http://ndff-ecogrid.nl/taxonomy/taxa/puccinelliadistanssubspborealis","http://www.verspreidingsatlas.nl/thumbs/map_1027.jpg","","2026-09-10"
"1023","Puccinellia distans subsp. distans","","Stomp kweldergras","Poaceae","http://www.verspreidingsatlas.nl/1023","http://ndff-ecogrid.nl/taxonomy/taxa/puccinelliadistanssubspdistans","http://www.verspreidingsatlas.nl/thumbs/map_1023.jpg","","2026-09-10"
"1024","Puccinellia fasciculata","(Torr.) E.P. Bicknell","Blauw kweldergras","Poaceae","http://www.verspreidingsatlas.nl/1024","http://ndff-ecogrid.nl/taxonomy/taxa/puccinelliafasciculata","http://www.verspreidingsatlas.nl/thumbs/map_1024.jpg","","2026-09-10"
"1025","Puccinellia maritima","(Huds.) Parl.","Gewoon kweldergras","Poaceae","http://www.verspreidingsatlas.nl/1025","http://ndff-ecogrid.nl/taxonomy/taxa/puccinelliamaritima","http://www.verspreidingsatlas.nl/thumbs/map_1025.jpg","","2026-09-10"
"1028","Puccinellia rupestris","(With.) Fernald & Weath.","Dichtbloemig kweldergras","Poaceae","http://www.verspreidingsatlas.nl/1028","http://ndff-ecogrid.nl/taxonomy/taxa/puccinelliarupestris","http://www.verspreidingsatlas.nl/thumbs/map_1028.jpg","","2026-09-10"
"1029","Pulicaria dysenterica","(L.) Bernh.","Heelblaadjes","Asteraceae","http://www.verspreidingsatlas.nl/1029","http://ndff-ecogrid.nl/taxonomy/taxa/pulicariadysenterica","http://www.verspreidingsatlas.nl/thumbs/map_1029.jpg","","2026-09-10"
"1030","Pulicaria vulgaris","Gaertn.","Klein vlooienkruid","Asteraceae","http://www.verspreidingsatlas.nl/1030","http://ndff-ecogrid.nl/taxonomy/taxa/pulicariavulgaris","http://www.verspreidingsatlas.nl/thumbs/map_1030.jpg","","2026-09-10"
"1031","Pulmonaria montana","Lej.","Smal longkruid","Boraginaceae","http://www.verspreidingsatlas.nl/1031","http://ndff-ecogrid.nl/taxonomy/taxa/pulmonariamontana","http://www.verspreidingsatlas.nl/thumbs/map_1031.jpg","","2026-09-10"
"5418","Pulmonaria obscura","Dumort.","Ongevlekt longkruid","Boraginaceae","http://www.verspreidingsatlas.nl/5418","http://ndff-ecogrid.nl/taxonomy/taxa/pulmonariaobscura","http://www.verspreidingsatlas.nl/thumbs/map_5418.jpg","","2026-09-10"
"1032","Pulmonaria officinalis","L.","Gevlekt longkruid","Boraginaceae","http://www.verspreidingsatlas.nl/1032","http://ndff-ecogrid.nl/taxonomy/taxa/pulmonariaofficinalis","http://www.verspreidingsatlas.nl/thumbs/map_1032.jpg","","2026-09-10"
"8342","Pulmonaria rubra","Schott","","Boraginaceae","http://www.verspreidingsatlas.nl/8342","http://ndff-ecogrid.nl/taxonomy/taxa/pulmonariarubra","http://www.verspreidingsatlas.nl/thumbs/map_8342.jpg","","2026-09-10"
"0057","Pulsatilla vulgaris","Mill.","Wildemanskruid","Ranunculaceae","http://www.verspreidingsatlas.nl/0057","http://ndff-ecogrid.nl/taxonomy/taxa/pulsatillavulgaris","http://www.verspreidingsatlas.nl/thumbs/map_57.jpg","","2026-09-10"
"5121","Puschkinia scilloides","Adams","Buishyacint","Asparagaceae","http://www.verspreidingsatlas.nl/5121","http://ndff-ecogrid.nl/taxonomy/taxa/puschkiniascilloides","http://www.verspreidingsatlas.nl/thumbs/map_5121.jpg","","2026-09-10"
"5600","Pyracantha coccinea","M. Roem.","Vuurdoorn","Rosaceae","http://www.verspreidingsatlas.nl/5600","http://ndff-ecogrid.nl/taxonomy/taxa/pyracanthacoccinea","http://www.verspreidingsatlas.nl/thumbs/map_5600.jpg","","2026-09-10"
"1033","Pyrola minor","L.","Klein wintergroen","Ericaceae","http://www.verspreidingsatlas.nl/1033","http://ndff-ecogrid.nl/taxonomy/taxa/pyrolaminor","http://www.verspreidingsatlas.nl/thumbs/map_1033.jpg","","2026-09-10"
"1034","Pyrola rotundifolia","L.","Rond wintergroen","Ericaceae","http://www.verspreidingsatlas.nl/1034","http://ndff-ecogrid.nl/taxonomy/taxa/pyrolarotundifolia","http://www.verspreidingsatlas.nl/thumbs/map_1034.jpg","","2026-09-10"
"1035","Pyrus communis","L.","Peer","Rosaceae","http://www.verspreidingsatlas.nl/1035","http://ndff-ecogrid.nl/taxonomy/taxa/pyruscommunis","http://www.verspreidingsatlas.nl/thumbs/map_1035.jpg","","2026-09-10"
"5122","Quercus cerris","L.","Moseik","Fagaceae","http://www.verspreidingsatlas.nl/5122","http://ndff-ecogrid.nl/taxonomy/taxa/quercuscerris","http://www.verspreidingsatlas.nl/thumbs/map_5122.jpg","","2026-09-10"
"5123","Quercus palustris","Münchh.","Moeraseik","Fagaceae","http://www.verspreidingsatlas.nl/5123","http://ndff-ecogrid.nl/taxonomy/taxa/quercuspalustris","http://www.verspreidingsatlas.nl/thumbs/map_5123.jpg","","2026-09-10"
"1036","Quercus petraea","(Matt.) Liebl.","Wintereik","Fagaceae","http://www.verspreidingsatlas.nl/1036","http://ndff-ecogrid.nl/taxonomy/taxa/quercuspetraea","http://www.verspreidingsatlas.nl/thumbs/map_1036.jpg","","2026-09-10"
"5507","Quercus pubescens","Willd.","Donzige eik","Fagaceae","http://www.verspreidingsatlas.nl/5507","http://ndff-ecogrid.nl/taxonomy/taxa/quercuspubescens","http://www.verspreidingsatlas.nl/thumbs/map_5507.jpg","","2026-09-10"
"1037","Quercus robur","L.","Zomereik","Fagaceae","http://www.verspreidingsatlas.nl/1037","http://ndff-ecogrid.nl/taxonomy/taxa/quercusrobur","http://www.verspreidingsatlas.nl/thumbs/map_1037.jpg","","2026-09-10"
"1876","Quercus rubra","L.","Amerikaanse eik","Fagaceae","http://www.verspreidingsatlas.nl/1876","http://ndff-ecogrid.nl/taxonomy/taxa/quercusrubra","http://www.verspreidingsatlas.nl/thumbs/map_1876.jpg","","2026-09-10"
"5187","Quercus x rosacea","Bechst.","Basterdeik","Fagaceae","http://www.verspreidingsatlas.nl/5187","http://ndff-ecogrid.nl/taxonomy/taxa/quercusxrosacea","http://www.verspreidingsatlas.nl/thumbs/map_5187.jpg","","2026-09-10"
"1038","Radiola linoides","Roth","Dwergvlas","Linaceae","http://www.verspreidingsatlas.nl/1038","http://ndff-ecogrid.nl/taxonomy/taxa/radiolalinoides","http://www.verspreidingsatlas.nl/thumbs/map_1038.jpg","","2026-09-10"
"1040","Ranunculus acris","L.","Scherpe boterbloem","Ranunculaceae","http://www.verspreidingsatlas.nl/1040","http://ndff-ecogrid.nl/taxonomy/taxa/ranunculusacris","http://www.verspreidingsatlas.nl/thumbs/map_1040.jpg","","2026-09-10"
"2401","Ranunculus aquatilis","L.","Middelste waterranonkel","Ranunculaceae","http://www.verspreidingsatlas.nl/2401","http://ndff-ecogrid.nl/taxonomy/taxa/ranunculusaquatilis-h24","http://www.verspreidingsatlas.nl/thumbs/map_2401.jpg","","2026-09-10"
"1042","Ranunculus arvensis","L.","Akkerboterbloem","Ranunculaceae","http://www.verspreidingsatlas.nl/1042","http://ndff-ecogrid.nl/taxonomy/taxa/ranunculusarvensis","http://www.verspreidingsatlas.nl/thumbs/map_1042.jpg","","2026-09-10"
"1043","Ranunculus auricomus","L.","Gulden boterbloem","Ranunculaceae","http://www.verspreidingsatlas.nl/1043","http://ndff-ecogrid.nl/taxonomy/taxa/ranunculusauricomus","http://www.verspreidingsatlas.nl/thumbs/map_1043.jpg","","2026-09-10"
"1044","Ranunculus baudotii","Godr.","Zilte waterranonkel","Ranunculaceae","http://www.verspreidingsatlas.nl/1044","http://ndff-ecogrid.nl/taxonomy/taxa/ranunculusbaudotii","http://www.verspreidingsatlas.nl/thumbs/map_1044.jpg","","2026-09-10"
"1045","Ranunculus bulbosus","L.","Knolboterbloem","Ranunculaceae","http://www.verspreidingsatlas.nl/1045","http://ndff-ecogrid.nl/taxonomy/taxa/ranunculusbulbosus","http://www.verspreidingsatlas.nl/thumbs/map_1045.jpg","","2026-09-10"
"1046","Ranunculus circinatus","Sibthorp","Stijve waterranonkel","Ranunculaceae","http://www.verspreidingsatlas.nl/1046","http://ndff-ecogrid.nl/taxonomy/taxa/ranunculuscircinatus","http://www.verspreidingsatlas.nl/thumbs/map_1046.jpg","","2026-09-10"
"1048","Ranunculus flammula","L.","Egelboterbloem","Ranunculaceae","http://www.verspreidingsatlas.nl/1048","http://ndff-ecogrid.nl/taxonomy/taxa/ranunculusflammula","http://www.verspreidingsatlas.nl/thumbs/map_1048.jpg","","2026-09-10"
"1049","Ranunculus fluitans","Lam.","Vlottende waterranonkel","Ranunculaceae","http://www.verspreidingsatlas.nl/1049","http://ndff-ecogrid.nl/taxonomy/taxa/ranunculusfluitans","http://www.verspreidingsatlas.nl/thumbs/map_1049.jpg","","2026-09-10"
"1050","Ranunculus hederaceus","L.","Klimopwaterranonkel","Ranunculaceae","http://www.verspreidingsatlas.nl/1050","http://ndff-ecogrid.nl/taxonomy/taxa/ranunculushederaceus","http://www.verspreidingsatlas.nl/thumbs/map_1050.jpg","","2026-09-10"
"1051","Ranunculus lingua","L.","Grote boterbloem","Ranunculaceae","http://www.verspreidingsatlas.nl/1051","http://ndff-ecogrid.nl/taxonomy/taxa/ranunculuslingua","http://www.verspreidingsatlas.nl/thumbs/map_1051.jpg","","2026-09-10"
"9601","Ranunculus muricatus","L.","Stekelboterbloem","Ranunculaceae","http://www.verspreidingsatlas.nl/9601","http://ndff-ecogrid.nl/taxonomy/taxa/ranunculusmuricatus","http://www.verspreidingsatlas.nl/thumbs/map_9601.jpg","","2026-09-10"
"1053","Ranunculus ololeucos","Lloyd","Witte waterranonkel","Ranunculaceae","http://www.verspreidingsatlas.nl/1053","http://ndff-ecogrid.nl/taxonomy/taxa/ranunculusololeucos","http://www.verspreidingsatlas.nl/thumbs/map_1053.jpg","","2026-09-10"
"1054","Ranunculus omiophyllus","Ten.","Drijvende waterranonkel","Ranunculaceae","http://www.verspreidingsatlas.nl/1054","http://ndff-ecogrid.nl/taxonomy/taxa/ranunculusomiophyllus","http://www.verspreidingsatlas.nl/thumbs/map_1054.jpg","","2026-09-10"
"5986","Ranunculus parviflorus","L.","Kleine boterbloem","Ranunculaceae","http://www.verspreidingsatlas.nl/5986","http://ndff-ecogrid.nl/taxonomy/taxa/rancunculusparviflorus","http://www.verspreidingsatlas.nl/thumbs/map_5986.jpg","","2026-09-10"
"2405","Ranunculus peltatus","Schrank","Grote waterranonkel","Ranunculaceae","http://www.verspreidingsatlas.nl/2405","http://ndff-ecogrid.nl/taxonomy/taxa/ranunculuspeltatus-h24","http://www.verspreidingsatlas.nl/thumbs/map_2405.jpg","","2026-09-10"
"2416","Ranunculus penicillatus","Bab.","Penseelbladige waterranonkel","Ranunculaceae","http://www.verspreidingsatlas.nl/2416","http://ndff-ecogrid.nl/taxonomy/taxa/ranunculuspenicillatus","http://www.verspreidingsatlas.nl/thumbs/map_2416.jpg","","2026-09-10"
"1052","Ranunculus polyanthemos","L.","Bosboterbloem / Kalkboterbloem","Ranunculaceae","http://www.verspreidingsatlas.nl/1052","http://ndff-ecogrid.nl/taxonomy/taxa/ranunculuspolyanthemos","http://www.verspreidingsatlas.nl/thumbs/map_1052.jpg","","2026-09-10"
"2404","Ranunculus polyanthemos subsp. nemorosus","(DC.) Korsh.","Bosboterbloem","Ranunculaceae","http://www.verspreidingsatlas.nl/2404","http://ndff-ecogrid.nl/taxonomy/taxa/ranunculuspolyanthemossubspnemorosus","http://www.verspreidingsatlas.nl/thumbs/map_2404.jpg","","2026-09-10"
"1512","Ranunculus polyanthemos subsp. polyanthemoides","(Boreau) Ahlfv.","Kalkboterbloem","Ranunculaceae","http://www.verspreidingsatlas.nl/1512","http://ndff-ecogrid.nl/taxonomy/taxa/ranunculuspolyanthemossubsppolyanthemoides","http://www.verspreidingsatlas.nl/thumbs/map_1512.jpg","","2026-09-10"
"10484","Ranunculus pseudofluitans","(Syme) Newbould ex Baker & Foggitt","Basterdwaterranonkel","Ranunculaceae","http://www.verspreidingsatlas.nl/10484","http://ndff-ecogrid.nl/taxonomy/taxa/ranunculuspseudofluitans","http://www.verspreidingsatlas.nl/thumbs/map_10484.jpg","","2026-09-10"
"1056","Ranunculus repens","L.","Kruipende boterbloem","Ranunculaceae","http://www.verspreidingsatlas.nl/1056","http://ndff-ecogrid.nl/taxonomy/taxa/ranunculusrepens","http://www.verspreidingsatlas.nl/thumbs/map_1056.jpg","","2026-09-10"
"1057","Ranunculus sardous","Crantz","Behaarde boterbloem","Ranunculaceae","http://www.verspreidingsatlas.nl/1057","http://ndff-ecogrid.nl/taxonomy/taxa/ranunculussardous","http://www.verspreidingsatlas.nl/thumbs/map_1057.jpg","","2026-09-10"
"1058","Ranunculus sceleratus","L.","Blaartrekkende boterbloem","Ranunculaceae","http://www.verspreidingsatlas.nl/1058","http://ndff-ecogrid.nl/taxonomy/taxa/ranunculussceleratus","http://www.verspreidingsatlas.nl/thumbs/map_1058.jpg","","2026-09-10"
"2414","Ranunculus trichophyllus","Chaix ex Vill.","Kleine waterranonkel","Ranunculaceae","http://www.verspreidingsatlas.nl/2414","http://ndff-ecogrid.nl/taxonomy/taxa/ranunculustrichophyllus","http://www.verspreidingsatlas.nl/thumbs/map_2414.jpg","","2026-09-10"
"1059","Ranunculus tripartitus","DC.","Driedelige waterranonkel","Ranunculaceae","http://www.verspreidingsatlas.nl/1059","http://ndff-ecogrid.nl/taxonomy/taxa/ranunculustripartitus","http://www.verspreidingsatlas.nl/thumbs/map_1059.jpg","","2026-09-10"
"1061","Raphanus raphanistrum","L.","Knopherik","Brassicaceae","http://www.verspreidingsatlas.nl/1061","http://ndff-ecogrid.nl/taxonomy/taxa/raphanusraphanistrum","http://www.verspreidingsatlas.nl/thumbs/map_1061.jpg","","2026-09-10"
"1827","Raphanus sativus","L.","Tuinradijs","Brassicaceae","http://www.verspreidingsatlas.nl/1827","http://ndff-ecogrid.nl/taxonomy/taxa/raphanussativus","http://www.verspreidingsatlas.nl/thumbs/map_1827.jpg","","2026-09-10"
"1764","Rapistrum rugosum","(L.) All.","Bolletjesraket","Brassicaceae","http://www.verspreidingsatlas.nl/1764","http://ndff-ecogrid.nl/taxonomy/taxa/rapistrumrugosum","http://www.verspreidingsatlas.nl/thumbs/map_1764.jpg","","2026-09-10"
"5124","Reseda alba","L.","Witte reseda","Resedaceae","http://www.verspreidingsatlas.nl/5124","http://ndff-ecogrid.nl/taxonomy/taxa/resedaalba","http://www.verspreidingsatlas.nl/thumbs/map_5124.jpg","","2026-09-10"
"1062","Reseda lutea","L.","Wilde reseda","Resedaceae","http://www.verspreidingsatlas.nl/1062","http://ndff-ecogrid.nl/taxonomy/taxa/resedalutea","http://www.verspreidingsatlas.nl/thumbs/map_1062.jpg","","2026-09-10"
"1063","Reseda luteola","L.","Wouw","Resedaceae","http://www.verspreidingsatlas.nl/1063","http://ndff-ecogrid.nl/taxonomy/taxa/resedaluteola","http://www.verspreidingsatlas.nl/thumbs/map_1063.jpg","","2026-09-10"
"1064","Rhamnus cathartica","L.","Wegedoorn","Rhamnaceae","http://www.verspreidingsatlas.nl/1064","http://ndff-ecogrid.nl/taxonomy/taxa/rhamnuscathartica","http://www.verspreidingsatlas.nl/thumbs/map_1064.jpg","","2026-09-10"
"5188","Rheum x rhabarbarum","L.","Tuinrabarber","Polygonaceae","http://www.verspreidingsatlas.nl/5188","http://ndff-ecogrid.nl/taxonomy/taxa/rheumxrharbarbarum","http://www.verspreidingsatlas.nl/thumbs/map_5188.jpg","","2026-09-10"
"1065","Rhinanthus alectorolophus","(Scop.) Pollich","Harige ratelaar","Orobanchaceae","http://www.verspreidingsatlas.nl/1065","http://ndff-ecogrid.nl/taxonomy/taxa/rhinanthusalectorolophus","http://www.verspreidingsatlas.nl/thumbs/map_1065.jpg","","2026-09-10"
"1066","Rhinanthus angustifolius","C.C. Gmel.","Grote ratelaar","Orobanchaceae","http://www.verspreidingsatlas.nl/1066","http://ndff-ecogrid.nl/taxonomy/taxa/rhinanthusangustifolius","http://www.verspreidingsatlas.nl/thumbs/map_1066.jpg","","2026-09-10"
"1067","Rhinanthus minor","L.","Kleine ratelaar","Orobanchaceae","http://www.verspreidingsatlas.nl/1067","http://ndff-ecogrid.nl/taxonomy/taxa/rhinanthusminor","http://www.verspreidingsatlas.nl/thumbs/map_1067.jpg","","2026-09-10"
"5083","Rhododendron groenlandicum","(Oeder) Kron & Judd","Moerasrozemarijn","Ericaceae","http://www.verspreidingsatlas.nl/5083","http://ndff-ecogrid.nl/taxonomy/taxa/rhododendrongroenlandicum","http://www.verspreidingsatlas.nl/thumbs/map_5083.jpg","","2026-09-10"
"5125","Rhododendron luteum","Sweet","Pontische azalea","Ericaceae","http://www.verspreidingsatlas.nl/5125","http://ndff-ecogrid.nl/taxonomy/taxa/rhododendronluteum","http://www.verspreidingsatlas.nl/thumbs/map_5125.jpg","","2026-09-10"
"2105","Rhododendron ponticum","L.","Pontische rododendron","Ericaceae","http://www.verspreidingsatlas.nl/2105","http://ndff-ecogrid.nl/taxonomy/taxa/rhododendronponticum","http://www.verspreidingsatlas.nl/thumbs/map_2105.jpg","","2026-09-10"
"5127","Rhus radicans","L.","Gifsumak","Anacardiaceae","http://www.verspreidingsatlas.nl/5127","http://ndff-ecogrid.nl/taxonomy/taxa/rhusradicans","http://www.verspreidingsatlas.nl/thumbs/map_5127.jpg","","2026-09-10"
"5272","Rhus typhina","L.","Azijnboom","Anacardiaceae","http://www.verspreidingsatlas.nl/5272","http://ndff-ecogrid.nl/taxonomy/taxa/rhustyphina","http://www.verspreidingsatlas.nl/thumbs/map_5272.jpg","","2026-09-10"
"1068","Rhynchospora alba","(L.) Vahl","Witte snavelbies","Cyperaceae","http://www.verspreidingsatlas.nl/1068","http://ndff-ecogrid.nl/taxonomy/taxa/rhynchosporaalba","http://www.verspreidingsatlas.nl/thumbs/map_1068.jpg","","2026-09-10"
"1069","Rhynchospora fusca","(L.) W.T. Aiton","Bruine snavelbies","Cyperaceae","http://www.verspreidingsatlas.nl/1069","http://ndff-ecogrid.nl/taxonomy/taxa/rhynchosporafusca","http://www.verspreidingsatlas.nl/thumbs/map_1069.jpg","","2026-09-10"
"2106","Ribes alpinum","L.","Alpenbes","Grossulariaceae","http://www.verspreidingsatlas.nl/2106","http://ndff-ecogrid.nl/taxonomy/taxa/ribesalpinum","http://www.verspreidingsatlas.nl/thumbs/map_2106.jpg","","2026-09-10"
"2298","Ribes aureum","Pursh","Gele ribes","Grossulariaceae","http://www.verspreidingsatlas.nl/2298","http://ndff-ecogrid.nl/taxonomy/taxa/ribesaureum","http://www.verspreidingsatlas.nl/thumbs/map_2298.jpg","","2026-09-10"
"1070","Ribes nigrum","L.","Zwarte bes","Grossulariaceae","http://www.verspreidingsatlas.nl/1070","http://ndff-ecogrid.nl/taxonomy/taxa/ribesnigrum","http://www.verspreidingsatlas.nl/thumbs/map_1070.jpg","","2026-09-10"
"1071","Ribes rubrum","L.","Aalbes","Grossulariaceae","http://www.verspreidingsatlas.nl/1071","http://ndff-ecogrid.nl/taxonomy/taxa/ribesrubrum","http://www.verspreidingsatlas.nl/thumbs/map_1071.jpg","","2026-09-10"
"2310","Ribes sanguineum","Pursh","Rode ribes","Grossulariaceae","http://www.verspreidingsatlas.nl/2310","http://ndff-ecogrid.nl/taxonomy/taxa/ribessanguineum","http://www.verspreidingsatlas.nl/thumbs/map_2310.jpg","","2026-09-10"
"5370","Ribes spicatum","E. Robson","Noordse aalbes","Grossulariaceae","http://www.verspreidingsatlas.nl/5370","http://ndff-ecogrid.nl/taxonomy/taxa/ribesspicatum","http://www.verspreidingsatlas.nl/thumbs/map_5370.jpg","","2026-09-10"
"1072","Ribes uva-crispa","L.","Kruisbes","Grossulariaceae","http://www.verspreidingsatlas.nl/1072","http://ndff-ecogrid.nl/taxonomy/taxa/ribesuvacrispa","http://www.verspreidingsatlas.nl/thumbs/map_1072.jpg","","2026-09-10"
"1828","Ricinus communis","L.","Wonderboom","Euphorbiaceae","http://www.verspreidingsatlas.nl/1828","http://ndff-ecogrid.nl/taxonomy/taxa/ricinuscommunis","http://www.verspreidingsatlas.nl/thumbs/map_1828.jpg","","2026-09-10"
"1877","Robinia pseudoacacia","L.","Robinia","Fabaceae","http://www.verspreidingsatlas.nl/1877","http://ndff-ecogrid.nl/taxonomy/taxa/robiniapseudoacacia","http://www.verspreidingsatlas.nl/thumbs/map_1877.jpg","","2026-09-10"
"1074","Rorippa amphibia","(L.) Besser","Gele waterkers","Brassicaceae","http://www.verspreidingsatlas.nl/1074","http://ndff-ecogrid.nl/taxonomy/taxa/rorippaamphibia","http://www.verspreidingsatlas.nl/thumbs/map_1074.jpg","","2026-09-10"
"1075","Rorippa austriaca","(Crantz) Besser","Oostenrijkse kers","Brassicaceae","http://www.verspreidingsatlas.nl/1075","http://ndff-ecogrid.nl/taxonomy/taxa/rorippaaustriaca","http://www.verspreidingsatlas.nl/thumbs/map_1075.jpg","","2026-09-10"
"1076","Rorippa palustris","(L.) Besser","Moeraskers","Brassicaceae","http://www.verspreidingsatlas.nl/1076","http://ndff-ecogrid.nl/taxonomy/taxa/rorippapalustris","http://www.verspreidingsatlas.nl/thumbs/map_1076.jpg","","2026-09-10"
"1078","Rorippa sylvestris","(L.) Besser","Akkerkers","Brassicaceae","http://www.verspreidingsatlas.nl/1078","http://ndff-ecogrid.nl/taxonomy/taxa/rorippasylvestris","http://www.verspreidingsatlas.nl/thumbs/map_1078.jpg","","2026-09-10"
"1077","Rorippa x anceps","(Wahlenberg) Reichenbach","Middelste waterkers","Brassicaceae","http://www.verspreidingsatlas.nl/1077","http://ndff-ecogrid.nl/taxonomy/taxa/rorippaxanceps","http://www.verspreidingsatlas.nl/thumbs/map_1077.jpg","","2026-09-10"
"2467","Rorippa x armoracioides","(Tausch) Fuss","Valse akkerkers","Brassicaceae","http://www.verspreidingsatlas.nl/2467","http://ndff-ecogrid.nl/taxonomy/taxa/rorippaxarmoracioides","http://www.verspreidingsatlas.nl/thumbs/map_2467.jpg","","2026-09-10"
"5473","Rosa 'Hollandica'","","Hollandse rimpelroos","Rosaceae","http://www.verspreidingsatlas.nl/5473","http://ndff-ecogrid.nl/taxonomy/taxa/rosahollandica","http://www.verspreidingsatlas.nl/thumbs/map_5473.jpg","","2026-09-10"
"5419","Rosa agrestis","Savi","Kraagroos","Rosaceae","http://www.verspreidingsatlas.nl/5419","http://ndff-ecogrid.nl/taxonomy/taxa/rosaagrestis","http://www.verspreidingsatlas.nl/thumbs/map_5419.jpg","","2026-09-10"
"1080","Rosa arvensis","Huds.","Bosroos","Rosaceae","http://www.verspreidingsatlas.nl/1080","http://ndff-ecogrid.nl/taxonomy/taxa/rosaarvensis","http://www.verspreidingsatlas.nl/thumbs/map_1080.jpg","","2026-09-10"
"5420","Rosa caesia","Sm.","Behaarde struweelroos","Rosaceae","http://www.verspreidingsatlas.nl/5420","http://ndff-ecogrid.nl/taxonomy/taxa/rosacaesia","http://www.verspreidingsatlas.nl/thumbs/map_5420.jpg","","2026-09-10"
"1081","Rosa canina","L.","Hondsroos","Rosaceae","http://www.verspreidingsatlas.nl/1081","http://ndff-ecogrid.nl/taxonomy/taxa/rosacaninass","http://www.verspreidingsatlas.nl/thumbs/map_1081.jpg","","2026-09-10"
"5423","Rosa corymbifera","Borkh.","Heggenroos","Rosaceae","http://www.verspreidingsatlas.nl/5423","http://ndff-ecogrid.nl/taxonomy/taxa/rosacorymbifera","http://www.verspreidingsatlas.nl/thumbs/map_5423.jpg","","2026-09-10"
"5425","Rosa elliptica","Tausch","Wigbladige roos","Rosaceae","http://www.verspreidingsatlas.nl/5425","http://ndff-ecogrid.nl/taxonomy/taxa/rosaelliptica","http://www.verspreidingsatlas.nl/thumbs/map_5425.jpg","","2026-09-10"
"5128","Rosa gallica 'Officinalis'","","Apothekersroos","Rosaceae","http://www.verspreidingsatlas.nl/5128","http://ndff-ecogrid.nl/taxonomy/taxa/rosagallicacvofficinalis","http://www.verspreidingsatlas.nl/thumbs/map_5128.jpg","","2026-09-10"
"2262","Rosa glauca","Pourr.","Bergroos","Rosaceae","http://www.verspreidingsatlas.nl/2262","http://ndff-ecogrid.nl/taxonomy/taxa/rosaglauca","http://www.verspreidingsatlas.nl/thumbs/map_2262.jpg","","2026-09-10"
"1879","Rosa majalis","Herrm.","Kaneelroos","Rosaceae","http://www.verspreidingsatlas.nl/1879","http://ndff-ecogrid.nl/taxonomy/taxa/rosamajalis","http://www.verspreidingsatlas.nl/thumbs/map_1879.jpg","","2026-09-10"
"10485","Rosa majalis 'Foecundissima'","","Gevulde kanelroos","Rosaceae","http://www.verspreidingsatlas.nl/10485","http://ndff-ecogrid.nl/taxonomy/taxa/rosamajaliscvfoecundissima","http://www.verspreidingsatlas.nl/thumbs/map_10485.jpg","","2026-09-10"
"5426","Rosa micrantha","Borrer","Kleinbloemige roos","Rosaceae","http://www.verspreidingsatlas.nl/5426","http://ndff-ecogrid.nl/taxonomy/taxa/rosamicrantha","http://www.verspreidingsatlas.nl/thumbs/map_5426.jpg","","2026-09-10"
"5129","Rosa multiflora","Thunb.","Veelbloemige roos","Rosaceae","http://www.verspreidingsatlas.nl/5129","http://ndff-ecogrid.nl/taxonomy/taxa/rosamultiflora","http://www.verspreidingsatlas.nl/thumbs/map_5129.jpg","","2026-09-10"
"6836","Rosa nitida","Willd.","Glansroos","Rosaceae","http://www.verspreidingsatlas.nl/6836","http://ndff-ecogrid.nl/taxonomy/taxa/rosanitida","http://www.verspreidingsatlas.nl/thumbs/map_6836.jpg","","2026-09-10"
"1084","Rosa rubiginosa","L.","Egelantier","Rosaceae","http://www.verspreidingsatlas.nl/1084","http://ndff-ecogrid.nl/taxonomy/taxa/rosarubiginosass","http://www.verspreidingsatlas.nl/thumbs/map_1084.jpg","","2026-09-10"
"1085","Rosa rugosa","Thunb.","Rimpelroos","Rosaceae","http://www.verspreidingsatlas.nl/1085","http://ndff-ecogrid.nl/taxonomy/taxa/rosarugosa","http://www.verspreidingsatlas.nl/thumbs/map_1085.jpg","","2026-09-10"
"5428","Rosa sherardii","Davies","Berijpte viltroos","Rosaceae","http://www.verspreidingsatlas.nl/5428","http://ndff-ecogrid.nl/taxonomy/taxa/rosasherardii","http://www.verspreidingsatlas.nl/thumbs/map_5428.jpg","","2026-09-10"
"1083","Rosa spinosissima","L.","Duinroos","Rosaceae","http://www.verspreidingsatlas.nl/1083","http://ndff-ecogrid.nl/taxonomy/taxa/rosaspinosissima","http://www.verspreidingsatlas.nl/thumbs/map_1083.jpg","","2026-09-10"
"10486","Rosa squarrosa","(A.Rau) Boreau","Beklierde hondsroos","Rosaceae","http://www.verspreidingsatlas.nl/10486","http://ndff-ecogrid.nl/taxonomy/taxa/rosasquarrosa","http://www.verspreidingsatlas.nl/thumbs/map_10486.jpg","","2026-09-10"
"5429","Rosa stylosa","Desv.","Stijlroos","Rosaceae","http://www.verspreidingsatlas.nl/5429","http://ndff-ecogrid.nl/taxonomy/taxa/rosastylosa","http://www.verspreidingsatlas.nl/thumbs/map_5429.jpg","","2026-09-10"
"1643","Rosa subsect. Caninae","","Hondsroos s.l.","Rosaceae","http://www.verspreidingsatlas.nl/1643","http://ndff-ecogrid.nl/taxonomy/taxa/rosacanina","http://www.verspreidingsatlas.nl/thumbs/map_1643.jpg","","2026-09-10"
"1645","Rosa subsect. Rubigineae","","Egelantier s.l.","Rosaceae","http://www.verspreidingsatlas.nl/1645","http://ndff-ecogrid.nl/taxonomy/taxa/rosarubiginosa","http://www.verspreidingsatlas.nl/thumbs/map_1645.jpg","","2026-09-10"
"1644","Rosa subsect. Vestitae","","Viltroos s.l.","Rosaceae","http://www.verspreidingsatlas.nl/1644","http://ndff-ecogrid.nl/taxonomy/taxa/rosavillosa","http://www.verspreidingsatlas.nl/thumbs/map_1644.jpg","","2026-09-10"
"5432","Rosa tomentella","Léman","Beklierde heggenroos","Rosaceae","http://www.verspreidingsatlas.nl/5432","http://ndff-ecogrid.nl/taxonomy/taxa/rosatomentella","http://www.verspreidingsatlas.nl/thumbs/map_5432.jpg","","2026-09-10"
"5433","Rosa tomentosa","Sm.","Viltroos","Rosaceae","http://www.verspreidingsatlas.nl/5433","http://ndff-ecogrid.nl/taxonomy/taxa/rosatomentosa","http://www.verspreidingsatlas.nl/thumbs/map_5433.jpg","","2026-09-10"
"1087","Rosa villosa","L.","Bottelroos","Rosaceae","http://www.verspreidingsatlas.nl/1087","http://ndff-ecogrid.nl/taxonomy/taxa/rosavillosass","http://www.verspreidingsatlas.nl/thumbs/map_1087.jpg","","2026-09-10"
"5472","Rosa virginiana","Mill.","Virginische roos","Rosaceae","http://www.verspreidingsatlas.nl/5472","http://ndff-ecogrid.nl/taxonomy/taxa/rosavirginiana","http://www.verspreidingsatlas.nl/thumbs/map_5472.jpg","","2026-09-10"
"5424","Rosa vosagiaca","Desportes","Kale struweelroos","Rosaceae","http://www.verspreidingsatlas.nl/5424","http://ndff-ecogrid.nl/taxonomy/taxa/rosavosagiaca","http://www.verspreidingsatlas.nl/thumbs/map_5424.jpg","","2026-09-10"
"5731","Rosa x deseglisei","Boreau","Vlaamse heggenroos","Rosaceae","http://www.verspreidingsatlas.nl/5731","http://ndff-ecogrid.nl/taxonomy/taxa/rosacorymbiferavardeseglisei","http://www.verspreidingsatlas.nl/thumbs/map_5731.jpg","","2026-09-10"
"5422","Rosa x gremlii","(Christ) Christ ex Gremli","Schijnegelantier","Rosaceae","http://www.verspreidingsatlas.nl/5422","http://ndff-ecogrid.nl/taxonomy/taxa/rosaxgremlii","http://www.verspreidingsatlas.nl/thumbs/map_5422.jpg","","2026-09-10"
"5510","Rosa x inodora","Fr.","Schijnkraagroos","Rosaceae","http://www.verspreidingsatlas.nl/5510","http://ndff-ecogrid.nl/taxonomy/taxa/rosaxinodora","http://www.verspreidingsatlas.nl/thumbs/map_5510.jpg","","2026-09-10"
"5430","Rosa x subcanina","(H.Christ) Vuk.","Schijnhondsroos","Rosaceae","http://www.verspreidingsatlas.nl/5430","http://ndff-ecogrid.nl/taxonomy/taxa/rosaxsubcanina","http://www.verspreidingsatlas.nl/thumbs/map_5430.jpg","","2026-09-10"
"5431","Rosa x subcollina","(H.Christ) Dalla Torre & Sarnth.","Schijnheggenroos","Rosaceae","http://www.verspreidingsatlas.nl/5431","http://ndff-ecogrid.nl/taxonomy/taxa/rosaxsubcollina","http://www.verspreidingsatlas.nl/thumbs/map_5431.jpg","","2026-09-10"
"5427","Rosa x suberectiformis","Wolley-Dod","Schijnviltroos","Rosaceae","http://www.verspreidingsatlas.nl/5427","http://ndff-ecogrid.nl/taxonomy/taxa/rosaxsuberectiformis","http://www.verspreidingsatlas.nl/thumbs/map_5427.jpg","","2026-09-10"
"5130","Rosmarinus officinalis","L.","Rozemarijn","Lamiaceae","http://www.verspreidingsatlas.nl/5130","http://ndff-ecogrid.nl/taxonomy/taxa/rosmarinusofficinalis","http://www.verspreidingsatlas.nl/thumbs/map_5130.jpg","","2026-09-10"
"5371","Rostraria cristata","(L.) Tzvelev","Klein fakkelgras","Poaceae","http://www.verspreidingsatlas.nl/5371","http://ndff-ecogrid.nl/taxonomy/taxa/rostrariacristata","http://www.verspreidingsatlas.nl/thumbs/map_5371.jpg","","2026-09-10"
"1088","Rubia tinctorum","L.","Meekrap","Rubiaceae","http://www.verspreidingsatlas.nl/1088","http://ndff-ecogrid.nl/taxonomy/taxa/rubiatinctorum","http://www.verspreidingsatlas.nl/thumbs/map_1088.jpg","","2026-09-10"
"9571","Rubus amisiensis","H.E. Weber","Brede haagbraam","Rosaceae","http://www.verspreidingsatlas.nl/9571","http://ndff-ecogrid.nl/taxonomy/taxa/rubusamisiensis","http://www.verspreidingsatlas.nl/thumbs/map_9571.jpg","","2026-09-10"
"5286","Rubus armeniacus","Focke","Dijkviltbraam","Rosaceae","http://www.verspreidingsatlas.nl/5286","http://ndff-ecogrid.nl/taxonomy/taxa/rubusarmeniacus","http://www.verspreidingsatlas.nl/thumbs/map_5286.jpg","","2026-09-10"
"1089","Rubus caesius","L.","Dauwbraam","Rosaceae","http://www.verspreidingsatlas.nl/1089","http://ndff-ecogrid.nl/taxonomy/taxa/rubuscaesius","http://www.verspreidingsatlas.nl/thumbs/map_1089.jpg","","2026-09-10"
"1091","Rubus idaeus","L.","Framboos","Rosaceae","http://www.verspreidingsatlas.nl/1091","http://ndff-ecogrid.nl/taxonomy/taxa/rubusidaeus","http://www.verspreidingsatlas.nl/thumbs/map_1091.jpg","","2026-09-10"
"1829","Rubus laciniatus","Willd.","Peterseliebraam","Rosaceae","http://www.verspreidingsatlas.nl/1829","http://ndff-ecogrid.nl/taxonomy/taxa/rubuslaciniatus","http://www.verspreidingsatlas.nl/thumbs/map_1829.jpg","","2026-09-10"
"10287","Rubus niveus","Thunb.","Knekelframboos","Rosaceae","http://www.verspreidingsatlas.nl/10287","http://ndff-ecogrid.nl/taxonomy/taxa/rubusniveus","http://www.verspreidingsatlas.nl/thumbs/map_10287.jpg","","2026-09-10"
"5131","Rubus odoratus","L.","Roodbloeiende framboos","Rosaceae","http://www.verspreidingsatlas.nl/5131","http://ndff-ecogrid.nl/taxonomy/taxa/rubusodoratus","http://www.verspreidingsatlas.nl/thumbs/map_5131.jpg","","2026-09-10"
"5865","Rubus paraplicatus","K.Meijer","","Rosaceae","http://www.verspreidingsatlas.nl/5865","http://ndff-ecogrid.nl/taxonomy/taxa/rubusparaplicatus","http://www.verspreidingsatlas.nl/thumbs/map_5865.jpg","","2026-09-10"
"5132","Rubus phoenicolasius","Maxim.","Japanse wijnbes","Rosaceae","http://www.verspreidingsatlas.nl/5132","http://ndff-ecogrid.nl/taxonomy/taxa/rubusphoenicolasius","http://www.verspreidingsatlas.nl/thumbs/map_5132.jpg","","2026-09-10"
"1092","Rubus saxatilis","L.","Steenbraam","Rosaceae","http://www.verspreidingsatlas.nl/1092","http://ndff-ecogrid.nl/taxonomy/taxa/rubussaxatilis","http://www.verspreidingsatlas.nl/thumbs/map_1092.jpg","","2026-09-10"
"9933","Rubus sect. Caesii","Lej. & Courtois","","Rosaceae","http://www.verspreidingsatlas.nl/9933","http://ndff-ecogrid.nl/taxonomy/taxa/rubusseccaesii","http://www.verspreidingsatlas.nl/thumbs/map_9933.jpg","","2026-09-10"
"2009","Rubus sect. Corylifolii","Lindl.","Wasbraam","Rosaceae","http://www.verspreidingsatlas.nl/2009","http://ndff-ecogrid.nl/taxonomy/taxa/rubusseccorylifolii","http://www.verspreidingsatlas.nl/thumbs/map_2009.jpg","","2026-09-10"
"1634","Rubus sect. Rubus","","Zwarte braam","Rosaceae","http://www.verspreidingsatlas.nl/1634","http://ndff-ecogrid.nl/taxonomy/taxa/rubussecrubus","http://www.verspreidingsatlas.nl/thumbs/map_1634.jpg","","2026-09-10"
"5133","Rubus spectabilis","Pursh","Prachtframboos","Rosaceae","http://www.verspreidingsatlas.nl/5133","http://ndff-ecogrid.nl/taxonomy/taxa/rubusspectabilis","http://www.verspreidingsatlas.nl/thumbs/map_5133.jpg","","2026-09-10"
"5134","Rudbeckia hirta","L.","Ruige rudbeckia","Asteraceae","http://www.verspreidingsatlas.nl/5134","http://ndff-ecogrid.nl/taxonomy/taxa/rudbeckiahirta","http://www.verspreidingsatlas.nl/thumbs/map_5134.jpg","","2026-09-10"
"1880","Rudbeckia laciniata","L.","Slipbladige rudbeckia","Asteraceae","http://www.verspreidingsatlas.nl/1880","http://ndff-ecogrid.nl/taxonomy/taxa/rudbeckialaciniata","http://www.verspreidingsatlas.nl/thumbs/map_1880.jpg","","2026-09-10"
"1093","Rumex acetosa","L.","Veldzuring","Polygonaceae","http://www.verspreidingsatlas.nl/1093","http://ndff-ecogrid.nl/taxonomy/taxa/rumexacetosa","http://www.verspreidingsatlas.nl/thumbs/map_1093.jpg","","2026-09-10"
"1094","Rumex acetosella","L.","Schapenzuring","Polygonaceae","http://www.verspreidingsatlas.nl/1094","http://ndff-ecogrid.nl/taxonomy/taxa/rumexacetosella","http://www.verspreidingsatlas.nl/thumbs/map_1094.jpg","","2026-09-10"
"1096","Rumex aquaticus","L.","Paardenzuring","Polygonaceae","http://www.verspreidingsatlas.nl/1096","http://ndff-ecogrid.nl/taxonomy/taxa/rumexaquaticus","http://www.verspreidingsatlas.nl/thumbs/map_1096.jpg","","2026-09-10"
"1097","Rumex conglomeratus","Murray","Kluwenzuring","Polygonaceae","http://www.verspreidingsatlas.nl/1097","http://ndff-ecogrid.nl/taxonomy/taxa/rumexconglomeratus","http://www.verspreidingsatlas.nl/thumbs/map_1097.jpg","","2026-09-10"
"1098","Rumex crispus","L.","Krulzuring","Polygonaceae","http://www.verspreidingsatlas.nl/1098","http://ndff-ecogrid.nl/taxonomy/taxa/rumexcrispus","http://www.verspreidingsatlas.nl/thumbs/map_1098.jpg","","2026-09-10"
"1099","Rumex hydrolapathum","Huds.","Waterzuring","Polygonaceae","http://www.verspreidingsatlas.nl/1099","http://ndff-ecogrid.nl/taxonomy/taxa/rumexhydrolapathum","http://www.verspreidingsatlas.nl/thumbs/map_1099.jpg","","2026-09-10"
"5273","Rumex longifolius","DC.","Noordse zuring","Polygonaceae","http://www.verspreidingsatlas.nl/5273","http://ndff-ecogrid.nl/taxonomy/taxa/rumexlongifolius","http://www.verspreidingsatlas.nl/thumbs/map_5273.jpg","","2026-09-10"
"1100","Rumex maritimus","L.","Goudzuring","Polygonaceae","http://www.verspreidingsatlas.nl/1100","http://ndff-ecogrid.nl/taxonomy/taxa/rumexmaritimus","http://www.verspreidingsatlas.nl/thumbs/map_1100.jpg","","2026-09-10"
"1101","Rumex obtusifolius","L.","Ridderzuring","Polygonaceae","http://www.verspreidingsatlas.nl/1101","http://ndff-ecogrid.nl/taxonomy/taxa/rumexobtusifolius","http://www.verspreidingsatlas.nl/thumbs/map_1101.jpg","","2026-09-10"
"1102","Rumex palustris","Sm.","Moeraszuring","Polygonaceae","http://www.verspreidingsatlas.nl/1102","http://ndff-ecogrid.nl/taxonomy/taxa/rumexpalustris","http://www.verspreidingsatlas.nl/thumbs/map_1102.jpg","","2026-09-10"
"5210","Rumex patientia","L.","Spinaziezuring","Polygonaceae","http://www.verspreidingsatlas.nl/5210","http://ndff-ecogrid.nl/taxonomy/taxa/rumexpatientia","http://www.verspreidingsatlas.nl/thumbs/map_5210.jpg","","2026-09-10"
"5135","Rumex rugosus","Campdera","Tuinzuring","Polygonaceae","http://www.verspreidingsatlas.nl/5135","http://ndff-ecogrid.nl/taxonomy/taxa/rumexrugosus","http://www.verspreidingsatlas.nl/thumbs/map_5135.jpg","","2026-09-10"
"1103","Rumex sanguineus","L.","Bloedzuring","Polygonaceae","http://www.verspreidingsatlas.nl/1103","http://ndff-ecogrid.nl/taxonomy/taxa/rumexsanguineus","http://www.verspreidingsatlas.nl/thumbs/map_1103.jpg","","2026-09-10"
"1104","Rumex scutatus","L.","Spaanse zuring","Polygonaceae","http://www.verspreidingsatlas.nl/1104","http://ndff-ecogrid.nl/taxonomy/taxa/rumexscutatus","http://www.verspreidingsatlas.nl/thumbs/map_1104.jpg","","2026-09-10"
"1106","Rumex thyrsiflorus","Fingerh.","Geoorde zuring","Polygonaceae","http://www.verspreidingsatlas.nl/1106","http://ndff-ecogrid.nl/taxonomy/taxa/rumexthyrsiflorus","http://www.verspreidingsatlas.nl/thumbs/map_1106.jpg","","2026-09-10"
"1729","Rumex triangulivalvis","(Danser) Rech. f.","Wilgzuring","Polygonaceae","http://www.verspreidingsatlas.nl/1729","http://ndff-ecogrid.nl/taxonomy/taxa/rumextriangulivalvis","http://www.verspreidingsatlas.nl/thumbs/map_1729.jpg","","2026-09-10"
"1095","Rumex x pratensis","Mertens & Koch","Bermzuring","Polygonaceae","http://www.verspreidingsatlas.nl/1095","http://ndff-ecogrid.nl/taxonomy/taxa/rumexxpratensis","http://www.verspreidingsatlas.nl/thumbs/map_1095.jpg","","2026-09-10"
"1107","Ruppia maritima","L.","Snavelruppia","Ruppiaceae","http://www.verspreidingsatlas.nl/1107","http://ndff-ecogrid.nl/taxonomy/taxa/ruppiamaritima","http://www.verspreidingsatlas.nl/thumbs/map_1107.jpg","","2026-09-10"
"1108","Ruppia spiralis","L. ex Dumort.","Spiraalruppia","Ruppiaceae","http://www.verspreidingsatlas.nl/1108","http://ndff-ecogrid.nl/taxonomy/taxa/ruppiaspiralis","http://www.verspreidingsatlas.nl/thumbs/map_1108.jpg","","2026-09-10"
"5260","Ruta graveolens","L.","Wijnruit","Rutaceae","http://www.verspreidingsatlas.nl/5260","http://ndff-ecogrid.nl/taxonomy/taxa/rutagraveolens","http://www.verspreidingsatlas.nl/thumbs/map_5260.jpg","","2026-09-10"
"0829","Sabulina tenuifolia","(L.) Rchb.","Tengere veldmuur","Caryophyllaceae","http://www.verspreidingsatlas.nl/0829","http://ndff-ecogrid.nl/taxonomy/taxa/sabulinatenuifolia","http://www.verspreidingsatlas.nl/thumbs/map_829.jpg","","2026-09-10"
"1113","Sagina alexandrae","Iamonico","Priemvetmuur","Caryophyllaceae","http://www.verspreidingsatlas.nl/1113","http://ndff-ecogrid.nl/taxonomy/taxa/saginaalexandrae","http://www.verspreidingsatlas.nl/thumbs/map_1113.jpg","","2026-09-10"
"1522","Sagina apetala","Ard.","Donkere vetmuur","Caryophyllaceae","http://www.verspreidingsatlas.nl/1522","http://ndff-ecogrid.nl/taxonomy/taxa/saginaapetala1","http://www.verspreidingsatlas.nl/thumbs/map_1522.jpg","","2026-09-10"
"1110","Sagina maritima","G. Don","Zeevetmuur","Caryophyllaceae","http://www.verspreidingsatlas.nl/1110","http://ndff-ecogrid.nl/taxonomy/taxa/saginamaritima","http://www.verspreidingsatlas.nl/thumbs/map_1110.jpg","","2026-09-10"
"1523","Sagina micropetala","Rauschert","Uitstaande vetmuur","Caryophyllaceae","http://www.verspreidingsatlas.nl/1523","http://ndff-ecogrid.nl/taxonomy/taxa/saginamicropetala","http://www.verspreidingsatlas.nl/thumbs/map_1523.jpg","","2026-09-10"
"1111","Sagina nodosa","(L.) Fenzl","Sierlijke vetmuur","Caryophyllaceae","http://www.verspreidingsatlas.nl/1111","http://ndff-ecogrid.nl/taxonomy/taxa/saginanodosa","http://www.verspreidingsatlas.nl/thumbs/map_1111.jpg","","2026-09-10"
"1112","Sagina procumbens","L.","Liggende vetmuur","Caryophyllaceae","http://www.verspreidingsatlas.nl/1112","http://ndff-ecogrid.nl/taxonomy/taxa/saginaprocumbens","http://www.verspreidingsatlas.nl/thumbs/map_1112.jpg","","2026-09-10"
"5437","Sagittaria latifolia","Willd.","Breed pijlkruid","Alismataceae","http://www.verspreidingsatlas.nl/5437","http://ndff-ecogrid.nl/taxonomy/taxa/sagittarialatifolia","http://www.verspreidingsatlas.nl/thumbs/map_5437.jpg","","2026-09-10"
"1114","Sagittaria sagittifolia","L.","Pijlkruid","Alismataceae","http://www.verspreidingsatlas.nl/1114","http://ndff-ecogrid.nl/taxonomy/taxa/sagittariasagittifolia","http://www.verspreidingsatlas.nl/thumbs/map_1114.jpg","","2026-09-10"
"2428","Salicornia europaea subsp. disarticulata","(Moss) Lambinon & Vanderp.","Eenbloemige zeekraal","Amaranthaceae","http://www.verspreidingsatlas.nl/2428","http://ndff-ecogrid.nl/taxonomy/taxa/salicorniaeuropaeasubspdisarticulata","http://www.verspreidingsatlas.nl/thumbs/map_2428.jpg","","2026-09-10"
"1635","Salicornia europaea subsp. europaea","","Kortarige zeekraal","Amaranthaceae","http://www.verspreidingsatlas.nl/1635","http://ndff-ecogrid.nl/taxonomy/taxa/salicorniaeuropaeasubspeuropaea","http://www.verspreidingsatlas.nl/thumbs/map_1635.jpg","","2026-09-10"
"1636","Salicornia procumbens subsp. procumbens","","Langarige zeekraal","Amaranthaceae","http://www.verspreidingsatlas.nl/1636","http://ndff-ecogrid.nl/taxonomy/taxa/salicorniaprocumbenssubspprocumbens","http://www.verspreidingsatlas.nl/thumbs/map_1636.jpg","","2026-09-10"
"1116","Salix alba","L.","Schietwilg","Salicaceae","http://www.verspreidingsatlas.nl/1116","http://ndff-ecogrid.nl/taxonomy/taxa/salixalba","http://www.verspreidingsatlas.nl/thumbs/map_1116.jpg","","2026-09-10"
"1117","Salix aurita","L.","Geoorde wilg","Salicaceae","http://www.verspreidingsatlas.nl/1117","http://ndff-ecogrid.nl/taxonomy/taxa/salixaurita","http://www.verspreidingsatlas.nl/thumbs/map_1117.jpg","","2026-09-10"
"8355","Salix babylonica 'Tortuosa'","","Krulwilg","Salicaceae","http://www.verspreidingsatlas.nl/8355","http://ndff-ecogrid.nl/taxonomy/taxa/salixbabylonicavartortuosa","http://www.verspreidingsatlas.nl/thumbs/map_8355.jpg","","2026-09-10"
"1118","Salix caprea","L.","Boswilg","Salicaceae","http://www.verspreidingsatlas.nl/1118","http://ndff-ecogrid.nl/taxonomy/taxa/salixcaprea","http://www.verspreidingsatlas.nl/thumbs/map_1118.jpg","","2026-09-10"
"1119","Salix cinerea","L.","Grauwe wilg s.l.","Salicaceae","http://www.verspreidingsatlas.nl/1119","http://ndff-ecogrid.nl/taxonomy/taxa/salixcinerea","http://www.verspreidingsatlas.nl/thumbs/map_1119.jpg","","2026-09-10"
"1882","Salix daphnoides","Vill.","Berijpte wilg","Salicaceae","http://www.verspreidingsatlas.nl/1882","http://ndff-ecogrid.nl/taxonomy/taxa/salixdaphnoides","http://www.verspreidingsatlas.nl/thumbs/map_1882.jpg","","2026-09-10"
"1883","Salix eleagnos","Scop.","Grijze wilg","Salicaceae","http://www.verspreidingsatlas.nl/1883","http://ndff-ecogrid.nl/taxonomy/taxa/salixeleagnos","http://www.verspreidingsatlas.nl/thumbs/map_1883.jpg","","2026-09-10"
"6958","Salix eriocephala","Michx.","Amerikaantje","Salicaceae","http://www.verspreidingsatlas.nl/6958","http://ndff-ecogrid.nl/taxonomy/taxa/salixeriocephala","http://www.verspreidingsatlas.nl/thumbs/map_6958.jpg","","2026-09-10"
"5923","Salix euxina","I.V.Belyaeva","Turkse kraakwilg","Salicaceae","http://www.verspreidingsatlas.nl/5923","http://ndff-ecogrid.nl/taxonomy/taxa/salixeuxina","http://www.verspreidingsatlas.nl/thumbs/map_5923.jpg","","2026-09-10"
"1120","Salix gmelinii","Pall.","Duitse dot","Salicaceae","http://www.verspreidingsatlas.nl/1120","http://ndff-ecogrid.nl/taxonomy/taxa/salixgmelinii","http://www.verspreidingsatlas.nl/thumbs/map_1120.jpg","","2026-09-10"
"10487","Salix irrorata","Andersson","Zandbankwilg","Salicaceae","http://www.verspreidingsatlas.nl/10487","http://ndff-ecogrid.nl/taxonomy/taxa/salixirrorata","http://www.verspreidingsatlas.nl/thumbs/map_10487.jpg","","2026-09-10"
"10488","Salix miyabeana","Seemen","","Salicaceae","http://www.verspreidingsatlas.nl/10488","http://ndff-ecogrid.nl/taxonomy/taxa/salixmiyabeana","http://www.verspreidingsatlas.nl/thumbs/map_10488.jpg","","2026-09-10"
"1122","Salix pentandra","L.","Laurierwilg","Salicaceae","http://www.verspreidingsatlas.nl/1122","http://ndff-ecogrid.nl/taxonomy/taxa/salixpentandra","http://www.verspreidingsatlas.nl/thumbs/map_1122.jpg","","2026-09-10"
"1123","Salix purpurea","L.","Bittere wilg","Salicaceae","http://www.verspreidingsatlas.nl/1123","http://ndff-ecogrid.nl/taxonomy/taxa/salixpurpurea","http://www.verspreidingsatlas.nl/thumbs/map_1123.jpg","","2026-09-10"
"1124","Salix repens","L.","Kruipwilg","Salicaceae","http://www.verspreidingsatlas.nl/1124","http://ndff-ecogrid.nl/taxonomy/taxa/salixrepens","http://www.verspreidingsatlas.nl/thumbs/map_1124.jpg","","2026-09-10"
"1125","Salix triandra","L.","Amandelwilg","Salicaceae","http://www.verspreidingsatlas.nl/1125","http://ndff-ecogrid.nl/taxonomy/taxa/salixtriandra","http://www.verspreidingsatlas.nl/thumbs/map_1125.jpg","","2026-09-10"
"5438","Salix udensis 'Sekka'","","Bandwilg","Salicaceae","http://www.verspreidingsatlas.nl/5438","http://ndff-ecogrid.nl/taxonomy/taxa/salixudensissekka","http://www.verspreidingsatlas.nl/thumbs/map_5438.jpg","","2026-09-10"
"1126","Salix viminalis","L.","Katwilg","Salicaceae","http://www.verspreidingsatlas.nl/1126","http://ndff-ecogrid.nl/taxonomy/taxa/salixviminalis","http://www.verspreidingsatlas.nl/thumbs/map_1126.jpg","","2026-09-10"
"1594","Salix x fragilis","L.","Basterdkraakwilg","Salicaceae","http://www.verspreidingsatlas.nl/1594","http://ndff-ecogrid.nl/taxonomy/taxa/salixxfragilis","http://www.verspreidingsatlas.nl/thumbs/map_1594.jpg","","2026-09-10"
"1127","Salsola kali","L.","Stekend loogkruid","Amaranthaceae","http://www.verspreidingsatlas.nl/1127","http://ndff-ecogrid.nl/taxonomy/taxa/salsolakali1","http://www.verspreidingsatlas.nl/thumbs/map_1127.jpg","","2026-09-10"
"1524","Salsola tragus","L.","Zacht loogkruid","Amaranthaceae","http://www.verspreidingsatlas.nl/1524","http://ndff-ecogrid.nl/taxonomy/taxa/salsolatragus","http://www.verspreidingsatlas.nl/thumbs/map_1524.jpg","","2026-09-10"
"6947","Salvia glutinosa","L.","Kleverige salie","Lamiaceae","http://www.verspreidingsatlas.nl/6947","http://ndff-ecogrid.nl/taxonomy/taxa/salviaglutinosa","http://www.verspreidingsatlas.nl/thumbs/map_6947.jpg","","2026-09-10"
"8025","Salvia hispanica","L.","Chia","Lamiaceae","http://www.verspreidingsatlas.nl/8025","http://ndff-ecogrid.nl/taxonomy/taxa/salviahispanica","http://www.verspreidingsatlas.nl/thumbs/map_8025.jpg","","2026-09-10"
"1730","Salvia nemorosa","L.","Bossalie","Lamiaceae","http://www.verspreidingsatlas.nl/1730","http://ndff-ecogrid.nl/taxonomy/taxa/salvianemorosa","http://www.verspreidingsatlas.nl/thumbs/map_1730.jpg","","2026-09-10"
"5246","Salvia officinalis","L.","Echte salie","Lamiaceae","http://www.verspreidingsatlas.nl/5246","http://ndff-ecogrid.nl/taxonomy/taxa/salviaofficinalis","http://www.verspreidingsatlas.nl/thumbs/map_5246.jpg","","2026-09-10"
"1128","Salvia pratensis","L.","Veldsalie","Lamiaceae","http://www.verspreidingsatlas.nl/1128","http://ndff-ecogrid.nl/taxonomy/taxa/salviapratensis","http://www.verspreidingsatlas.nl/thumbs/map_1128.jpg","","2026-09-10"
"1129","Salvia verbenaca","L.","Kleinbloemige salie","Lamiaceae","http://www.verspreidingsatlas.nl/1129","http://ndff-ecogrid.nl/taxonomy/taxa/salviaverbenaca","http://www.verspreidingsatlas.nl/thumbs/map_1129.jpg","","2026-09-10"
"1130","Salvia verticillata","L.","Kranssalie","Lamiaceae","http://www.verspreidingsatlas.nl/1130","http://ndff-ecogrid.nl/taxonomy/taxa/salviaverticillata","http://www.verspreidingsatlas.nl/thumbs/map_1130.jpg","","2026-09-10"
"5274","Salvinia molesta","D.S. Mitch.","Grote vlotvaren","Salviniaceae","http://www.verspreidingsatlas.nl/5274","http://ndff-ecogrid.nl/taxonomy/taxa/salviniamolesta","http://www.verspreidingsatlas.nl/thumbs/map_5274.jpg","","2026-09-10"
"1131","Salvinia natans","(L.) All.","Kleine vlotvaren","Salviniaceae","http://www.verspreidingsatlas.nl/1131","http://ndff-ecogrid.nl/taxonomy/taxa/salvinianatans","http://www.verspreidingsatlas.nl/thumbs/map_1131.jpg","","2026-09-10"
"5139","Sambucus canadensis","L.","Amerikaanse vlier","Adoxaceae","http://www.verspreidingsatlas.nl/5139","http://ndff-ecogrid.nl/taxonomy/taxa/sambucuscanadensis","http://www.verspreidingsatlas.nl/thumbs/map_5139.jpg","","2026-09-10"
"1132","Sambucus ebulus","L.","Kruidvlier","Adoxaceae","http://www.verspreidingsatlas.nl/1132","http://ndff-ecogrid.nl/taxonomy/taxa/sambucusebulus","http://www.verspreidingsatlas.nl/thumbs/map_1132.jpg","","2026-09-10"
"1133","Sambucus nigra","L.","Gewone vlier","Adoxaceae","http://www.verspreidingsatlas.nl/1133","http://ndff-ecogrid.nl/taxonomy/taxa/sambucusnigra","http://www.verspreidingsatlas.nl/thumbs/map_1133.jpg","","2026-09-10"
"1884","Sambucus nigra 'Laciniata'","","Peterselievlier","Adoxaceae","http://www.verspreidingsatlas.nl/1884","http://ndff-ecogrid.nl/taxonomy/taxa/sambucusnigracvlaciniata","http://www.verspreidingsatlas.nl/thumbs/map_1884.jpg","","2026-09-10"
"1134","Sambucus racemosa","L.","Trosvlier","Adoxaceae","http://www.verspreidingsatlas.nl/1134","http://ndff-ecogrid.nl/taxonomy/taxa/sambucusracemosa","http://www.verspreidingsatlas.nl/thumbs/map_1134.jpg","","2026-09-10"
"1135","Samolus valerandi","L.","Waterpunge","Primulaceae","http://www.verspreidingsatlas.nl/1135","http://ndff-ecogrid.nl/taxonomy/taxa/samolusvalerandi","http://www.verspreidingsatlas.nl/thumbs/map_1135.jpg","","2026-09-10"
"1137","Sanguisorba officinalis","L.","Grote pimpernel","Rosaceae","http://www.verspreidingsatlas.nl/1137","http://ndff-ecogrid.nl/taxonomy/taxa/sanguisorbaofficinalis","http://www.verspreidingsatlas.nl/thumbs/map_1137.jpg","","2026-09-10"
"1138","Sanicula europaea","L.","Heelkruid","Apiaceae","http://www.verspreidingsatlas.nl/1138","http://ndff-ecogrid.nl/taxonomy/taxa/saniculaeuropaea","http://www.verspreidingsatlas.nl/thumbs/map_1138.jpg","","2026-09-10"
"8004","Sanvitalia procumbens","Lam.","Huzarenknoop","Asteraceae","http://www.verspreidingsatlas.nl/8004","http://ndff-ecogrid.nl/taxonomy/taxa/sanvitaliaprocumbens","http://www.verspreidingsatlas.nl/thumbs/map_8004.jpg","","2026-09-10"
"5342","Saponaria ocymoides","L.","Muurzeepkruid","Caryophyllaceae","http://www.verspreidingsatlas.nl/5342","http://ndff-ecogrid.nl/taxonomy/taxa/saponariaocymoides","http://www.verspreidingsatlas.nl/thumbs/map_5342.jpg","","2026-09-10"
"1139","Saponaria officinalis","L.","Zeepkruid","Caryophyllaceae","http://www.verspreidingsatlas.nl/1139","http://ndff-ecogrid.nl/taxonomy/taxa/saponariaofficinalis","http://www.verspreidingsatlas.nl/thumbs/map_1139.jpg","","2026-09-10"
"5140","Satureja hortensis","L.","Echt bonenkruid","Lamiaceae","http://www.verspreidingsatlas.nl/5140","http://ndff-ecogrid.nl/taxonomy/taxa/saturejahortensis","http://www.verspreidingsatlas.nl/thumbs/map_5140.jpg","","2026-09-10"
"1144","Saxifraga granulata","L.","Knolsteenbreek","Saxifragaceae","http://www.verspreidingsatlas.nl/1144","http://ndff-ecogrid.nl/taxonomy/taxa/saxifragagranulata","http://www.verspreidingsatlas.nl/thumbs/map_1144.jpg","","2026-09-10"
"1627","Saxifraga granulata 'Plena'","","Haarlems klokkenspel","Saxifragaceae","http://www.verspreidingsatlas.nl/1627","http://ndff-ecogrid.nl/taxonomy/taxa/saxifragagranulataplena","http://www.verspreidingsatlas.nl/thumbs/map_1627.jpg","","2026-09-10"
"1145","Saxifraga hirculus","L.","Bokjessteenbreek","Saxifragaceae","http://www.verspreidingsatlas.nl/1145","http://ndff-ecogrid.nl/taxonomy/taxa/saxifragahirculus","http://www.verspreidingsatlas.nl/thumbs/map_1145.jpg","","2026-09-10"
"1146","Saxifraga tridactylites","L.","Kandelaartje","Saxifragaceae","http://www.verspreidingsatlas.nl/1146","http://ndff-ecogrid.nl/taxonomy/taxa/saxifragatridactylites","http://www.verspreidingsatlas.nl/thumbs/map_1146.jpg","","2026-09-10"
"1147","Scabiosa columbaria","L.","Duifkruid","Caprifoliaceae","http://www.verspreidingsatlas.nl/1147","http://ndff-ecogrid.nl/taxonomy/taxa/scabiosacolumbaria","http://www.verspreidingsatlas.nl/thumbs/map_1147.jpg","","2026-09-10"
"1148","Scandix pecten-veneris","L.","Naaldenkervel","Apiaceae","http://www.verspreidingsatlas.nl/1148","http://ndff-ecogrid.nl/taxonomy/taxa/scandixpectenveneris","http://www.verspreidingsatlas.nl/thumbs/map_1148.jpg","","2026-09-10"
"0514","Schedonorus arundinaceus","(Schreb.) Dumort.","Rietzwenkgras","Poaceae","http://www.verspreidingsatlas.nl/0514","http://ndff-ecogrid.nl/taxonomy/taxa/schedonorusarundinaceus","http://www.verspreidingsatlas.nl/thumbs/map_514.jpg","","2026-09-10"
"0515","Schedonorus giganteus","(L.) Holub","Reuzenzwenkgras","Poaceae","http://www.verspreidingsatlas.nl/0515","http://ndff-ecogrid.nl/taxonomy/taxa/schedonorusgiganteus","http://www.verspreidingsatlas.nl/thumbs/map_515.jpg","","2026-09-10"
"0519","Schedonorus pratensis","(Huds.) P. Beauv.","Beemdlangbloem","Poaceae","http://www.verspreidingsatlas.nl/0519","http://ndff-ecogrid.nl/taxonomy/taxa/schedonoruspratensis","http://www.verspreidingsatlas.nl/thumbs/map_519.jpg","","2026-09-10"
"1149","Scheuchzeria palustris","L.","Veenbloembies","Scheuchzeriaceae","http://www.verspreidingsatlas.nl/1149","http://ndff-ecogrid.nl/taxonomy/taxa/scheuchzeriapalustris","http://www.verspreidingsatlas.nl/thumbs/map_1149.jpg","","2026-09-10"
"5343","Schoenoplectiella mucronata","(L.) J. Jung & H.K. Choi","Ribbelbies","Cyperaceae","http://www.verspreidingsatlas.nl/5343","http://ndff-ecogrid.nl/taxonomy/taxa/schoenoplectiellamucronata","http://www.verspreidingsatlas.nl/thumbs/map_5343.jpg","","2026-09-10"
"1155","Schoenoplectus lacustris","(L.) Palla","Mattenbies","Cyperaceae","http://www.verspreidingsatlas.nl/1155","http://ndff-ecogrid.nl/taxonomy/taxa/schoenoplectuslacustris","http://www.verspreidingsatlas.nl/thumbs/map_1155.jpg","","2026-09-10"
"1527","Schoenoplectus lacustris subsp. flevensis","(D.Bakker) Á.Löve & D.Löve","Fransje","Cyperaceae","http://www.verspreidingsatlas.nl/1527","http://ndff-ecogrid.nl/taxonomy/taxa/schoenoplectuslacustrissubspflevensis","http://www.verspreidingsatlas.nl/thumbs/map_1527.jpg","","2026-09-10"
"1152","Schoenoplectus pungens","(Vahl) Palla","Stekende bies","Cyperaceae","http://www.verspreidingsatlas.nl/1152","http://ndff-ecogrid.nl/taxonomy/taxa/schoenoplectuspungens","http://www.verspreidingsatlas.nl/thumbs/map_1152.jpg","","2026-09-10"
"1161","Schoenoplectus tabernaemontani","(C.C. Gmel.) Palla","Ruwe bies","Cyperaceae","http://www.verspreidingsatlas.nl/1161","http://ndff-ecogrid.nl/taxonomy/taxa/schoenoplectustabernaemontani","http://www.verspreidingsatlas.nl/thumbs/map_1161.jpg","","2026-09-10"
"1162","Schoenoplectus triqueter","(L.)","Driekantige bies","Cyperaceae","http://www.verspreidingsatlas.nl/1162","http://ndff-ecogrid.nl/taxonomy/taxa/schoenoplectustriqueter","http://www.verspreidingsatlas.nl/thumbs/map_1162.jpg","","2026-09-10"
"1598","Schoenoplectus x carinatus","(Sm.) Palla","Basterdbies","Cyperaceae","http://www.verspreidingsatlas.nl/1598","http://ndff-ecogrid.nl/taxonomy/taxa/schoenoplectusxcarinatus","http://www.verspreidingsatlas.nl/thumbs/map_1598.jpg","","2026-09-10"
"1150","Schoenus nigricans","L.","Knopbies","Cyperaceae","http://www.verspreidingsatlas.nl/1150","http://ndff-ecogrid.nl/taxonomy/taxa/schoenusnigricans","http://www.verspreidingsatlas.nl/thumbs/map_1150.jpg","","2026-09-10"
"1885","Scilla bifolia","L.","Vroege sterhyacint","Asparagaceae","http://www.verspreidingsatlas.nl/1885","http://ndff-ecogrid.nl/taxonomy/taxa/scillabifolia","http://www.verspreidingsatlas.nl/thumbs/map_1885.jpg","","2026-09-10"
"8063","Scilla forbesii","(Baker) Speta","Grote sneeuwroem","Asparagaceae","http://www.verspreidingsatlas.nl/8063","http://ndff-ecogrid.nl/taxonomy/taxa/scillaforbesii","http://www.verspreidingsatlas.nl/thumbs/map_8063.jpg","","2026-09-10"
"8446","Scilla luciliae","(Boiss.) Speta","Middelste sneeuwroem","Asparagaceae","http://www.verspreidingsatlas.nl/8446","http://ndff-ecogrid.nl/taxonomy/taxa/scillaluciliae","http://www.verspreidingsatlas.nl/thumbs/map_8446.jpg","","2026-09-10"
"5439","Scilla mischtschenkoana","Grossh.","Streephyacint","Asparagaceae","http://www.verspreidingsatlas.nl/5439","http://ndff-ecogrid.nl/taxonomy/taxa/scillamischtschenkoana","http://www.verspreidingsatlas.nl/thumbs/map_5439.jpg","","2026-09-10"
"5039","Scilla sardensis","(Whittall ex Barr & Sayden) Speta","Kleine sneeuwroem","Asparagaceae","http://www.verspreidingsatlas.nl/5039","http://ndff-ecogrid.nl/taxonomy/taxa/scillasardensis","http://www.verspreidingsatlas.nl/thumbs/map_5039.jpg","","2026-09-10"
"1887","Scilla siberica","Haworth","Oosterse sterhyacint","Asparagaceae","http://www.verspreidingsatlas.nl/1887","http://ndff-ecogrid.nl/taxonomy/taxa/scillasiberica","http://www.verspreidingsatlas.nl/thumbs/map_1887.jpg","","2026-09-10"
"5275","Scirpoides holoschoenus","(L.) Soják","Kogelbies","Cyperaceae","http://www.verspreidingsatlas.nl/5275","http://ndff-ecogrid.nl/taxonomy/taxa/scirpoidesholoschoenus","http://www.verspreidingsatlas.nl/thumbs/map_5275.jpg","","2026-09-10"
"8436","Scirpus cyperinus","(L.) Kunth","Wollige bosbies","Cyperaceae","http://www.verspreidingsatlas.nl/8436","http://ndff-ecogrid.nl/taxonomy/taxa/scirpuscyperinus","http://www.verspreidingsatlas.nl/thumbs/map_8436.jpg","","2026-09-10"
"1160","Scirpus sylvaticus","L.","Bosbies","Cyperaceae","http://www.verspreidingsatlas.nl/1160","http://ndff-ecogrid.nl/taxonomy/taxa/scirpussylvaticus","http://www.verspreidingsatlas.nl/thumbs/map_1160.jpg","","2026-09-10"
"5511","Scleranthus annuus subsp. annuus","","Eenjarige hardbloem","Caryophyllaceae","http://www.verspreidingsatlas.nl/5511","http://ndff-ecogrid.nl/taxonomy/taxa/scleranthusannuussubspannuus","http://www.verspreidingsatlas.nl/thumbs/map_5511.jpg","","2026-09-10"
"1165","Scleranthus annuus subsp. polycarpos","(L.) Bonnier & Layens","Kleine hardbloem","Caryophyllaceae","http://www.verspreidingsatlas.nl/1165","http://ndff-ecogrid.nl/taxonomy/taxa/scleranthusannuussubsppolycarpos","http://www.verspreidingsatlas.nl/thumbs/map_1165.jpg","","2026-09-10"
"1164","Scleranthus perennis","L.","Overblijvende hardbloem","Caryophyllaceae","http://www.verspreidingsatlas.nl/1164","http://ndff-ecogrid.nl/taxonomy/taxa/scleranthusperennis","http://www.verspreidingsatlas.nl/thumbs/map_1164.jpg","","2026-09-10"
"5141","Scorzonera hispanica","L.","Grote schorseneer","Asteraceae","http://www.verspreidingsatlas.nl/5141","http://ndff-ecogrid.nl/taxonomy/taxa/scorzonerahispanica","http://www.verspreidingsatlas.nl/thumbs/map_5141.jpg","","2026-09-10"
"1166","Scorzonera humilis","L.","Kleine schorseneer","Asteraceae","http://www.verspreidingsatlas.nl/1166","http://ndff-ecogrid.nl/taxonomy/taxa/scorzonerahumilis","http://www.verspreidingsatlas.nl/thumbs/map_1166.jpg","","2026-09-10"
"0725","Scorzoneroides autumnalis","Moench","Vertakte leeuwentand","Asteraceae","http://www.verspreidingsatlas.nl/0725","http://ndff-ecogrid.nl/taxonomy/taxa/scorzoneroidesautumnalis","http://www.verspreidingsatlas.nl/thumbs/map_725.jpg","","2026-09-10"
"1167","Scrophularia auriculata","L.","Geoord helmkruid","Scrophulariaceae","http://www.verspreidingsatlas.nl/1167","http://ndff-ecogrid.nl/taxonomy/taxa/scrophulariaauriculata","http://www.verspreidingsatlas.nl/thumbs/map_1167.jpg","","2026-09-10"
"1170","Scrophularia nodosa","L.","Knopig helmkruid","Scrophulariaceae","http://www.verspreidingsatlas.nl/1170","http://ndff-ecogrid.nl/taxonomy/taxa/scrophularianodosa","http://www.verspreidingsatlas.nl/thumbs/map_1170.jpg","","2026-09-10"
"8628","Scrophularia peregrina","L.","Koraalhelmkruid","Scrophulariaceae","http://www.verspreidingsatlas.nl/8628","http://ndff-ecogrid.nl/taxonomy/taxa/scrophulariaperegrina","http://www.verspreidingsatlas.nl/thumbs/map_8628.jpg","","2026-09-10"
"2406","Scrophularia umbrosa","Dumort.","Gevleugeld helmkruid","Scrophulariaceae","http://www.verspreidingsatlas.nl/2406","http://ndff-ecogrid.nl/taxonomy/taxa/scrophulariaumbrosa","http://www.verspreidingsatlas.nl/thumbs/map_2406.jpg","","2026-09-10"
"1172","Scrophularia vernalis","L.","Voorjaarshelmkruid","Scrophulariaceae","http://www.verspreidingsatlas.nl/1172","http://ndff-ecogrid.nl/taxonomy/taxa/scrophulariavernalis","http://www.verspreidingsatlas.nl/thumbs/map_1172.jpg","","2026-09-10"
"5622","Scutellaria altissima","L.","Groot glidkruid","Lamiaceae","http://www.verspreidingsatlas.nl/5622","http://ndff-ecogrid.nl/taxonomy/taxa/scutellariaaltissima","http://www.verspreidingsatlas.nl/thumbs/map_5622.jpg","","2026-09-10"
"1765","Scutellaria columnae","Allioni","Trosglidkruid","Lamiaceae","http://www.verspreidingsatlas.nl/1765","http://ndff-ecogrid.nl/taxonomy/taxa/scutellariacolumnae","http://www.verspreidingsatlas.nl/thumbs/map_1765.jpg","","2026-09-10"
"1173","Scutellaria galericulata","L.","Blauw glidkruid","Lamiaceae","http://www.verspreidingsatlas.nl/1173","http://ndff-ecogrid.nl/taxonomy/taxa/scutellariagalericulata","http://www.verspreidingsatlas.nl/thumbs/map_1173.jpg","","2026-09-10"
"1174","Scutellaria minor","Huds.","Klein glidkruid","Lamiaceae","http://www.verspreidingsatlas.nl/1174","http://ndff-ecogrid.nl/taxonomy/taxa/scutellariaminor","http://www.verspreidingsatlas.nl/thumbs/map_1174.jpg","","2026-09-10"
"5276","Scutellaria x nicholsonii","Taub.","","Lamiaceae","http://www.verspreidingsatlas.nl/5276","http://ndff-ecogrid.nl/taxonomy/taxa/scutellariaxnicholsonii","http://www.verspreidingsatlas.nl/thumbs/map_5276.jpg","","2026-09-10"
"1830","Secale cereale","L.","Rogge","Poaceae","http://www.verspreidingsatlas.nl/1830","http://ndff-ecogrid.nl/taxonomy/taxa/secalecereale","http://www.verspreidingsatlas.nl/thumbs/map_1830.jpg","","2026-09-10"
"0357","Securigera varia","(L.) Lassen","Bont kroonkruid","Fabaceae","http://www.verspreidingsatlas.nl/0357","http://ndff-ecogrid.nl/taxonomy/taxa/securigeravaria","http://www.verspreidingsatlas.nl/thumbs/map_357.jpg","","2026-09-10"
"1175","Sedum acre","L.","Muurpeper","Crassulaceae","http://www.verspreidingsatlas.nl/1175","http://ndff-ecogrid.nl/taxonomy/taxa/sedumacre","http://www.verspreidingsatlas.nl/thumbs/map_1175.jpg","","2026-09-10"
"1176","Sedum album","L.","Wit vetkruid","Crassulaceae","http://www.verspreidingsatlas.nl/1176","http://ndff-ecogrid.nl/taxonomy/taxa/sedumalbum","http://www.verspreidingsatlas.nl/thumbs/map_1176.jpg","","2026-09-10"
"1177","Sedum cepaea","L.","Omgebogen vetkruid","Crassulaceae","http://www.verspreidingsatlas.nl/1177","http://ndff-ecogrid.nl/taxonomy/taxa/sedumcepaea","http://www.verspreidingsatlas.nl/thumbs/map_1177.jpg","","2026-09-10"
"5142","Sedum dasyphyllum","L.","Dik vetkruid","Crassulaceae","http://www.verspreidingsatlas.nl/5142","http://ndff-ecogrid.nl/taxonomy/taxa/sedumdasyphyllum","http://www.verspreidingsatlas.nl/thumbs/map_5142.jpg","","2026-09-10"
"1418","Sedum forsterianum","Sm.","Sierlijk vetkruid","Crassulaceae","http://www.verspreidingsatlas.nl/1418","http://ndff-ecogrid.nl/taxonomy/taxa/sedumforsterianum","http://www.verspreidingsatlas.nl/thumbs/map_1418.jpg","","2026-09-10"
"5452","Sedum hispanicum","L.","Spaans vetkruid","Crassulaceae","http://www.verspreidingsatlas.nl/5452","http://ndff-ecogrid.nl/taxonomy/taxa/sedumhispanicum","http://www.verspreidingsatlas.nl/thumbs/map_5452.jpg","","2026-09-10"
"1180","Sedum rupestre","L.","Tripmadam","Crassulaceae","http://www.verspreidingsatlas.nl/1180","http://ndff-ecogrid.nl/taxonomy/taxa/sedumrupestre","http://www.verspreidingsatlas.nl/thumbs/map_1180.jpg","","2026-09-10"
"5440","Sedum sarmentosum","Bunge","Driebladvetkruid","Crassulaceae","http://www.verspreidingsatlas.nl/5440","http://ndff-ecogrid.nl/taxonomy/taxa/sedumsarmentosum","http://www.verspreidingsatlas.nl/thumbs/map_5440.jpg","","2026-09-10"
"1181","Sedum sexangulare","L.","Zacht vetkruid","Crassulaceae","http://www.verspreidingsatlas.nl/1181","http://ndff-ecogrid.nl/taxonomy/taxa/sedumsexangulare","http://www.verspreidingsatlas.nl/thumbs/map_1181.jpg","","2026-09-10"
"6911","Selaginella kraussiana","(Kunze) A. Braun","Gazonmosvarentje","Selaginellaceae","http://www.verspreidingsatlas.nl/6911","http://ndff-ecogrid.nl/taxonomy/taxa/selaginellakraussiana","http://www.verspreidingsatlas.nl/thumbs/map_6911.jpg","","2026-09-10"
"1182","Selinum carvifolia","(L.) L.","Karwijselie","Apiaceae","http://www.verspreidingsatlas.nl/1182","http://ndff-ecogrid.nl/taxonomy/taxa/selinumcarvifolia","http://www.verspreidingsatlas.nl/thumbs/map_1182.jpg","","2026-09-10"
"5143","Sempervivum tectorum","L.","Donderblad","Crassulaceae","http://www.verspreidingsatlas.nl/5143","http://ndff-ecogrid.nl/taxonomy/taxa/sempervivumtectorum","http://www.verspreidingsatlas.nl/thumbs/map_5143.jpg","","2026-09-10"
"1733","Senecio inaequidens","DC.","Bezemkruiskruid","Asteraceae","http://www.verspreidingsatlas.nl/1733","http://ndff-ecogrid.nl/taxonomy/taxa/senecioinaequidens","http://www.verspreidingsatlas.nl/thumbs/map_1733.jpg","","2026-09-10"
"1187","Senecio ovatus","(G.Gaertn., B.Mey. & Scherb.) Hoppe","Schaduwkruiskruid","Asteraceae","http://www.verspreidingsatlas.nl/1187","http://ndff-ecogrid.nl/taxonomy/taxa/senecioovatus","http://www.verspreidingsatlas.nl/thumbs/map_1187.jpg","","2026-09-10"
"1186","Senecio sarracenicus","L.","Rivierkruiskruid","Asteraceae","http://www.verspreidingsatlas.nl/1186","http://ndff-ecogrid.nl/taxonomy/taxa/seneciosarracenicus","http://www.verspreidingsatlas.nl/thumbs/map_1186.jpg","","2026-09-10"
"5277","Senecio squalidus","L.","Glanzend kruiskruid","Asteraceae","http://www.verspreidingsatlas.nl/5277","http://ndff-ecogrid.nl/taxonomy/taxa/seneciosqualidus","http://www.verspreidingsatlas.nl/thumbs/map_5277.jpg","","2026-09-10"
"1190","Senecio sylvaticus","L.","Boskruiskruid","Asteraceae","http://www.verspreidingsatlas.nl/1190","http://ndff-ecogrid.nl/taxonomy/taxa/seneciosylvaticus","http://www.verspreidingsatlas.nl/thumbs/map_1190.jpg","","2026-09-10"
"1734","Senecio vernalis","Waldst. & Kit.","Oostelijk kruiskruid","Asteraceae","http://www.verspreidingsatlas.nl/1734","http://ndff-ecogrid.nl/taxonomy/taxa/seneciovernalis","http://www.verspreidingsatlas.nl/thumbs/map_1734.jpg","","2026-09-10"
"1191","Senecio viscosus","L.","Kleverig kruiskruid","Asteraceae","http://www.verspreidingsatlas.nl/1191","http://ndff-ecogrid.nl/taxonomy/taxa/senecioviscosus","http://www.verspreidingsatlas.nl/thumbs/map_1191.jpg","","2026-09-10"
"1192","Senecio vulgaris","L.","Klein kruiskruid","Asteraceae","http://www.verspreidingsatlas.nl/1192","http://ndff-ecogrid.nl/taxonomy/taxa/seneciovulgaris","http://www.verspreidingsatlas.nl/thumbs/map_1192.jpg","","2026-09-10"
"5233","Senecio vulgaris var. hybernicus","Syme","Klein kruiskruid var. hybernicus","Asteraceae","http://www.verspreidingsatlas.nl/5233","http://ndff-ecogrid.nl/taxonomy/taxa/seneciovulgarisvarhybernicus","http://www.verspreidingsatlas.nl/thumbs/map_5233.jpg","","2026-09-10"
"1193","Serratula tinctoria","L.","Zaagblad","Asteraceae","http://www.verspreidingsatlas.nl/1193","http://ndff-ecogrid.nl/taxonomy/taxa/serratulatinctoria","http://www.verspreidingsatlas.nl/thumbs/map_1193.jpg","","2026-09-10"
"5609","Seseli libanotis","(L.) W.D.J. Koch","Hertswortel","Apiaceae","http://www.verspreidingsatlas.nl/5609","http://ndff-ecogrid.nl/taxonomy/taxa/seselilibanotis","http://www.verspreidingsatlas.nl/thumbs/map_5609.jpg","","2026-09-10"
"1194","Sesleria caerulea","(L.) Ard.","Blauwgras","Poaceae","http://www.verspreidingsatlas.nl/1194","http://ndff-ecogrid.nl/taxonomy/taxa/sesleriacaerulea","http://www.verspreidingsatlas.nl/thumbs/map_1194.jpg","","2026-09-10"
"5344","Setaria faberi","R.A.W. Herrm.","Chinese naaldaar","Poaceae","http://www.verspreidingsatlas.nl/5344","http://ndff-ecogrid.nl/taxonomy/taxa/setariafaberi","http://www.verspreidingsatlas.nl/thumbs/map_5344.jpg","","2026-09-10"
"1831","Setaria italica","(L.) P. Beauv.","Trosgierst","Poaceae","http://www.verspreidingsatlas.nl/1831","http://ndff-ecogrid.nl/taxonomy/taxa/setariaitalica","http://www.verspreidingsatlas.nl/thumbs/map_1831.jpg","","2026-09-10"
"5615","Setaria parviflora","(Poir.) Kerguélen","Slanke naaldaar","Poaceae","http://www.verspreidingsatlas.nl/5615","http://ndff-ecogrid.nl/taxonomy/taxa/setariaparviflora","http://www.verspreidingsatlas.nl/thumbs/map_5615.jpg","","2026-09-10"
"1195","Setaria pumila","(Poir.) Roem. & Schult.","Geelrode naaldaar","Poaceae","http://www.verspreidingsatlas.nl/1195","http://ndff-ecogrid.nl/taxonomy/taxa/setariapumila","http://www.verspreidingsatlas.nl/thumbs/map_1195.jpg","","2026-09-10"
"1196","Setaria verticillata","(L.) P. Beauv.","Kransnaaldaar","Poaceae","http://www.verspreidingsatlas.nl/1196","http://ndff-ecogrid.nl/taxonomy/taxa/setariaverticillata","http://www.verspreidingsatlas.nl/thumbs/map_1196.jpg","","2026-09-10"
"5443","Setaria verticilliformis","Dumort.","Gladde kransnaaldaar","Poaceae","http://www.verspreidingsatlas.nl/5443","http://ndff-ecogrid.nl/taxonomy/taxa/setariaverticilliformis","http://www.verspreidingsatlas.nl/thumbs/map_5443.jpg","","2026-09-10"
"1197","Setaria viridis","(L.) P. Beauv.","Groene naaldaar","Poaceae","http://www.verspreidingsatlas.nl/1197","http://ndff-ecogrid.nl/taxonomy/taxa/setariaviridis","http://www.verspreidingsatlas.nl/thumbs/map_1197.jpg","","2026-09-10"
"1198","Sherardia arvensis","L.","Blauw walstro","Rubiaceae","http://www.verspreidingsatlas.nl/1198","http://ndff-ecogrid.nl/taxonomy/taxa/sherardiaarvensis","http://www.verspreidingsatlas.nl/thumbs/map_1198.jpg","","2026-09-10"
"5534","Sicyos angulatus","L.","Stekelaugurk","Cucurbitaceae","http://www.verspreidingsatlas.nl/5534","http://ndff-ecogrid.nl/taxonomy/taxa/sicyosangulatus","http://www.verspreidingsatlas.nl/thumbs/map_5534.jpg","","2026-09-10"
"6915","Sida rhombifolia","L.","","Malvaceae","http://www.verspreidingsatlas.nl/6915","http://ndff-ecogrid.nl/taxonomy/taxa/sidarhombifolia","http://www.verspreidingsatlas.nl/thumbs/map_6915.jpg","","2026-09-10"
"6916","Sida spinosa","L.","","Malvaceae","http://www.verspreidingsatlas.nl/6916","http://ndff-ecogrid.nl/taxonomy/taxa/sidaspinosa","http://www.verspreidingsatlas.nl/thumbs/map_6916.jpg","","2026-09-10"
"8374","Sigesbeckia orientalis","L.","","Asteraceae","http://www.verspreidingsatlas.nl/8374","http://ndff-ecogrid.nl/taxonomy/taxa/sigesbeckiaorientalis","http://www.verspreidingsatlas.nl/thumbs/map_8374.jpg","","2026-09-10"
"8375","Sigesbeckia serrata","DC.","Pauluskruid","Asteraceae","http://www.verspreidingsatlas.nl/8375","http://ndff-ecogrid.nl/taxonomy/taxa/sigesbeckiaserrata","http://www.verspreidingsatlas.nl/thumbs/map_8375.jpg","","2026-09-10"
"1200","Silaum silaus","(L.) Schinz & Thell.","Weidekervel","Apiaceae","http://www.verspreidingsatlas.nl/1200","http://ndff-ecogrid.nl/taxonomy/taxa/silaumsilaus","http://www.verspreidingsatlas.nl/thumbs/map_1200.jpg","","2026-09-10"
"1201","Silene armeria","L.","Pekbloem","Caryophyllaceae","http://www.verspreidingsatlas.nl/1201","http://ndff-ecogrid.nl/taxonomy/taxa/silenearmeria","http://www.verspreidingsatlas.nl/thumbs/map_1201.jpg","","2026-09-10"
"0377","Silene baccifera","(L.) Roth","Besanjelier","Caryophyllaceae","http://www.verspreidingsatlas.nl/0377","http://ndff-ecogrid.nl/taxonomy/taxa/silenebaccifera","http://www.verspreidingsatlas.nl/thumbs/map_377.jpg","","2026-09-10"
"5144","Silene coeli-rosa","Godr.","Hemelroosje","Caryophyllaceae","http://www.verspreidingsatlas.nl/5144","http://ndff-ecogrid.nl/taxonomy/taxa/silenecoelirosa","http://www.verspreidingsatlas.nl/thumbs/map_5144.jpg","","2026-09-10"
"1202","Silene conica","L.","Kegelsilene","Caryophyllaceae","http://www.verspreidingsatlas.nl/1202","http://ndff-ecogrid.nl/taxonomy/taxa/sileneconica","http://www.verspreidingsatlas.nl/thumbs/map_1202.jpg","","2026-09-10"
"2326","Silene coronaria","(L.) Clairv.","Prikneus","Caryophyllaceae","http://www.verspreidingsatlas.nl/2326","http://ndff-ecogrid.nl/taxonomy/taxa/silenecoronaria","http://www.verspreidingsatlas.nl/thumbs/map_2326.jpg","","2026-09-10"
"1736","Silene dichotoma","Ehrh.","Gaffelsilene","Caryophyllaceae","http://www.verspreidingsatlas.nl/1736","http://ndff-ecogrid.nl/taxonomy/taxa/silenedichotoma","http://www.verspreidingsatlas.nl/thumbs/map_1736.jpg","","2026-09-10"
"0807","Silene dioica","(L.) Clairv.","Dagkoekoeksbloem","Caryophyllaceae","http://www.verspreidingsatlas.nl/0807","http://ndff-ecogrid.nl/taxonomy/taxa/silenedioica","http://www.verspreidingsatlas.nl/thumbs/map_807.jpg","","2026-09-10"
"0772","Silene flos-cuculi","(L.) Greuter & Burdet","Echte koekoeksbloem","Caryophyllaceae","http://www.verspreidingsatlas.nl/0772","http://ndff-ecogrid.nl/taxonomy/taxa/silenefloscuculi","http://www.verspreidingsatlas.nl/thumbs/map_772.jpg","","2026-09-10"
"1203","Silene gallica","L.","Franse silene","Caryophyllaceae","http://www.verspreidingsatlas.nl/1203","http://ndff-ecogrid.nl/taxonomy/taxa/silenegallica","http://www.verspreidingsatlas.nl/thumbs/map_1203.jpg","","2026-09-10"
"0805","Silene latifolia subsp. alba","(Mill.) Greuter & Burdet","Avondkoekoeksbloem","Caryophyllaceae","http://www.verspreidingsatlas.nl/0805","http://ndff-ecogrid.nl/taxonomy/taxa/silenelatifoliasubspalba","http://www.verspreidingsatlas.nl/thumbs/map_805.jpg","","2026-09-10"
"0806","Silene noctiflora","L.","Nachtkoekoeksbloem","Caryophyllaceae","http://www.verspreidingsatlas.nl/0806","http://ndff-ecogrid.nl/taxonomy/taxa/silenenoctiflora","http://www.verspreidingsatlas.nl/thumbs/map_806.jpg","","2026-09-10"
"1204","Silene nutans","L.","Nachtsilene","Caryophyllaceae","http://www.verspreidingsatlas.nl/1204","http://ndff-ecogrid.nl/taxonomy/taxa/silenenutans","http://www.verspreidingsatlas.nl/thumbs/map_1204.jpg","","2026-09-10"
"1205","Silene otites","(L.) Wibel","Oorsilene","Caryophyllaceae","http://www.verspreidingsatlas.nl/1205","http://ndff-ecogrid.nl/taxonomy/taxa/sileneotites","http://www.verspreidingsatlas.nl/thumbs/map_1205.jpg","","2026-09-10"
"5633","Silene schafta","S.G. Gmel. ex Hohen.","Lijmkruid","Caryophyllaceae","http://www.verspreidingsatlas.nl/5633","http://ndff-ecogrid.nl/taxonomy/taxa/sileneschafta","http://www.verspreidingsatlas.nl/thumbs/map_5633.jpg","","2026-09-10"
"2332","Silene viscaria","(L.) Jess.","Rode pekanjer","Caryophyllaceae","http://www.verspreidingsatlas.nl/2332","http://ndff-ecogrid.nl/taxonomy/taxa/sileneviscaria","http://www.verspreidingsatlas.nl/thumbs/map_2332.jpg","","2026-09-10"
"1206","Silene vulgaris","(Moench) Garcke","Blaassilene","Caryophyllaceae","http://www.verspreidingsatlas.nl/1206","http://ndff-ecogrid.nl/taxonomy/taxa/silenevulgaris","http://www.verspreidingsatlas.nl/thumbs/map_1206.jpg","","2026-09-10"
"1737","Silybum marianum","(L.) Gaertn.","Mariadistel","Asteraceae","http://www.verspreidingsatlas.nl/1737","http://ndff-ecogrid.nl/taxonomy/taxa/silybummarianum","http://www.verspreidingsatlas.nl/thumbs/map_1737.jpg","","2026-09-10"
"1832","Sinapis alba","L.","Witte mosterd","Brassicaceae","http://www.verspreidingsatlas.nl/1832","http://ndff-ecogrid.nl/taxonomy/taxa/sinapisalba","http://www.verspreidingsatlas.nl/thumbs/map_1832.jpg","","2026-09-10"
"1207","Sinapis arvensis","L.","Herik","Brassicaceae","http://www.verspreidingsatlas.nl/1207","http://ndff-ecogrid.nl/taxonomy/taxa/sinapisarvensis","http://www.verspreidingsatlas.nl/thumbs/map_1207.jpg","","2026-09-10"
"0927","Sison segetum","L.","Wilde peterselie","Apiaceae","http://www.verspreidingsatlas.nl/0927","http://ndff-ecogrid.nl/taxonomy/taxa/sisonsegetum","http://www.verspreidingsatlas.nl/thumbs/map_927.jpg","","2026-09-10"
"1208","Sisymbrium altissimum","L.","Hongaarse raket","Brassicaceae","http://www.verspreidingsatlas.nl/1208","http://ndff-ecogrid.nl/taxonomy/taxa/sisymbriumaltissimum","http://www.verspreidingsatlas.nl/thumbs/map_1208.jpg","","2026-09-10"
"1213","Sisymbrium austriacum subsp. chrysanthum","(Jord.) Rouy & Foucaud","Maasraket","Brassicaceae","http://www.verspreidingsatlas.nl/1213","http://ndff-ecogrid.nl/taxonomy/taxa/sisymbriumaustriacumsubspchrysanthum","http://www.verspreidingsatlas.nl/thumbs/map_1213.jpg","","2026-09-10"
"1209","Sisymbrium irio","L.","Brede raket","Brassicaceae","http://www.verspreidingsatlas.nl/1209","http://ndff-ecogrid.nl/taxonomy/taxa/sisymbriumirio","http://www.verspreidingsatlas.nl/thumbs/map_1209.jpg","","2026-09-10"
"1210","Sisymbrium loeselii","L.","Spiesraket","Brassicaceae","http://www.verspreidingsatlas.nl/1210","http://ndff-ecogrid.nl/taxonomy/taxa/sisymbriumloeselii","http://www.verspreidingsatlas.nl/thumbs/map_1210.jpg","","2026-09-10"
"1211","Sisymbrium officinale","(L.) Scop.","Gewone raket","Brassicaceae","http://www.verspreidingsatlas.nl/1211","http://ndff-ecogrid.nl/taxonomy/taxa/sisymbriumofficinale","http://www.verspreidingsatlas.nl/thumbs/map_1211.jpg","","2026-09-10"
"1212","Sisymbrium orientale","L.","Oosterse raket","Brassicaceae","http://www.verspreidingsatlas.nl/1212","http://ndff-ecogrid.nl/taxonomy/taxa/sisymbriumorientale","http://www.verspreidingsatlas.nl/thumbs/map_1212.jpg","","2026-09-10"
"5541","Sisymbrium strictissimum","L.","","Brassicaceae","http://www.verspreidingsatlas.nl/5541","http://ndff-ecogrid.nl/taxonomy/taxa/sisymbriumstrictissimum","http://www.verspreidingsatlas.nl/thumbs/map_5541.jpg","","2026-09-10"
"5569","Sisymbrium volgense","M. Bieb. ex E. Fourn.","","Brassicaceae","http://www.verspreidingsatlas.nl/5569","http://ndff-ecogrid.nl/taxonomy/taxa/sisymbriumvolgense","http://www.verspreidingsatlas.nl/thumbs/map_5569.jpg","","2026-09-10"
"6918","Sisyrinchium californicum","(Ker Gawl.) Dryand.","Gele bieslelie","Iridaceae","http://www.verspreidingsatlas.nl/6918","http://ndff-ecogrid.nl/taxonomy/taxa/sisyrinchiumcalifornicum","http://www.verspreidingsatlas.nl/thumbs/map_6918.jpg","","2026-09-10"
"5563","Sisyrinchium montanum","Greene","Ruslelie","Iridaceae","http://www.verspreidingsatlas.nl/5563","http://ndff-ecogrid.nl/taxonomy/taxa/sisyrinchiummontanum","http://www.verspreidingsatlas.nl/thumbs/map_5563.jpg","","2026-09-10"
"1216","Sium latifolium","L.","Grote watereppe","Apiaceae","http://www.verspreidingsatlas.nl/1216","http://ndff-ecogrid.nl/taxonomy/taxa/siumlatifolium","http://www.verspreidingsatlas.nl/thumbs/map_1216.jpg","","2026-09-10"
"8382","Smilax aspera","L.","Struikwinde","Smilacaceae","http://www.verspreidingsatlas.nl/8382","http://ndff-ecogrid.nl/taxonomy/taxa/smilaxaspera","http://www.verspreidingsatlas.nl/thumbs/map_8382.jpg","","2026-09-10"
"1217","Smyrnium olusatrum","L.","Zwartmoeskervel","Apiaceae","http://www.verspreidingsatlas.nl/1217","http://ndff-ecogrid.nl/taxonomy/taxa/smyrniumolusatrum","http://www.verspreidingsatlas.nl/thumbs/map_1217.jpg","","2026-09-10"
"5345","Smyrnium perfoliatum","L.","Doorwaskervel","Apiaceae","http://www.verspreidingsatlas.nl/5345","http://ndff-ecogrid.nl/taxonomy/taxa/smyrniumperfoliatum","http://www.verspreidingsatlas.nl/thumbs/map_5345.jpg","","2026-09-10"
"5540","Solanum carolinense","L.","Carolina-nachtschade","Solanaceae","http://www.verspreidingsatlas.nl/5540","http://ndff-ecogrid.nl/taxonomy/taxa/solanumcarolinensis","http://www.verspreidingsatlas.nl/thumbs/map_5540.jpg","","2026-09-10"
"1218","Solanum dulcamara","L.","Bitterzoet","Solanaceae","http://www.verspreidingsatlas.nl/1218","http://ndff-ecogrid.nl/taxonomy/taxa/solanumdulcamara","http://www.verspreidingsatlas.nl/thumbs/map_1218.jpg","","2026-09-10"
"1833","Solanum lycopersicum","L.","Tomaat","Solanaceae","http://www.verspreidingsatlas.nl/1833","http://ndff-ecogrid.nl/taxonomy/taxa/solanumlycopersicum","http://www.verspreidingsatlas.nl/thumbs/map_1833.jpg","","2026-09-10"
"2323","Solanum nigrum","L.","Zwarte nachtschade","Solanaceae","http://www.verspreidingsatlas.nl/2323","http://ndff-ecogrid.nl/taxonomy/taxa/solanumnigrum","http://www.verspreidingsatlas.nl/thumbs/map_2323.jpg","","2026-09-10"
"1739","Solanum nitidibaccatum","Bitter","Glansbesnachtschade","Solanaceae","http://www.verspreidingsatlas.nl/1739","http://ndff-ecogrid.nl/taxonomy/taxa/solanumnitidibaccatum","http://www.verspreidingsatlas.nl/thumbs/map_1739.jpg","","2026-09-10"
"5629","Solanum pseudocapsicum","L.","Oranjeboompje","Solanaceae","http://www.verspreidingsatlas.nl/5629","http://ndff-ecogrid.nl/taxonomy/taxa/solanumpseudocapsicum","http://www.verspreidingsatlas.nl/thumbs/map_5629.jpg","","2026-09-10"
"1740","Solanum rostratum","Dunal","Stekelnachtschade","Solanaceae","http://www.verspreidingsatlas.nl/1740","http://ndff-ecogrid.nl/taxonomy/taxa/solanumrostratum","http://www.verspreidingsatlas.nl/thumbs/map_1740.jpg","","2026-09-10"
"5514","Solanum sarrachoides","Sendtn.","Kleverige nachtschade","Solanaceae","http://www.verspreidingsatlas.nl/5514","http://ndff-ecogrid.nl/taxonomy/taxa/solanumsarachoides","http://www.verspreidingsatlas.nl/thumbs/map_5514.jpg","","2026-09-10"
"8387","Solanum sisymbriifolium","Lam.","Raketnachtschade","Solanaceae","http://www.verspreidingsatlas.nl/8387","http://ndff-ecogrid.nl/taxonomy/taxa/solanumsisymbriifolium","http://www.verspreidingsatlas.nl/thumbs/map_8387.jpg","","2026-09-10"
"1220","Solanum triflorum","Nutt.","Driebloemige nachtschade","Solanaceae","http://www.verspreidingsatlas.nl/1220","http://ndff-ecogrid.nl/taxonomy/taxa/solanumtriflorum","http://www.verspreidingsatlas.nl/thumbs/map_1220.jpg","","2026-09-10"
"2268","Solanum tuberosum","L.","Aardappel","Solanaceae","http://www.verspreidingsatlas.nl/2268","http://ndff-ecogrid.nl/taxonomy/taxa/solanumtuberosum","http://www.verspreidingsatlas.nl/thumbs/map_2268.jpg","","2026-09-10"
"5630","Solanum villosum","Mill.","Donsnachtschade","Solanaceae","http://www.verspreidingsatlas.nl/5630","http://ndff-ecogrid.nl/taxonomy/taxa/solanumvillosum","http://www.verspreidingsatlas.nl/thumbs/map_5630.jpg","","2026-09-10"
"1889","Soleirolia soleirolii","(Req.) Dandy","Slaapkamergeluk","Urticaceae","http://www.verspreidingsatlas.nl/1889","http://ndff-ecogrid.nl/taxonomy/taxa/soleiroliasoleirolii","http://www.verspreidingsatlas.nl/thumbs/map_1889.jpg","","2026-09-10"
"1890","Solidago canadensis","L.","Canadese guldenroede","Asteraceae","http://www.verspreidingsatlas.nl/1890","http://ndff-ecogrid.nl/taxonomy/taxa/solidagocanadensis","http://www.verspreidingsatlas.nl/thumbs/map_1890.jpg","","2026-09-10"
"1221","Solidago gigantea","Aiton","Late guldenroede","Asteraceae","http://www.verspreidingsatlas.nl/1221","http://ndff-ecogrid.nl/taxonomy/taxa/solidagogigantea","http://www.verspreidingsatlas.nl/thumbs/map_1221.jpg","","2026-09-10"
"5535","Solidago nemoralis","Aiton","","Asteraceae","http://www.verspreidingsatlas.nl/5535","http://ndff-ecogrid.nl/taxonomy/taxa/solidagonemoralis","http://www.verspreidingsatlas.nl/thumbs/map_5535.jpg","","2026-09-10"
"1222","Solidago virgaurea","L.","Echte guldenroede","Asteraceae","http://www.verspreidingsatlas.nl/1222","http://ndff-ecogrid.nl/taxonomy/taxa/solidagovirgaurea","http://www.verspreidingsatlas.nl/thumbs/map_1222.jpg","","2026-09-10"
"8665","Soliva sessilis","Ruiz & Pav.","Naaldzaadbloem","Asteraceae","http://www.verspreidingsatlas.nl/8665","http://ndff-ecogrid.nl/taxonomy/taxa/solivasessilis","http://www.verspreidingsatlas.nl/thumbs/map_8665.jpg","","2026-09-10"
"2324","Sonchus arvensis","L.","Akkermelkdistel","Asteraceae","http://www.verspreidingsatlas.nl/2324","http://ndff-ecogrid.nl/taxonomy/taxa/sonchusarvensis","http://www.verspreidingsatlas.nl/thumbs/map_2324.jpg","","2026-09-10"
"2025","Sonchus arvensis var. maritimus","G.F.W. Meyer","Zeemelkdistel","Asteraceae","http://www.verspreidingsatlas.nl/2025","http://ndff-ecogrid.nl/taxonomy/taxa/sonchusarvensisvarmaritimus","http://www.verspreidingsatlas.nl/thumbs/map_2025.jpg","","2026-09-10"
"1224","Sonchus asper","(L.) Hill","Gekroesde melkdistel","Asteraceae","http://www.verspreidingsatlas.nl/1224","http://ndff-ecogrid.nl/taxonomy/taxa/sonchusasper","http://www.verspreidingsatlas.nl/thumbs/map_1224.jpg","","2026-09-10"
"1225","Sonchus oleraceus","L.","Gewone melkdistel","Asteraceae","http://www.verspreidingsatlas.nl/1225","http://ndff-ecogrid.nl/taxonomy/taxa/sonchusoleraceus","http://www.verspreidingsatlas.nl/thumbs/map_1225.jpg","","2026-09-10"
"1226","Sonchus palustris","L.","Moerasmelkdistel","Asteraceae","http://www.verspreidingsatlas.nl/1226","http://ndff-ecogrid.nl/taxonomy/taxa/sonchuspalustris","http://www.verspreidingsatlas.nl/thumbs/map_1226.jpg","","2026-09-10"
"8605","Sonchus tenerrimus","L.","Slipbladmelkdistel","Asteraceae","http://www.verspreidingsatlas.nl/8605","http://ndff-ecogrid.nl/taxonomy/taxa/sonchustenerrimus","http://www.verspreidingsatlas.nl/thumbs/map_8605.jpg","","2026-09-10"
"5189","Sorbaria sorbifolia","(L.) A. Braun","Sorbaria","Rosaceae","http://www.verspreidingsatlas.nl/5189","http://ndff-ecogrid.nl/taxonomy/taxa/sorbariasorbifolia","http://www.verspreidingsatlas.nl/thumbs/map_5189.jpg","","2026-09-10"
"5444","Sorbaria tomentosa","(Lindl.) Rehder","Harige sorbaria","Rosaceae","http://www.verspreidingsatlas.nl/5444","http://ndff-ecogrid.nl/taxonomy/taxa/sorbariatomentosa","http://www.verspreidingsatlas.nl/thumbs/map_5444.jpg","","2026-09-10"
"5146","Sorbus aria","(L.) Crantz","Meelbes","Rosaceae","http://www.verspreidingsatlas.nl/5146","http://ndff-ecogrid.nl/taxonomy/taxa/sorbusaria","http://www.verspreidingsatlas.nl/thumbs/map_5146.jpg","","2026-09-10"
"1227","Sorbus aucuparia","L.","Wilde lijsterbes","Rosaceae","http://www.verspreidingsatlas.nl/1227","http://ndff-ecogrid.nl/taxonomy/taxa/sorbusaucuparia","http://www.verspreidingsatlas.nl/thumbs/map_1227.jpg","","2026-09-10"
"5279","Sorbus intermedia","(Ehrh.) Pers.","Zweedse lijsterbes","Rosaceae","http://www.verspreidingsatlas.nl/5279","http://ndff-ecogrid.nl/taxonomy/taxa/sorbusintermedia","http://www.verspreidingsatlas.nl/thumbs/map_5279.jpg","","2026-09-10"
"5147","Sorbus x thuringiaca","T.C.G.Rich.","Gedeelde meelbes","Rosaceae","http://www.verspreidingsatlas.nl/5147","http://ndff-ecogrid.nl/taxonomy/taxa/sorbusxthuringiaca","http://www.verspreidingsatlas.nl/thumbs/map_5147.jpg","","2026-09-10"
"1743","Sorghum bicolor","(L.) Moench","Grote sorgo","Poaceae","http://www.verspreidingsatlas.nl/1743","http://ndff-ecogrid.nl/taxonomy/taxa/sorghumbicolor","http://www.verspreidingsatlas.nl/thumbs/map_1743.jpg","","2026-09-10"
"1742","Sorghum halepense","(L.) Pers.","Wilde sorgo","Poaceae","http://www.verspreidingsatlas.nl/1742","http://ndff-ecogrid.nl/taxonomy/taxa/sorghumhalepense","http://www.verspreidingsatlas.nl/thumbs/map_1742.jpg","","2026-09-10"
"1228","Sparganium angustifolium","Michx.","Drijvende egelskop","Typhaceae","http://www.verspreidingsatlas.nl/1228","http://ndff-ecogrid.nl/taxonomy/taxa/sparganiumangustifolium","http://www.verspreidingsatlas.nl/thumbs/map_1228.jpg","","2026-09-10"
"1231","Sparganium emersum","Rehmann","Kleine egelskop","Typhaceae","http://www.verspreidingsatlas.nl/1231","http://ndff-ecogrid.nl/taxonomy/taxa/sparganiumemersum","http://www.verspreidingsatlas.nl/thumbs/map_1231.jpg","","2026-09-10"
"1229","Sparganium erectum","L.","Grote egelskop","Typhaceae","http://www.verspreidingsatlas.nl/1229","http://ndff-ecogrid.nl/taxonomy/taxa/sparganiumerectum","http://www.verspreidingsatlas.nl/thumbs/map_1229.jpg","","2026-09-10"
"1230","Sparganium natans","L.","Kleinste egelskop","Typhaceae","http://www.verspreidingsatlas.nl/1230","http://ndff-ecogrid.nl/taxonomy/taxa/sparganiumnatans","http://www.verspreidingsatlas.nl/thumbs/map_1230.jpg","","2026-09-10"
"1233","Spartina anglica","C.E. Hubb.","Engels slijkgras","Poaceae","http://www.verspreidingsatlas.nl/1233","http://ndff-ecogrid.nl/taxonomy/taxa/spartinaanglica","http://www.verspreidingsatlas.nl/thumbs/map_1233.jpg","","2026-09-10"
"1232","Spartina maritima","(Curtis) Fernald","Klein slijkgras","Poaceae","http://www.verspreidingsatlas.nl/1232","http://ndff-ecogrid.nl/taxonomy/taxa/spartinamaritima","http://www.verspreidingsatlas.nl/thumbs/map_1232.jpg","","2026-09-10"
"5346","Spartina x townsendii","H. Groves & J. Groves","Basterdslijkgras","Poaceae","http://www.verspreidingsatlas.nl/5346","http://ndff-ecogrid.nl/taxonomy/taxa/spartinaxtownsendii1","http://www.verspreidingsatlas.nl/thumbs/map_5346.jpg","","2026-09-10"
"1234","Spergula arvensis","L.","Gewone spurrie","Caryophyllaceae","http://www.verspreidingsatlas.nl/1234","http://ndff-ecogrid.nl/taxonomy/taxa/spergulaarvensis","http://www.verspreidingsatlas.nl/thumbs/map_1234.jpg","","2026-09-10"
"1235","Spergula morisonii","Boreau","Heidespurrie","Caryophyllaceae","http://www.verspreidingsatlas.nl/1235","http://ndff-ecogrid.nl/taxonomy/taxa/spergulamorisonii","http://www.verspreidingsatlas.nl/thumbs/map_1235.jpg","","2026-09-10"
"1238","Spergularia marina","(L.) Besser","Zilte schijnspurrie","Caryophyllaceae","http://www.verspreidingsatlas.nl/1238","http://ndff-ecogrid.nl/taxonomy/taxa/spergulariamarina","http://www.verspreidingsatlas.nl/thumbs/map_1238.jpg","","2026-09-10"
"1236","Spergularia media","(L.) C. Presl","Gerande schijnspurrie","Caryophyllaceae","http://www.verspreidingsatlas.nl/1236","http://ndff-ecogrid.nl/taxonomy/taxa/spergulariamedia","http://www.verspreidingsatlas.nl/thumbs/map_1236.jpg","","2026-09-10"
"1237","Spergularia rubra","(L.) J. Presl & C. Presl","Rode schijnspurrie","Caryophyllaceae","http://www.verspreidingsatlas.nl/1237","http://ndff-ecogrid.nl/taxonomy/taxa/spergulariarubra","http://www.verspreidingsatlas.nl/thumbs/map_1237.jpg","","2026-09-10"
"0395","Spergularia segetalis","G. Don fil.","Korenschijnspurrie","Caryophyllaceae","http://www.verspreidingsatlas.nl/0395","http://ndff-ecogrid.nl/taxonomy/taxa/spergulariasegetalis","http://www.verspreidingsatlas.nl/thumbs/map_395.jpg","","2026-09-10"
"5148","Spinacia oleracea","L.","Spinazie","Amaranthaceae","http://www.verspreidingsatlas.nl/5148","http://ndff-ecogrid.nl/taxonomy/taxa/spinaciaoleracea","http://www.verspreidingsatlas.nl/thumbs/map_5148.jpg","","2026-09-10"
"0774","Spinulum annotinum","(L.) A. Haines","Stekende wolfsklauw","Lycopodiaceae","http://www.verspreidingsatlas.nl/0774","http://ndff-ecogrid.nl/taxonomy/taxa/spinulumannotinum","http://www.verspreidingsatlas.nl/thumbs/map_774.jpg","","2026-09-10"
"5166","Spiraea alba","Du Roi","Witte pluimspirea","Rosaceae","http://www.verspreidingsatlas.nl/5166","http://ndff-ecogrid.nl/taxonomy/taxa/spiraeaalba","http://www.verspreidingsatlas.nl/thumbs/map_5166.jpg","","2026-09-10"
"5149","Spiraea chamaedryfolia","L.","Olmenbladspirea","Rosaceae","http://www.verspreidingsatlas.nl/5149","http://ndff-ecogrid.nl/taxonomy/taxa/spiraeachamaedrifolia","http://www.verspreidingsatlas.nl/thumbs/map_5149.jpg","","2026-09-10"
"1891","Spiraea douglasii","Hook.","Douglasspirea","Rosaceae","http://www.verspreidingsatlas.nl/1891","http://ndff-ecogrid.nl/taxonomy/taxa/spiraeadouglasii","http://www.verspreidingsatlas.nl/thumbs/map_1891.jpg","","2026-09-10"
"8071","Spiraea japonica","L. f.","Japanse spirea","Rosaceae","http://www.verspreidingsatlas.nl/8071","http://ndff-ecogrid.nl/taxonomy/taxa/spiraeajaponica","http://www.verspreidingsatlas.nl/thumbs/map_8071.jpg","","2026-09-10"
"1892","Spiraea salicifolia","L.","Theeboompje","Rosaceae","http://www.verspreidingsatlas.nl/1892","http://ndff-ecogrid.nl/taxonomy/taxa/spiraeasalicifolia","http://www.verspreidingsatlas.nl/thumbs/map_1892.jpg","","2026-09-10"
"5214","Spiraea tomentosa","L.","Viltige pluimspirea","Rosaceae","http://www.verspreidingsatlas.nl/5214","http://ndff-ecogrid.nl/taxonomy/taxa/spiraeatomentosa","http://www.verspreidingsatlas.nl/thumbs/map_5214.jpg","","2026-09-10"
"1239","Spiranthes aestivalis","(Poir.) Rich.","Zomerschroeforchis","Orchidaceae","http://www.verspreidingsatlas.nl/1239","http://ndff-ecogrid.nl/taxonomy/taxa/spiranthesaestivalis","http://www.verspreidingsatlas.nl/thumbs/map_1239.jpg","","2026-09-10"
"5992","Spiranthes lucida","(H.H. Eaton) Ames","Glansschroeforchis","Orchidaceae","http://www.verspreidingsatlas.nl/5992","http://ndff-ecogrid.nl/taxonomy/taxa/spirantheslucida","http://www.verspreidingsatlas.nl/thumbs/map_5992.jpg","","2026-09-10"
"6991","Spiranthes romanzoffiana","Cham.","Groene schroeforchis","Orchidaceae","http://www.verspreidingsatlas.nl/6991","http://ndff-ecogrid.nl/taxonomy/taxa/spiranthesromanzoffiana","http://www.verspreidingsatlas.nl/thumbs/map_6991.jpg","","2026-09-10"
"1240","Spiranthes spiralis","(L.) Chevall.","Herfstschroeforchis","Orchidaceae","http://www.verspreidingsatlas.nl/1240","http://ndff-ecogrid.nl/taxonomy/taxa/spiranthesspiralis","http://www.verspreidingsatlas.nl/thumbs/map_1240.jpg","","2026-09-10"
"1241","Spirodela polyrhiza","(L.) Schleid.","Veelwortelig kroos","Araceae","http://www.verspreidingsatlas.nl/1241","http://ndff-ecogrid.nl/taxonomy/taxa/spirodelapolyrhiza","http://www.verspreidingsatlas.nl/thumbs/map_1241.jpg","","2026-09-10"
"8450","Sporobolus indicus","(L.) R. Br.","Rattenstaartgras","Poaceae","http://www.verspreidingsatlas.nl/8450","http://ndff-ecogrid.nl/taxonomy/taxa/sporobolusindicus","http://www.verspreidingsatlas.nl/thumbs/map_8450.jpg","","2026-09-10"
"5515","Stachys alpina","L.","Alpenandoorn","Lamiaceae","http://www.verspreidingsatlas.nl/5515","http://ndff-ecogrid.nl/taxonomy/taxa/stachysalpina","http://www.verspreidingsatlas.nl/thumbs/map_5515.jpg","","2026-09-10"
"1242","Stachys annua","(L.) L.","Zomerandoorn","Lamiaceae","http://www.verspreidingsatlas.nl/1242","http://ndff-ecogrid.nl/taxonomy/taxa/stachysannua","http://www.verspreidingsatlas.nl/thumbs/map_1242.jpg","","2026-09-10"
"1243","Stachys arvensis","(L.) L.","Akkerandoorn","Lamiaceae","http://www.verspreidingsatlas.nl/1243","http://ndff-ecogrid.nl/taxonomy/taxa/stachysarvensis","http://www.verspreidingsatlas.nl/thumbs/map_1243.jpg","","2026-09-10"
"6920","Stachys byzantina","K. Koch","Wollige andoorn","Lamiaceae","http://www.verspreidingsatlas.nl/6920","http://ndff-ecogrid.nl/taxonomy/taxa/stachysbyzantina","http://www.verspreidingsatlas.nl/thumbs/map_6920.jpg","","2026-09-10"
"1245","Stachys palustris","L.","Moerasandoorn","Lamiaceae","http://www.verspreidingsatlas.nl/1245","http://ndff-ecogrid.nl/taxonomy/taxa/stachyspalustris","http://www.verspreidingsatlas.nl/thumbs/map_1245.jpg","","2026-09-10"
"5280","Stachys recta","L.","Bergandoorn","Lamiaceae","http://www.verspreidingsatlas.nl/5280","http://ndff-ecogrid.nl/taxonomy/taxa/stachysrecta","http://www.verspreidingsatlas.nl/thumbs/map_5280.jpg","","2026-09-10"
"1246","Stachys sylvatica","L.","Bosandoorn","Lamiaceae","http://www.verspreidingsatlas.nl/1246","http://ndff-ecogrid.nl/taxonomy/taxa/stachyssylvatica","http://www.verspreidingsatlas.nl/thumbs/map_1246.jpg","","2026-09-10"
"5281","Staphylea pinnata","L.","Europese pimpernoot","Staphyleaceae","http://www.verspreidingsatlas.nl/5281","http://ndff-ecogrid.nl/taxonomy/taxa/staphyleapinnata","http://www.verspreidingsatlas.nl/thumbs/map_5281.jpg","","2026-09-10"
"1247","Stellaria alsine","Grimm","Moerasmuur","Caryophyllaceae","http://www.verspreidingsatlas.nl/1247","http://ndff-ecogrid.nl/taxonomy/taxa/stellariaalsine","http://www.verspreidingsatlas.nl/thumbs/map_1247.jpg","","2026-09-10"
"1252","Stellaria apetala","Ucria ex Roem.","Duinvogelmuur","Caryophyllaceae","http://www.verspreidingsatlas.nl/1252","http://ndff-ecogrid.nl/taxonomy/taxa/stellariaapetala","http://www.verspreidingsatlas.nl/thumbs/map_1252.jpg","","2026-09-10"
"0847","Stellaria aquatica","(L.) Scop.","Watermuur","Caryophyllaceae","http://www.verspreidingsatlas.nl/0847","http://ndff-ecogrid.nl/taxonomy/taxa/stellariaaquatica","http://www.verspreidingsatlas.nl/thumbs/map_847.jpg","","2026-09-10"
"1248","Stellaria graminea","L.","Grasmuur","Caryophyllaceae","http://www.verspreidingsatlas.nl/1248","http://ndff-ecogrid.nl/taxonomy/taxa/stellariagraminea","http://www.verspreidingsatlas.nl/thumbs/map_1248.jpg","","2026-09-10"
"1249","Stellaria holostea","L.","Grote muur","Caryophyllaceae","http://www.verspreidingsatlas.nl/1249","http://ndff-ecogrid.nl/taxonomy/taxa/stellariaholostea","http://www.verspreidingsatlas.nl/thumbs/map_1249.jpg","","2026-09-10"
"1250","Stellaria media","(L.) Vill.","Vogelmuur","Caryophyllaceae","http://www.verspreidingsatlas.nl/1250","http://ndff-ecogrid.nl/taxonomy/taxa/stellariamedia","http://www.verspreidingsatlas.nl/thumbs/map_1250.jpg","","2026-09-10"
"1251","Stellaria neglecta","Weihe","Heggenvogelmuur","Caryophyllaceae","http://www.verspreidingsatlas.nl/1251","http://ndff-ecogrid.nl/taxonomy/taxa/stellarianeglecta","http://www.verspreidingsatlas.nl/thumbs/map_1251.jpg","","2026-09-10"
"1253","Stellaria nemorum","L.","Bosmuur","Caryophyllaceae","http://www.verspreidingsatlas.nl/1253","http://ndff-ecogrid.nl/taxonomy/taxa/stellarianemorum","http://www.verspreidingsatlas.nl/thumbs/map_1253.jpg","","2026-09-10"
"1536","Stellaria nemorum subsp. montana","(Pierrat) Behrer","Bosmuur subsp. montana","Caryophyllaceae","http://www.verspreidingsatlas.nl/1536","http://ndff-ecogrid.nl/taxonomy/taxa/stellarianemorumsubspmontana","http://www.verspreidingsatlas.nl/thumbs/map_1536.jpg","","2026-09-10"
"1254","Stellaria palustris","Ehrh. ex Hoffm.","Zeegroene muur","Caryophyllaceae","http://www.verspreidingsatlas.nl/1254","http://ndff-ecogrid.nl/taxonomy/taxa/stellariapalustris","http://www.verspreidingsatlas.nl/thumbs/map_1254.jpg","","2026-09-10"
"1255","Stratiotes aloides","L.","Krabbenscheer","Hydrocharitaceae","http://www.verspreidingsatlas.nl/1255","http://ndff-ecogrid.nl/taxonomy/taxa/stratiotesaloides","http://www.verspreidingsatlas.nl/thumbs/map_1255.jpg","","2026-09-10"
"0146","Struthiopteris spicant","(L.) Weiss","Dubbelloof","Blechnaceae","http://www.verspreidingsatlas.nl/0146","http://ndff-ecogrid.nl/taxonomy/taxa/struthiopterisspicant","http://www.verspreidingsatlas.nl/thumbs/map_146.jpg","","2026-09-10"
"5369","Stuckenia filiformis","(Pers.) Börner","Draadfonteinkruid","Potamogetonaceae","http://www.verspreidingsatlas.nl/5369","http://ndff-ecogrid.nl/taxonomy/taxa/stuckeniafiliformis","http://www.verspreidingsatlas.nl/thumbs/map_5369.jpg","","2026-09-10"
"0998","Stuckenia pectinata","(L.) Börner","Schedefonteinkruid","Potamogetonaceae","http://www.verspreidingsatlas.nl/0998","http://ndff-ecogrid.nl/taxonomy/taxa/stuckeniapectinata","http://www.verspreidingsatlas.nl/thumbs/map_998.jpg","","2026-09-10"
"1256","Suaeda maritima","(L.) Dumort.","Klein schorrenkruid","Amaranthaceae","http://www.verspreidingsatlas.nl/1256","http://ndff-ecogrid.nl/taxonomy/taxa/suaedamaritima","http://www.verspreidingsatlas.nl/thumbs/map_1256.jpg","","2026-09-10"
"1257","Subularia aquatica","L.","Priemkruid","Brassicaceae","http://www.verspreidingsatlas.nl/1257","http://ndff-ecogrid.nl/taxonomy/taxa/subulariaaquatica","http://www.verspreidingsatlas.nl/thumbs/map_1257.jpg","","2026-09-10"
"1258","Succisa pratensis","Moench","Blauwe knoop","Caprifoliaceae","http://www.verspreidingsatlas.nl/1258","http://ndff-ecogrid.nl/taxonomy/taxa/succisapratensis","http://www.verspreidingsatlas.nl/thumbs/map_1258.jpg","","2026-09-10"
"5516","Sutera cordata","(Thunb.) Kuntze","Tapijtbloem","Scrophulariaceae","http://www.verspreidingsatlas.nl/5516","http://ndff-ecogrid.nl/taxonomy/taxa/suteracordata","http://www.verspreidingsatlas.nl/thumbs/map_5516.jpg","","2026-09-10"
"2107","Symphoricarpos albus","(L.) S.F. Blake","Gewone sneeuwbes","Caprifoliaceae","http://www.verspreidingsatlas.nl/2107","http://ndff-ecogrid.nl/taxonomy/taxa/symphoricarposalbus","http://www.verspreidingsatlas.nl/thumbs/map_2107.jpg","","2026-09-10"
"5994","Symphoricarpos orbiculatus","Moench","","Caprifoliaceae","http://www.verspreidingsatlas.nl/5994","http://ndff-ecogrid.nl/taxonomy/taxa/symphoricarposorbiculatus","http://www.verspreidingsatlas.nl/thumbs/map_5994.jpg","","2026-09-10"
"0114","Symphyotrichum aff. lanceolatum","(Willd.) G.L. Nesom","Smalle aster","Asteraceae","http://www.verspreidingsatlas.nl/0114","http://ndff-ecogrid.nl/taxonomy/taxa/symphyotrichumlanceolatum","http://www.verspreidingsatlas.nl/thumbs/map_114.jpg","","2026-09-10"
"5023","Symphyotrichum laeve","(L.) Á. Löve & D. Löve","Gladde aster","Asteraceae","http://www.verspreidingsatlas.nl/5023","http://ndff-ecogrid.nl/taxonomy/taxa/symphyotrichumlaeve","http://www.verspreidingsatlas.nl/thumbs/map_5023.jpg","","2026-09-10"
"8455","Symphyotrichum lateriflorum","(L.) Á. Löve & D. Löve","Uitstaande aster","Asteraceae","http://www.verspreidingsatlas.nl/8455","http://ndff-ecogrid.nl/taxonomy/taxa/symphyotrichumlateriflorum","http://www.verspreidingsatlas.nl/thumbs/map_8455.jpg","","2026-09-10"
"5568","Symphyotrichum novae-angliae","(L.) G.L. Nesom","Nieuw-Engelse aster","Asteraceae","http://www.verspreidingsatlas.nl/5568","http://ndff-ecogrid.nl/taxonomy/taxa/symphyotrichumnovae-angliae","http://www.verspreidingsatlas.nl/thumbs/map_5568.jpg","","2026-09-10"
"5025","Symphyotrichum novi-belgii","(L.) G.L. Nesom","Nieuw-Nederlandse aster","Asteraceae","http://www.verspreidingsatlas.nl/5025","http://ndff-ecogrid.nl/taxonomy/taxa/symphyotrichumnovi-belgii","http://www.verspreidingsatlas.nl/thumbs/map_5025.jpg","","2026-09-10"
"8424","Symphyotrichum ontarionis","(Wiegand) G.L. Nesom","Ontario-aster","Asteraceae","http://www.verspreidingsatlas.nl/8424","http://ndff-ecogrid.nl/taxonomy/taxa/symphyotrichumontarionis","http://www.verspreidingsatlas.nl/thumbs/map_8424.jpg","","2026-09-10"
"8005","Symphyotrichum subulatum","(Michx.) G.L. Nesom","","Asteraceae","http://www.verspreidingsatlas.nl/8005","http://ndff-ecogrid.nl/taxonomy/taxa/symphyotrichumsquamatum","http://www.verspreidingsatlas.nl/thumbs/map_8005.jpg","","2026-09-10"
"5230","Symphyotrichum x versicolor","(Willd.) G.L.Nesom","Herfstaster","Asteraceae","http://www.verspreidingsatlas.nl/5230","http://ndff-ecogrid.nl/taxonomy/taxa/symphyotrichumxversicolor","http://www.verspreidingsatlas.nl/thumbs/map_5230.jpg","","2026-09-10"
"1893","Symphytum asperum","Lepech.","Ruwe smeerwortel","Boraginaceae","http://www.verspreidingsatlas.nl/1893","http://ndff-ecogrid.nl/taxonomy/taxa/symphytumasperum","http://www.verspreidingsatlas.nl/thumbs/map_1893.jpg","","2026-09-10"
"8606","Symphytum bulbosum","K.F.Schimp.","","Boraginaceae","http://www.verspreidingsatlas.nl/8606","http://ndff-ecogrid.nl/taxonomy/taxa/symphytumbulbosum","http://www.verspreidingsatlas.nl/thumbs/map_8606.jpg","","2026-09-10"
"5647","Symphytum caucasicum","M. Bieb.","Kaukasische smeerwortel","Boraginaceae","http://www.verspreidingsatlas.nl/5647","http://ndff-ecogrid.nl/taxonomy/taxa/symphytumcaucasicum","http://www.verspreidingsatlas.nl/thumbs/map_5647.jpg","","2026-09-10"
"6921","Symphytum ibiricum","Steven","Kruipende smeerwortel","Boraginaceae","http://www.verspreidingsatlas.nl/6921","http://ndff-ecogrid.nl/taxonomy/taxa/symphytumibericum","http://www.verspreidingsatlas.nl/thumbs/map_6921.jpg","","2026-09-10"
"1259","Symphytum officinale","L.","Gewone smeerwortel","Boraginaceae","http://www.verspreidingsatlas.nl/1259","http://ndff-ecogrid.nl/taxonomy/taxa/symphytumofficinale","http://www.verspreidingsatlas.nl/thumbs/map_1259.jpg","","2026-09-10"
"8392","Symphytum tuberosum","L.","Knolsmeerwortel","Boraginaceae","http://www.verspreidingsatlas.nl/8392","http://ndff-ecogrid.nl/taxonomy/taxa/symphytumtuberosum","http://www.verspreidingsatlas.nl/thumbs/map_8392.jpg","","2026-09-10"
"2390","Syringa vulgaris","L.","Sering","Oleaceae","http://www.verspreidingsatlas.nl/2390","http://ndff-ecogrid.nl/taxonomy/taxa/syringavulgaris","http://www.verspreidingsatlas.nl/thumbs/map_2390.jpg","","2026-09-10"
"1744","Tagetes minuta","L.","Geelgroen afrikaantje","Asteraceae","http://www.verspreidingsatlas.nl/1744","http://ndff-ecogrid.nl/taxonomy/taxa/tagetesminuta","http://www.verspreidingsatlas.nl/thumbs/map_1744.jpg","","2026-09-10"
"5282","Tamarix gallica","L.","Franse tamarisk","Tamaricaceae","http://www.verspreidingsatlas.nl/5282","http://ndff-ecogrid.nl/taxonomy/taxa/tamarixgallica","http://www.verspreidingsatlas.nl/thumbs/map_5282.jpg","","2026-09-10"
"0320","Tanacetum parthenium","(L.) Sch. Bip.","Moederkruid","Asteraceae","http://www.verspreidingsatlas.nl/0320","http://ndff-ecogrid.nl/taxonomy/taxa/tanacetumparthenium","http://www.verspreidingsatlas.nl/thumbs/map_320.jpg","","2026-09-10"
"1260","Tanacetum vulgare","L.","Boerenwormkruid","Asteraceae","http://www.verspreidingsatlas.nl/1260","http://ndff-ecogrid.nl/taxonomy/taxa/tanacetumvulgare","http://www.verspreidingsatlas.nl/thumbs/map_1260.jpg","","2026-09-10"
"2430","Taraxacum officinale","F.H. Wigg.","Paardenbloem","Asteraceae","http://www.verspreidingsatlas.nl/2430","http://ndff-ecogrid.nl/taxonomy/taxa/taraxacumofficinale","http://www.verspreidingsatlas.nl/thumbs/map_2430.jpg","","2026-09-10"
"1434","Taraxacum sect. Borea","A.J. Richards","","Asteraceae","http://www.verspreidingsatlas.nl/1434","http://ndff-ecogrid.nl/taxonomy/taxa/taraxacumsectborea","http://www.verspreidingsatlas.nl/thumbs/map_1434.jpg","","2026-09-10"
"1262","Taraxacum sect. Celtica","A.J. Richards","Schraallandpaardenbloem","Asteraceae","http://www.verspreidingsatlas.nl/1262","http://ndff-ecogrid.nl/taxonomy/taxa/taraxacumsectceltica","http://www.verspreidingsatlas.nl/thumbs/map_1262.jpg","","2026-09-10"
"1261","Taraxacum sect. Erythrosperma","(Willd.) DC.","Zandpaardenbloem","Asteraceae","http://www.verspreidingsatlas.nl/1261","http://ndff-ecogrid.nl/taxonomy/taxa/taraxacumsecterythrosperma","http://www.verspreidingsatlas.nl/thumbs/map_1261.jpg","","2026-09-10"
"2429","Taraxacum sect. Hamata","H. Øllg.","Haakpaardebloem","Asteraceae","http://www.verspreidingsatlas.nl/2429","http://ndff-ecogrid.nl/taxonomy/taxa/taraxacumhamata","http://www.verspreidingsatlas.nl/thumbs/map_2429.jpg","","2026-09-10"
"2330","Taraxacum sect. Macrodonta","M.P.Chr.","","Asteraceae","http://www.verspreidingsatlas.nl/2330","http://ndff-ecogrid.nl/taxonomy/taxa/taraxacumsectmacrodonta","http://www.verspreidingsatlas.nl/thumbs/map_2330.jpg","","2026-09-10"
"2094","Taraxacum sect. Naevosa","M.P. Christ.","","Asteraceae","http://www.verspreidingsatlas.nl/2094","http://ndff-ecogrid.nl/taxonomy/taxa/taraxacumsectnaevosa","http://www.verspreidingsatlas.nl/thumbs/map_2094.jpg","","2026-09-10"
"2095","Taraxacum sect. Nordstedtiana","ined.","","Asteraceae","http://www.verspreidingsatlas.nl/2095","http://ndff-ecogrid.nl/taxonomy/taxa/taraxacumsectfrugalia","http://www.verspreidingsatlas.nl/thumbs/map_2095.jpg","","2026-09-10"
"2092","Taraxacum sect. Obliqua","(Fries) Dahlst.","Oranjegele paardenbloem","Asteraceae","http://www.verspreidingsatlas.nl/2092","http://ndff-ecogrid.nl/taxonomy/taxa/taraxacumsectobliqua","http://www.verspreidingsatlas.nl/thumbs/map_2092.jpg","","2026-09-10"
"1265","Taraxacum sect. Palustria","(H. Lindb.) Dahlst.","Moeraspaardenbloem","Asteraceae","http://www.verspreidingsatlas.nl/1265","http://ndff-ecogrid.nl/taxonomy/taxa/taraxacumsectpalustria","http://www.verspreidingsatlas.nl/thumbs/map_1265.jpg","","2026-09-10"
"9642","Taraxacum sect. Ruderalia","Kirschner, H. Øllg. & Štepánek","Weidepaardenbloem","Asteraceae","http://www.verspreidingsatlas.nl/9642","http://ndff-ecogrid.nl/taxonomy/taxa/taraxacumruderalia","http://www.verspreidingsatlas.nl/thumbs/map_9642.jpg","","2026-09-10"
"2272","Taxodium distichum","(L.) Rich.","Moerascipres","Cupressaceae","http://www.verspreidingsatlas.nl/2272","http://ndff-ecogrid.nl/taxonomy/taxa/taxodiumdistichum","http://www.verspreidingsatlas.nl/thumbs/map_2272.jpg","","2026-09-10"
"1267","Taxus baccata","L.","Taxus","Taxaceae","http://www.verspreidingsatlas.nl/1267","http://ndff-ecogrid.nl/taxonomy/taxa/taxusbaccata","http://www.verspreidingsatlas.nl/thumbs/map_1267.jpg","","2026-09-10"
"1268","Teesdalia nudicaulis","(L.) W.T. Aiton","Klein tasjeskruid","Brassicaceae","http://www.verspreidingsatlas.nl/1268","http://ndff-ecogrid.nl/taxonomy/taxa/teesdalianudicaulis","http://www.verspreidingsatlas.nl/thumbs/map_1268.jpg","","2026-09-10"
"5517","Tellima grandiflora","(Pursh) Douglas ex Lindl.","Franjekelk","Saxifragaceae","http://www.verspreidingsatlas.nl/5517","http://ndff-ecogrid.nl/taxonomy/taxa/tellimagrandiflora","http://www.verspreidingsatlas.nl/thumbs/map_5517.jpg","","2026-09-10"
"1184","Tephroseris palustris","(L.) Fourr.","Moerasandijvie","Asteraceae","http://www.verspreidingsatlas.nl/1184","http://ndff-ecogrid.nl/taxonomy/taxa/tephroserispalustris","http://www.verspreidingsatlas.nl/thumbs/map_1184.jpg","","2026-09-10"
"1269","Teucrium botrys","L.","Trosgamander","Lamiaceae","http://www.verspreidingsatlas.nl/1269","http://ndff-ecogrid.nl/taxonomy/taxa/teucriumbotrys","http://www.verspreidingsatlas.nl/thumbs/map_1269.jpg","","2026-09-10"
"5468","Teucrium chamaedrys","L.","Echte gamander","Lamiaceae","http://www.verspreidingsatlas.nl/5468","http://ndff-ecogrid.nl/taxonomy/taxa/teucriumchamaedrys","http://www.verspreidingsatlas.nl/thumbs/map_5468.jpg","","2026-09-10"
"1271","Teucrium montanum","L.","Berggamander","Lamiaceae","http://www.verspreidingsatlas.nl/1271","http://ndff-ecogrid.nl/taxonomy/taxa/teucriummontanum","http://www.verspreidingsatlas.nl/thumbs/map_1271.jpg","","2026-09-10"
"1272","Teucrium scordium","L.","Moerasgamander","Lamiaceae","http://www.verspreidingsatlas.nl/1272","http://ndff-ecogrid.nl/taxonomy/taxa/teucriumscordium","http://www.verspreidingsatlas.nl/thumbs/map_1272.jpg","","2026-09-10"
"1273","Teucrium scorodonia","L.","Valse salie","Lamiaceae","http://www.verspreidingsatlas.nl/1273","http://ndff-ecogrid.nl/taxonomy/taxa/teucriumscorodonia","http://www.verspreidingsatlas.nl/thumbs/map_1273.jpg","","2026-09-10"
"5151","Thalictrum aquilegiifolium","L.","Akeleiruit","Ranunculaceae","http://www.verspreidingsatlas.nl/5151","http://ndff-ecogrid.nl/taxonomy/taxa/thalictrumaquilegifolium","http://www.verspreidingsatlas.nl/thumbs/map_5151.jpg","","2026-09-10"
"1275","Thalictrum flavum","L.","Poelruit","Ranunculaceae","http://www.verspreidingsatlas.nl/1275","http://ndff-ecogrid.nl/taxonomy/taxa/thalictrumflavum","http://www.verspreidingsatlas.nl/thumbs/map_1275.jpg","","2026-09-10"
"1953","Thalictrum minus","L.","Kleine ruit","Ranunculaceae","http://www.verspreidingsatlas.nl/1953","http://ndff-ecogrid.nl/taxonomy/taxa/thalictrumminus","http://www.verspreidingsatlas.nl/thumbs/map_1953.jpg","","2026-09-10"
"0427","Thelypteris palustris","Schott","Moerasvaren","Thelypteridaceae","http://www.verspreidingsatlas.nl/0427","http://ndff-ecogrid.nl/taxonomy/taxa/thelypterispalustris","http://www.verspreidingsatlas.nl/thumbs/map_427.jpg","","2026-09-10"
"1278","Thesium humifusum","DC.","Liggend bergvlas","Santalaceae","http://www.verspreidingsatlas.nl/1278","http://ndff-ecogrid.nl/taxonomy/taxa/thesiumhumifusum","http://www.verspreidingsatlas.nl/thumbs/map_1278.jpg","","2026-09-10"
"1281","Thlaspi arvense","L.","Witte krodde","Brassicaceae","http://www.verspreidingsatlas.nl/1281","http://ndff-ecogrid.nl/taxonomy/taxa/thlaspiarvense","http://www.verspreidingsatlas.nl/thumbs/map_1281.jpg","","2026-09-10"
"2273","Thuja occidentalis","L.","Westerse levensboom","Cupressaceae","http://www.verspreidingsatlas.nl/2273","http://ndff-ecogrid.nl/taxonomy/taxa/thujaoccidentalis","http://www.verspreidingsatlas.nl/thumbs/map_2273.jpg","","2026-09-10"
"2275","Thuja plicata","Donn ex D. Don","Reuzenlevensboom","Cupressaceae","http://www.verspreidingsatlas.nl/2275","http://ndff-ecogrid.nl/taxonomy/taxa/thujaplicata","http://www.verspreidingsatlas.nl/thumbs/map_2275.jpg","","2026-09-10"
"1420","Thymus praecox","Opiz","Kruiptijm","Lamiaceae","http://www.verspreidingsatlas.nl/1420","http://ndff-ecogrid.nl/taxonomy/taxa/thymuspraecox","http://www.verspreidingsatlas.nl/thumbs/map_1420.jpg","","2026-09-10"
"1283","Thymus pulegioides","L.","Grote tijm","Lamiaceae","http://www.verspreidingsatlas.nl/1283","http://ndff-ecogrid.nl/taxonomy/taxa/thymuspulegioides","http://www.verspreidingsatlas.nl/thumbs/map_1283.jpg","","2026-09-10"
"1284","Thymus serpyllum","L.","Kleine tijm","Lamiaceae","http://www.verspreidingsatlas.nl/1284","http://ndff-ecogrid.nl/taxonomy/taxa/thymusserpyllum","http://www.verspreidingsatlas.nl/thumbs/map_1284.jpg","","2026-09-10"
"5152","Thymus vulgaris","L.","Echte tijm","Lamiaceae","http://www.verspreidingsatlas.nl/5152","http://ndff-ecogrid.nl/taxonomy/taxa/thymusvulgaris","http://www.verspreidingsatlas.nl/thumbs/map_5152.jpg","","2026-09-10"
"1285","Tilia cordata","Mill.","Winterlinde","Malvaceae","http://www.verspreidingsatlas.nl/1285","http://ndff-ecogrid.nl/taxonomy/taxa/tiliacordata","http://www.verspreidingsatlas.nl/thumbs/map_1285.jpg","","2026-09-10"
"1286","Tilia platyphyllos","Scop.","Zomerlinde","Malvaceae","http://www.verspreidingsatlas.nl/1286","http://ndff-ecogrid.nl/taxonomy/taxa/tiliaplatyphyllos","http://www.verspreidingsatlas.nl/thumbs/map_1286.jpg","","2026-09-10"
"5599","Tilia tomentosa","Moench","Zilverlinde","Malvaceae","http://www.verspreidingsatlas.nl/5599","http://ndff-ecogrid.nl/taxonomy/taxa/tiliatomentosa","http://www.verspreidingsatlas.nl/thumbs/map_5599.jpg","","2026-09-10"
"2277","Tilia x europaea","L.","Hollandse linde","Malvaceae","http://www.verspreidingsatlas.nl/2277","http://ndff-ecogrid.nl/taxonomy/taxa/tiliaxeuropaea","http://www.verspreidingsatlas.nl/thumbs/map_2277.jpg","","2026-09-10"
"1288","Torilis arvensis","(Huds.) Link","Akkerdoornzaad","Apiaceae","http://www.verspreidingsatlas.nl/1288","http://ndff-ecogrid.nl/taxonomy/taxa/torilisarvensis","http://www.verspreidingsatlas.nl/thumbs/map_1288.jpg","","2026-09-10"
"1289","Torilis japonica","(Houtt.) DC.","Heggendoornzaad","Apiaceae","http://www.verspreidingsatlas.nl/1289","http://ndff-ecogrid.nl/taxonomy/taxa/torilisjaponica","http://www.verspreidingsatlas.nl/thumbs/map_1289.jpg","","2026-09-10"
"1290","Torilis nodosa","(L.) Gaertn.","Knopig doornzaad","Apiaceae","http://www.verspreidingsatlas.nl/1290","http://ndff-ecogrid.nl/taxonomy/taxa/torilisnodosa","http://www.verspreidingsatlas.nl/thumbs/map_1290.jpg","","2026-09-10"
"5518","Trachelium caeruleum","L.","Halsbloem","Campanulaceae","http://www.verspreidingsatlas.nl/5518","http://ndff-ecogrid.nl/taxonomy/taxa/tracheliumcaeruleum","http://www.verspreidingsatlas.nl/thumbs/map_5518.jpg","","2026-09-10"
"8402","Trachystemon orientalis","(L.) G. Don","Oosterse bernagie","Boraginaceae","http://www.verspreidingsatlas.nl/8402","http://ndff-ecogrid.nl/taxonomy/taxa/trachystemonorientalis","http://www.verspreidingsatlas.nl/thumbs/map_8402.jpg","","2026-09-10"
"8403","Tradescantia fluminensis","Vell.","Vaderplant","Commelinaceae","http://www.verspreidingsatlas.nl/8403","http://ndff-ecogrid.nl/taxonomy/taxa/tradescantiafluminensis","http://www.verspreidingsatlas.nl/thumbs/map_8403.jpg","","2026-09-10"
"5445","Tradescantia virginiana","L.","Eendagsbloem","Commelinaceae","http://www.verspreidingsatlas.nl/5445","http://ndff-ecogrid.nl/taxonomy/taxa/tradescantiavirginiana","http://www.verspreidingsatlas.nl/thumbs/map_5445.jpg","","2026-09-10"
"5190","Tragopogon dubius","Scop.","Bleke morgenster","Asteraceae","http://www.verspreidingsatlas.nl/5190","http://ndff-ecogrid.nl/taxonomy/taxa/tragopogondubius","http://www.verspreidingsatlas.nl/thumbs/map_5190.jpg","","2026-09-10"
"1293","Tragopogon porrifolius","L.","Paarse morgenster","Asteraceae","http://www.verspreidingsatlas.nl/1293","http://ndff-ecogrid.nl/taxonomy/taxa/tragopogonporrifolius","http://www.verspreidingsatlas.nl/thumbs/map_1293.jpg","","2026-09-10"
"1954","Tragopogon pratensis","L.","Gele morgenster s.l.","Asteraceae","http://www.verspreidingsatlas.nl/1954","http://ndff-ecogrid.nl/taxonomy/taxa/tragopogonpratensis","http://www.verspreidingsatlas.nl/thumbs/map_1954.jpg","","2026-09-10"
"1291","Tragopogon pratensis subsp. minor","(Mill.) Hartm.","Kleine morgenster","Asteraceae","http://www.verspreidingsatlas.nl/1291","http://ndff-ecogrid.nl/taxonomy/taxa/tragopogonpratensissubspminor","http://www.verspreidingsatlas.nl/thumbs/map_1291.jpg","","2026-09-10"
"1292","Tragopogon pratensis subsp. orientalis","(L.) Celak.","Oosterse morgenster","Asteraceae","http://www.verspreidingsatlas.nl/1292","http://ndff-ecogrid.nl/taxonomy/taxa/tragopogonpratensissubsporientalis","http://www.verspreidingsatlas.nl/thumbs/map_1292.jpg","","2026-09-10"
"1294","Tragopogon pratensis subsp. pratensis","L.","Gele morgenster","Asteraceae","http://www.verspreidingsatlas.nl/1294","http://ndff-ecogrid.nl/taxonomy/taxa/tragopogonpratensissubsppratensis","http://www.verspreidingsatlas.nl/thumbs/map_1294.jpg","","2026-09-10"
"5283","Tragopogon x mirabilis","Rouy","","Asteraceae","http://www.verspreidingsatlas.nl/5283","http://ndff-ecogrid.nl/taxonomy/taxa/tragopogonxmirabilis","http://www.verspreidingsatlas.nl/thumbs/map_5283.jpg","","2026-09-10"
"6972","Tragus racemosus","(L.) All.","Klitgras","Poaceae","http://www.verspreidingsatlas.nl/6972","http://ndff-ecogrid.nl/taxonomy/taxa/tragusracemosus","http://www.verspreidingsatlas.nl/thumbs/map_6972.jpg","","2026-09-10"
"5262","Trapa natans","L.","Waternoot","Lythraceae","http://www.verspreidingsatlas.nl/5262","http://ndff-ecogrid.nl/taxonomy/taxa/trapanatans","http://www.verspreidingsatlas.nl/thumbs/map_5262.jpg","","2026-09-10"
"1153","Trichophorum germanicum","Palla","Veenbies","Cyperaceae","http://www.verspreidingsatlas.nl/1153","http://ndff-ecogrid.nl/taxonomy/taxa/trichophorumgermanicum","http://www.verspreidingsatlas.nl/thumbs/map_1153.jpg","","2026-09-10"
"1295","Trientalis europaea","L.","Zevenster","Primulaceae","http://www.verspreidingsatlas.nl/1295","http://ndff-ecogrid.nl/taxonomy/taxa/trientaliseuropaea","http://www.verspreidingsatlas.nl/thumbs/map_1295.jpg","","2026-09-10"
"1834","Trifolium alexandrinum","L.","Alexandrijnse klaver","Fabaceae","http://www.verspreidingsatlas.nl/1834","http://ndff-ecogrid.nl/taxonomy/taxa/trifoliumalexandrinum","http://www.verspreidingsatlas.nl/thumbs/map_1834.jpg","","2026-09-10"
"1296","Trifolium arvense","L.","Hazenpootje","Fabaceae","http://www.verspreidingsatlas.nl/1296","http://ndff-ecogrid.nl/taxonomy/taxa/trifoliumarvense","http://www.verspreidingsatlas.nl/thumbs/map_1296.jpg","","2026-09-10"
"1297","Trifolium aureum","Pollich","Akkerklaver","Fabaceae","http://www.verspreidingsatlas.nl/1297","http://ndff-ecogrid.nl/taxonomy/taxa/trifoliumaureum","http://www.verspreidingsatlas.nl/thumbs/map_1297.jpg","","2026-09-10"
"1298","Trifolium campestre","Schreb.","Liggende klaver","Fabaceae","http://www.verspreidingsatlas.nl/1298","http://ndff-ecogrid.nl/taxonomy/taxa/trifoliumcampestre","http://www.verspreidingsatlas.nl/thumbs/map_1298.jpg","","2026-09-10"
"1745","Trifolium diffusum","Ehrh.","Wijdvertakte klaver","Fabaceae","http://www.verspreidingsatlas.nl/1745","http://ndff-ecogrid.nl/taxonomy/taxa/trifoliumdiffusum","http://www.verspreidingsatlas.nl/thumbs/map_1745.jpg","","2026-09-10"
"1299","Trifolium dubium","Sibth.","Kleine klaver","Fabaceae","http://www.verspreidingsatlas.nl/1299","http://ndff-ecogrid.nl/taxonomy/taxa/trifoliumdubium","http://www.verspreidingsatlas.nl/thumbs/map_1299.jpg","","2026-09-10"
"1300","Trifolium fragiferum","L.","Aardbeiklaver","Fabaceae","http://www.verspreidingsatlas.nl/1300","http://ndff-ecogrid.nl/taxonomy/taxa/trifoliumfragiferum","http://www.verspreidingsatlas.nl/thumbs/map_1300.jpg","","2026-09-10"
"1301","Trifolium hybridum subsp. hybridum","","Basterdklaver","Fabaceae","http://www.verspreidingsatlas.nl/1301","http://ndff-ecogrid.nl/taxonomy/taxa/trifoliumhybridumsubsphybridum","http://www.verspreidingsatlas.nl/thumbs/map_1301.jpg","","2026-09-10"
"1835","Trifolium incarnatum","L.","Inkarnaatklaver","Fabaceae","http://www.verspreidingsatlas.nl/1835","http://ndff-ecogrid.nl/taxonomy/taxa/trifoliumincarnatum","http://www.verspreidingsatlas.nl/thumbs/map_1835.jpg","","2026-09-10"
"1302","Trifolium medium","L.","Bochtige klaver","Fabaceae","http://www.verspreidingsatlas.nl/1302","http://ndff-ecogrid.nl/taxonomy/taxa/trifoliummedium","http://www.verspreidingsatlas.nl/thumbs/map_1302.jpg","","2026-09-10"
"1303","Trifolium micranthum","Viv.","Draadklaver","Fabaceae","http://www.verspreidingsatlas.nl/1303","http://ndff-ecogrid.nl/taxonomy/taxa/trifoliummicranthum","http://www.verspreidingsatlas.nl/thumbs/map_1303.jpg","","2026-09-10"
"1304","Trifolium ornithopodioides","L.","Vogelpootklaver","Fabaceae","http://www.verspreidingsatlas.nl/1304","http://ndff-ecogrid.nl/taxonomy/taxa/trifoliumornithopodioides","http://www.verspreidingsatlas.nl/thumbs/map_1304.jpg","","2026-09-10"
"1305","Trifolium pratense","L.","Rode klaver","Fabaceae","http://www.verspreidingsatlas.nl/1305","http://ndff-ecogrid.nl/taxonomy/taxa/trifoliumpratense","http://www.verspreidingsatlas.nl/thumbs/map_1305.jpg","","2026-09-10"
"1306","Trifolium repens","L.","Witte klaver","Fabaceae","http://www.verspreidingsatlas.nl/1306","http://ndff-ecogrid.nl/taxonomy/taxa/trifoliumrepens","http://www.verspreidingsatlas.nl/thumbs/map_1306.jpg","","2026-09-10"
"1836","Trifolium resupinatum","L.","Perzische klaver","Fabaceae","http://www.verspreidingsatlas.nl/1836","http://ndff-ecogrid.nl/taxonomy/taxa/trifoliumresupinatum","http://www.verspreidingsatlas.nl/thumbs/map_1836.jpg","","2026-09-10"
"8405","Trifolium rubens","L.","Purperen klaver","Fabaceae","http://www.verspreidingsatlas.nl/8405","http://ndff-ecogrid.nl/taxonomy/taxa/trifoliumrubens","http://www.verspreidingsatlas.nl/thumbs/map_8405.jpg","","2026-09-10"
"1307","Trifolium scabrum","L.","Ruwe klaver","Fabaceae","http://www.verspreidingsatlas.nl/1307","http://ndff-ecogrid.nl/taxonomy/taxa/trifoliumscabrum","http://www.verspreidingsatlas.nl/thumbs/map_1307.jpg","","2026-09-10"
"1308","Trifolium striatum","L.","Gestreepte klaver","Fabaceae","http://www.verspreidingsatlas.nl/1308","http://ndff-ecogrid.nl/taxonomy/taxa/trifoliumstriatum","http://www.verspreidingsatlas.nl/thumbs/map_1308.jpg","","2026-09-10"
"1309","Trifolium subterraneum","L.","Onderaardse klaver","Fabaceae","http://www.verspreidingsatlas.nl/1309","http://ndff-ecogrid.nl/taxonomy/taxa/trifoliumsubterraneum","http://www.verspreidingsatlas.nl/thumbs/map_1309.jpg","","2026-09-10"
"9695","Trifolium suffocatum","L.","Gedrongen klaver","Fabaceae","http://www.verspreidingsatlas.nl/9695","http://ndff-ecogrid.nl/taxonomy/taxa/trifoliumsuffocatum","http://www.verspreidingsatlas.nl/thumbs/map_9695.jpg","","2026-09-10"
"1310","Triglochin maritima","L.","Schorrenzoutgras","Juncaginaceae","http://www.verspreidingsatlas.nl/1310","http://ndff-ecogrid.nl/taxonomy/taxa/triglochinmaritima","http://www.verspreidingsatlas.nl/thumbs/map_1310.jpg","","2026-09-10"
"1311","Triglochin palustris","L.","Moeraszoutgras","Juncaginaceae","http://www.verspreidingsatlas.nl/1311","http://ndff-ecogrid.nl/taxonomy/taxa/triglochinpalustris","http://www.verspreidingsatlas.nl/thumbs/map_1311.jpg","","2026-09-10"
"1838","Trigonella foenum-graecum","L.","Fenegriek","Fabaceae","http://www.verspreidingsatlas.nl/1838","http://ndff-ecogrid.nl/taxonomy/taxa/trigonellafoenumgraecum","http://www.verspreidingsatlas.nl/thumbs/map_1838.jpg","","2026-09-10"
"0795","Tripleurospermum maritimum","(L.) W.D.J. Koch","Reukeloze kamille","Asteraceae","http://www.verspreidingsatlas.nl/0795","http://ndff-ecogrid.nl/taxonomy/taxa/tripleurospermummaritimum","http://www.verspreidingsatlas.nl/thumbs/map_795.jpg","","2026-09-10"
"0117","Tripolium pannonicum","(Jacq.) Dobrocz.","Zulte","Asteraceae","http://www.verspreidingsatlas.nl/0117","http://ndff-ecogrid.nl/taxonomy/taxa/tripoliumpannonicum","http://www.verspreidingsatlas.nl/thumbs/map_117.jpg","","2026-09-10"
"2377","Tripolium pannonicum f. discoideus","(Rchb.) B.Bock","Zulte f. discoideus","Asteraceae","http://www.verspreidingsatlas.nl/2377","http://ndff-ecogrid.nl/taxonomy/taxa/tripoliumpannonicumfdiscoideus","http://www.verspreidingsatlas.nl/thumbs/map_2377.jpg","","2026-09-10"
"1312","Trisetum flavescens","(L.) P. Beauv.","Goudhaver","Poaceae","http://www.verspreidingsatlas.nl/1312","http://ndff-ecogrid.nl/taxonomy/taxa/trisetumflavescens","http://www.verspreidingsatlas.nl/thumbs/map_1312.jpg","","2026-09-10"
"8406","Triteleia laxa","Benth.","","Asparagaceae","http://www.verspreidingsatlas.nl/8406","http://ndff-ecogrid.nl/taxonomy/taxa/triteleialaxa","http://www.verspreidingsatlas.nl/thumbs/map_8406.jpg","","2026-09-10"
"6717","Triticosecale (x)","Wittm. ex A. Camus","Triticale","Poaceae","http://www.verspreidingsatlas.nl/6717","http://ndff-ecogrid.nl/taxonomy/taxa/triticosecalex","http://www.verspreidingsatlas.nl/thumbs/map_6717.jpg","","2026-09-10"
"1839","Triticum aestivum","L.","Tarwe","Poaceae","http://www.verspreidingsatlas.nl/1839","http://ndff-ecogrid.nl/taxonomy/taxa/triticumaestivum","http://www.verspreidingsatlas.nl/thumbs/map_1839.jpg","","2026-09-10"
"5153","Triticum spelta","L.","Spelt","Poaceae","http://www.verspreidingsatlas.nl/5153","http://ndff-ecogrid.nl/taxonomy/taxa/triticumspelta","http://www.verspreidingsatlas.nl/thumbs/map_5153.jpg","","2026-09-10"
"0272","Trocdaris verticillatum","(L.) Raf.","Kranskarwij","Apiaceae","http://www.verspreidingsatlas.nl/0272","http://ndff-ecogrid.nl/taxonomy/taxa/trocdarisverticillatum","http://www.verspreidingsatlas.nl/thumbs/map_272.jpg","","2026-09-10"
"6923","Tropaeolum majus","L.","Oost-Indische kers","Tropaeolaceae","http://www.verspreidingsatlas.nl/6923","http://ndff-ecogrid.nl/taxonomy/taxa/tropaeolummajus","http://www.verspreidingsatlas.nl/thumbs/map_6923.jpg","","2026-09-10"
"2279","Tsuga canadensis","(L.) Carrière","Oostelijke hemlockspar","Pinaceae","http://www.verspreidingsatlas.nl/2279","http://ndff-ecogrid.nl/taxonomy/taxa/tsugacanadensis","http://www.verspreidingsatlas.nl/thumbs/map_2279.jpg","","2026-09-10"
"2280","Tsuga heterophylla","(Raf.) Sarg.","Westelijke hemlockspar","Pinaceae","http://www.verspreidingsatlas.nl/2280","http://ndff-ecogrid.nl/taxonomy/taxa/tsugaheterophylla","http://www.verspreidingsatlas.nl/thumbs/map_2280.jpg","","2026-09-10"
"1313","Tuberaria guttata","(L.) Fourr.","Gevlekt zonneroosje","Cistaceae","http://www.verspreidingsatlas.nl/1313","http://ndff-ecogrid.nl/taxonomy/taxa/tuberariaguttata","http://www.verspreidingsatlas.nl/thumbs/map_1313.jpg","","2026-09-10"
"6832","Tulipa gesneriana","L.","","Liliaceae","http://www.verspreidingsatlas.nl/6832","http://ndff-ecogrid.nl/taxonomy/taxa/tulipagesneriana","http://www.verspreidingsatlas.nl/thumbs/map_6832.jpg","","2026-09-10"
"6833","Tulipa kaufmanniana","Regel","","Liliaceae","http://www.verspreidingsatlas.nl/6833","http://ndff-ecogrid.nl/taxonomy/taxa/tulipakaufmanniana","http://www.verspreidingsatlas.nl/thumbs/map_6833.jpg","","2026-09-10"
"6834","Tulipa suaveolens","Roth","","Liliaceae","http://www.verspreidingsatlas.nl/6834","http://ndff-ecogrid.nl/taxonomy/taxa/tulipasuaveolens","http://www.verspreidingsatlas.nl/thumbs/map_6834.jpg","","2026-09-10"
"1314","Tulipa sylvestris","L.","Bostulp","Liliaceae","http://www.verspreidingsatlas.nl/1314","http://ndff-ecogrid.nl/taxonomy/taxa/tulipasylvestris","http://www.verspreidingsatlas.nl/thumbs/map_1314.jpg","","2026-09-10"
"1315","Turritis glabra","L.","Torenkruid","Brassicaceae","http://www.verspreidingsatlas.nl/1315","http://ndff-ecogrid.nl/taxonomy/taxa/turritisglabra","http://www.verspreidingsatlas.nl/thumbs/map_1315.jpg","","2026-09-10"
"1316","Tussilago farfara","L.","Klein hoefblad","Asteraceae","http://www.verspreidingsatlas.nl/1316","http://ndff-ecogrid.nl/taxonomy/taxa/tussilagofarfara","http://www.verspreidingsatlas.nl/thumbs/map_1316.jpg","","2026-09-10"
"1317","Typha angustifolia","L.","Kleine lisdodde","Typhaceae","http://www.verspreidingsatlas.nl/1317","http://ndff-ecogrid.nl/taxonomy/taxa/typhaangustifolia","http://www.verspreidingsatlas.nl/thumbs/map_1317.jpg","","2026-09-10"
"1318","Typha latifolia","L.","Grote lisdodde","Typhaceae","http://www.verspreidingsatlas.nl/1318","http://ndff-ecogrid.nl/taxonomy/taxa/typhalatifolia","http://www.verspreidingsatlas.nl/thumbs/map_1318.jpg","","2026-09-10"
"5656","Typha laxmannii","Lepech.","Bebladerde lisdodde","Typhaceae","http://www.verspreidingsatlas.nl/5656","http://ndff-ecogrid.nl/taxonomy/taxa/typhalaxmanii","http://www.verspreidingsatlas.nl/thumbs/map_5656.jpg","","2026-09-10"
"5446","Typha minima","Funck ex Hoppe","Kleinste lisdodde","Typhaceae","http://www.verspreidingsatlas.nl/5446","http://ndff-ecogrid.nl/taxonomy/taxa/typhaminima","http://www.verspreidingsatlas.nl/thumbs/map_5446.jpg","","2026-09-10"
"1319","Ulex europaeus","L.","Gaspeldoorn","Fabaceae","http://www.verspreidingsatlas.nl/1319","http://ndff-ecogrid.nl/taxonomy/taxa/ulexeuropaeus","http://www.verspreidingsatlas.nl/thumbs/map_1319.jpg","","2026-09-10"
"1895","Ulmus glabra","Huds.","Ruwe iep","Ulmaceae","http://www.verspreidingsatlas.nl/1895","http://ndff-ecogrid.nl/taxonomy/taxa/ulmusglabra","http://www.verspreidingsatlas.nl/thumbs/map_1895.jpg","","2026-09-10"
"5154","Ulmus laevis","Pall.","Fladderiep","Ulmaceae","http://www.verspreidingsatlas.nl/5154","http://ndff-ecogrid.nl/taxonomy/taxa/ulmuslaevis","http://www.verspreidingsatlas.nl/thumbs/map_5154.jpg","","2026-09-10"
"1320","Ulmus minor","Mill.","Gladde iep","Ulmaceae","http://www.verspreidingsatlas.nl/1320","http://ndff-ecogrid.nl/taxonomy/taxa/ulmusminor","http://www.verspreidingsatlas.nl/thumbs/map_1320.jpg","","2026-09-10"
"5191","Ulmus x hollandica","Mill.","Hollandse iep","Ulmaceae","http://www.verspreidingsatlas.nl/5191","http://ndff-ecogrid.nl/taxonomy/taxa/ulmusxhollandica","http://www.verspreidingsatlas.nl/thumbs/map_5191.jpg","","2026-09-10"
"5584","Umbilicus rupestris","(Salisb.) Dandy","Muurnavel","Crassulaceae","http://www.verspreidingsatlas.nl/5584","http://ndff-ecogrid.nl/taxonomy/taxa/umbilicusrupestris","http://www.verspreidingsatlas.nl/thumbs/map_5584.jpg","","2026-09-10"
"1321","Urtica dioica","L.","Grote brandnetel","Urticaceae","http://www.verspreidingsatlas.nl/1321","http://ndff-ecogrid.nl/taxonomy/taxa/urticadioica","http://www.verspreidingsatlas.nl/thumbs/map_1321.jpg","","2026-09-10"
"8003","Urtica membranacea","Poir.","Zuidelijke brandnetel","Urticaceae","http://www.verspreidingsatlas.nl/8003","http://ndff-ecogrid.nl/taxonomy/taxa/urticamembranacea","http://www.verspreidingsatlas.nl/thumbs/map_8003.jpg","","2026-09-10"
"1322","Urtica urens","L.","Kleine brandnetel","Urticaceae","http://www.verspreidingsatlas.nl/1322","http://ndff-ecogrid.nl/taxonomy/taxa/urticaurens","http://www.verspreidingsatlas.nl/thumbs/map_1322.jpg","","2026-09-10"
"1325","Utricularia australis","R. Br.","Loos blaasjeskruid","Lentibulariaceae","http://www.verspreidingsatlas.nl/1325","http://ndff-ecogrid.nl/taxonomy/taxa/utriculariaaustralis","http://www.verspreidingsatlas.nl/thumbs/map_1325.jpg","","2026-09-10"
"1323","Utricularia intermedia","Hayne","Plat blaasjeskruid","Lentibulariaceae","http://www.verspreidingsatlas.nl/1323","http://ndff-ecogrid.nl/taxonomy/taxa/utriculariaintermedia","http://www.verspreidingsatlas.nl/thumbs/map_1323.jpg","","2026-09-10"
"1324","Utricularia minor","L.","Klein blaasjeskruid","Lentibulariaceae","http://www.verspreidingsatlas.nl/1324","http://ndff-ecogrid.nl/taxonomy/taxa/utriculariaminor","http://www.verspreidingsatlas.nl/thumbs/map_1324.jpg","","2026-09-10"
"1326","Utricularia ochroleuca","R.W. Hartm.","Bleekgeel blaasjeskruid","Lentibulariaceae","http://www.verspreidingsatlas.nl/1326","http://ndff-ecogrid.nl/taxonomy/taxa/utriculariaochroleuca","http://www.verspreidingsatlas.nl/thumbs/map_1326.jpg","","2026-09-10"
"1327","Utricularia vulgaris","L.","Groot blaasjeskruid","Lentibulariaceae","http://www.verspreidingsatlas.nl/1327","http://ndff-ecogrid.nl/taxonomy/taxa/utriculariavulgaris","http://www.verspreidingsatlas.nl/thumbs/map_1327.jpg","","2026-09-10"
"1328","Vaccaria hispanica","(Mill.) Rauschert","Koekruid","Caryophyllaceae","http://www.verspreidingsatlas.nl/1328","http://ndff-ecogrid.nl/taxonomy/taxa/vaccariahispanica","http://www.verspreidingsatlas.nl/thumbs/map_1328.jpg","","2026-09-10"
"5155","Vaccinium corymbosum","L.","Trosbosbes","Ericaceae","http://www.verspreidingsatlas.nl/5155","http://ndff-ecogrid.nl/taxonomy/taxa/vacciniumcorymbosum","http://www.verspreidingsatlas.nl/thumbs/map_5155.jpg","","2026-09-10"
"0912","Vaccinium macrocarpon","Aiton","Cranberry","Ericaceae","http://www.verspreidingsatlas.nl/0912","http://ndff-ecogrid.nl/taxonomy/taxa/vacciniummacrocarpon","http://www.verspreidingsatlas.nl/thumbs/map_912.jpg","","2026-09-10"
"1329","Vaccinium myrtillus","L.","Blauwe bosbes","Ericaceae","http://www.verspreidingsatlas.nl/1329","http://ndff-ecogrid.nl/taxonomy/taxa/vacciniummyrtillus","http://www.verspreidingsatlas.nl/thumbs/map_1329.jpg","","2026-09-10"
"0913","Vaccinium oxycoccos","L.","Kleine veenbes","Ericaceae","http://www.verspreidingsatlas.nl/0913","http://ndff-ecogrid.nl/taxonomy/taxa/vacciniumoxycoccos","http://www.verspreidingsatlas.nl/thumbs/map_913.jpg","","2026-09-10"
"1330","Vaccinium uliginosum","L.","Rijsbes","Ericaceae","http://www.verspreidingsatlas.nl/1330","http://ndff-ecogrid.nl/taxonomy/taxa/vacciniumuliginosum","http://www.verspreidingsatlas.nl/thumbs/map_1330.jpg","","2026-09-10"
"1331","Vaccinium vitis-idaea","L.","Rode bosbes","Ericaceae","http://www.verspreidingsatlas.nl/1331","http://ndff-ecogrid.nl/taxonomy/taxa/vacciniumvitisidaea","http://www.verspreidingsatlas.nl/thumbs/map_1331.jpg","","2026-09-10"
"1602","Vaccinium x intermedium","Ruthe","Basterdbosbes","Ericaceae","http://www.verspreidingsatlas.nl/1602","http://ndff-ecogrid.nl/taxonomy/taxa/vacciniumxintermedium","http://www.verspreidingsatlas.nl/thumbs/map_1602.jpg","","2026-09-10"
"1332","Valeriana dioica","L.","Kleine valeriaan","Caprifoliaceae","http://www.verspreidingsatlas.nl/1332","http://ndff-ecogrid.nl/taxonomy/taxa/valerianadioica","http://www.verspreidingsatlas.nl/thumbs/map_1332.jpg","","2026-09-10"
"1333","Valeriana officinalis","L.","Echte valeriaan","Caprifoliaceae","http://www.verspreidingsatlas.nl/1333","http://ndff-ecogrid.nl/taxonomy/taxa/valerianaofficinalis","http://www.verspreidingsatlas.nl/thumbs/map_1333.jpg","","2026-09-10"
"1334","Valerianella carinata","Loisel.","Gegroefde veldsla","Caprifoliaceae","http://www.verspreidingsatlas.nl/1334","http://ndff-ecogrid.nl/taxonomy/taxa/valerianellacarinata","http://www.verspreidingsatlas.nl/thumbs/map_1334.jpg","","2026-09-10"
"1335","Valerianella dentata","(L.) Pollich","Getande veldsla","Caprifoliaceae","http://www.verspreidingsatlas.nl/1335","http://ndff-ecogrid.nl/taxonomy/taxa/valerianelladentata","http://www.verspreidingsatlas.nl/thumbs/map_1335.jpg","","2026-09-10"
"1336","Valerianella locusta","(L.) Laterr.","Gewone veldsla","Caprifoliaceae","http://www.verspreidingsatlas.nl/1336","http://ndff-ecogrid.nl/taxonomy/taxa/valerianellalocusta","http://www.verspreidingsatlas.nl/thumbs/map_1336.jpg","","2026-09-10"
"1337","Valerianella rimosa","Bastard","Geoorde veldsla","Caprifoliaceae","http://www.verspreidingsatlas.nl/1337","http://ndff-ecogrid.nl/taxonomy/taxa/valerianellarimosa","http://www.verspreidingsatlas.nl/thumbs/map_1337.jpg","","2026-09-10"
"10633","Vallisneria australis","S.W.L.Jacobs & Les","","Hydrocharitaceae","http://www.verspreidingsatlas.nl/10633","http://ndff-ecogrid.nl/taxonomy/taxa/vallisneriaaustralis","http://www.verspreidingsatlas.nl/thumbs/map_10633.jpg","","2026-09-10"
"2108","Vallisneria spiralis","L.","Vallisneria","Hydrocharitaceae","http://www.verspreidingsatlas.nl/2108","http://ndff-ecogrid.nl/taxonomy/taxa/vallisneriaspiralis","http://www.verspreidingsatlas.nl/thumbs/map_2108.jpg","","2026-09-10"
"1338","Verbascum blattaria","L.","Mottenkruid","Scrophulariaceae","http://www.verspreidingsatlas.nl/1338","http://ndff-ecogrid.nl/taxonomy/taxa/verbascumblattaria","http://www.verspreidingsatlas.nl/thumbs/map_1338.jpg","","2026-09-10"
"5624","Verbascum chaixii","Vill.","","Scrophulariaceae","http://www.verspreidingsatlas.nl/5624","http://ndff-ecogrid.nl/taxonomy/taxa/verbascumchaixii","http://www.verspreidingsatlas.nl/thumbs/map_5624.jpg","","2026-09-10"
"1342","Verbascum densiflorum","Bertol.","Stalkaars","Scrophulariaceae","http://www.verspreidingsatlas.nl/1342","http://ndff-ecogrid.nl/taxonomy/taxa/verbascumdensiflorum","http://www.verspreidingsatlas.nl/thumbs/map_1342.jpg","","2026-09-10"
"1339","Verbascum lychnitis","L.","Melige toorts","Scrophulariaceae","http://www.verspreidingsatlas.nl/1339","http://ndff-ecogrid.nl/taxonomy/taxa/verbascumlychnitis","http://www.verspreidingsatlas.nl/thumbs/map_1339.jpg","","2026-09-10"
"1340","Verbascum nigrum","L.","Zwarte toorts","Scrophulariaceae","http://www.verspreidingsatlas.nl/1340","http://ndff-ecogrid.nl/taxonomy/taxa/verbascumnigrum","http://www.verspreidingsatlas.nl/thumbs/map_1340.jpg","","2026-09-10"
"1341","Verbascum phlomoides","L.","Keizerskaars","Scrophulariaceae","http://www.verspreidingsatlas.nl/1341","http://ndff-ecogrid.nl/taxonomy/taxa/verbascumphlomoides","http://www.verspreidingsatlas.nl/thumbs/map_1341.jpg","","2026-09-10"
"1749","Verbascum phoeniceum","L.","Paarse toorts","Scrophulariaceae","http://www.verspreidingsatlas.nl/1749","http://ndff-ecogrid.nl/taxonomy/taxa/verbascumphoeniceum","http://www.verspreidingsatlas.nl/thumbs/map_1749.jpg","","2026-09-10"
"5347","Verbascum pulverulentum","Vill.","Vlokkige toorts","Scrophulariaceae","http://www.verspreidingsatlas.nl/5347","http://ndff-ecogrid.nl/taxonomy/taxa/verbascumpulverulentum","http://www.verspreidingsatlas.nl/thumbs/map_5347.jpg","","2026-09-10"
"8020","Verbascum speciosum","Schrad.","Kandelaartoorts","Scrophulariaceae","http://www.verspreidingsatlas.nl/8020","http://ndff-ecogrid.nl/taxonomy/taxa/verbascumspeciosum","http://www.verspreidingsatlas.nl/thumbs/map_8020.jpg","","2026-09-10"
"1343","Verbascum thapsus","L.","Koningskaars","Scrophulariaceae","http://www.verspreidingsatlas.nl/1343","http://ndff-ecogrid.nl/taxonomy/taxa/verbascumthapsus","http://www.verspreidingsatlas.nl/thumbs/map_1343.jpg","","2026-09-10"
"8408","Verbascum virgatum","Stokes","Beklierd mottenkruid","Scrophulariaceae","http://www.verspreidingsatlas.nl/8408","http://ndff-ecogrid.nl/taxonomy/taxa/verbascumvirgatum","http://www.verspreidingsatlas.nl/thumbs/map_8408.jpg","","2026-09-10"
"5447","Verbena bonariensis","L.","Stijf ijzerhard","Verbenaceae","http://www.verspreidingsatlas.nl/5447","http://ndff-ecogrid.nl/taxonomy/taxa/verbenabonariensis","http://www.verspreidingsatlas.nl/thumbs/map_5447.jpg","","2026-09-10"
"5998","Verbena hastata","L.","Blauwe verbena","Verbenaceae","http://www.verspreidingsatlas.nl/5998","http://ndff-ecogrid.nl/taxonomy/taxa/verbenahastata","http://www.verspreidingsatlas.nl/thumbs/map_5998.jpg","","2026-09-10"
"1344","Verbena officinalis","L.","IJzerhard","Verbenaceae","http://www.verspreidingsatlas.nl/1344","http://ndff-ecogrid.nl/taxonomy/taxa/verbenaofficinalis","http://www.verspreidingsatlas.nl/thumbs/map_1344.jpg","","2026-09-10"
"8409","Verbena rigida","Spreng.","Hoofdjesverbena","Verbenaceae","http://www.verspreidingsatlas.nl/8409","http://ndff-ecogrid.nl/taxonomy/taxa/verbenarigida","http://www.verspreidingsatlas.nl/thumbs/map_8409.jpg","","2026-09-10"
"8031","Verbesina alternifolia","(L.) Britton ex Kearney","","Asteraceae","http://www.verspreidingsatlas.nl/8031","http://ndff-ecogrid.nl/taxonomy/taxa/verbesinaalternifolia","http://www.verspreidingsatlas.nl/thumbs/map_8031.jpg","","2026-09-10"
"5372","Veronica acinifolia","L.","Steentijmereprijs","Plantaginaceae","http://www.verspreidingsatlas.nl/5372","http://ndff-ecogrid.nl/taxonomy/taxa/veronicaacinifolia","http://www.verspreidingsatlas.nl/thumbs/map_5372.jpg","","2026-09-10"
"1345","Veronica agrestis","L.","Akkerereprijs","Plantaginaceae","http://www.verspreidingsatlas.nl/1345","http://ndff-ecogrid.nl/taxonomy/taxa/veronicaagrestis","http://www.verspreidingsatlas.nl/thumbs/map_1345.jpg","","2026-09-10"
"1346","Veronica anagallis-aquatica","L.","Blauwe waterereprijs","Plantaginaceae","http://www.verspreidingsatlas.nl/1346","http://ndff-ecogrid.nl/taxonomy/taxa/veronicaanagallisaquatica","http://www.verspreidingsatlas.nl/thumbs/map_1346.jpg","","2026-09-10"
"1347","Veronica arvensis","L.","Veldereprijs","Plantaginaceae","http://www.verspreidingsatlas.nl/1347","http://ndff-ecogrid.nl/taxonomy/taxa/veronicaarvensis","http://www.verspreidingsatlas.nl/thumbs/map_1347.jpg","","2026-09-10"
"5229","Veronica austriaca","L.","Brede ereprijs s.l.","Plantaginaceae","http://www.verspreidingsatlas.nl/5229","http://ndff-ecogrid.nl/taxonomy/taxa/veronicaaustriaca","http://www.verspreidingsatlas.nl/thumbs/map_5229.jpg","","2026-09-10"
"1364","Veronica austriaca subsp. teucrium","(L.) D.A. Webb","Brede ereprijs","Plantaginaceae","http://www.verspreidingsatlas.nl/1364","http://ndff-ecogrid.nl/taxonomy/taxa/veronicaaustriacasubspteucrium","http://www.verspreidingsatlas.nl/thumbs/map_1364.jpg","","2026-09-10"
"1349","Veronica beccabunga","L.","Beekpunge","Plantaginaceae","http://www.verspreidingsatlas.nl/1349","http://ndff-ecogrid.nl/taxonomy/taxa/veronicabeccabunga","http://www.verspreidingsatlas.nl/thumbs/map_1349.jpg","","2026-09-10"
"1350","Veronica catenata","Pennell","Rode waterereprijs","Plantaginaceae","http://www.verspreidingsatlas.nl/1350","http://ndff-ecogrid.nl/taxonomy/taxa/veronicacatenata","http://www.verspreidingsatlas.nl/thumbs/map_1350.jpg","","2026-09-10"
"1351","Veronica chamaedrys","L.","Gewone ereprijs","Plantaginaceae","http://www.verspreidingsatlas.nl/1351","http://ndff-ecogrid.nl/taxonomy/taxa/veronicachamaedrys","http://www.verspreidingsatlas.nl/thumbs/map_1351.jpg","","2026-09-10"
"8088","Veronica cymbalaria","Bodard","Schijnklimopereprijs","Plantaginaceae","http://www.verspreidingsatlas.nl/8088","http://ndff-ecogrid.nl/taxonomy/taxa/veronicacymbalaria","http://www.verspreidingsatlas.nl/thumbs/map_8088.jpg","","2026-09-10"
"1896","Veronica filiformis","Sm.","Draadereprijs","Plantaginaceae","http://www.verspreidingsatlas.nl/1896","http://ndff-ecogrid.nl/taxonomy/taxa/veronicafiliformis","http://www.verspreidingsatlas.nl/thumbs/map_1896.jpg","","2026-09-10"
"1352","Veronica hederifolia","L.","Klimopereprijs","Plantaginaceae","http://www.verspreidingsatlas.nl/1352","http://ndff-ecogrid.nl/taxonomy/taxa/veronicahederifolia","http://www.verspreidingsatlas.nl/thumbs/map_1352.jpg","","2026-09-10"
"1353","Veronica longifolia","L.","Lange ereprijs","Plantaginaceae","http://www.verspreidingsatlas.nl/1353","http://ndff-ecogrid.nl/taxonomy/taxa/veronicalongifolia","http://www.verspreidingsatlas.nl/thumbs/map_1353.jpg","","2026-09-10"
"1354","Veronica montana","L.","Bosereprijs","Plantaginaceae","http://www.verspreidingsatlas.nl/1354","http://ndff-ecogrid.nl/taxonomy/taxa/veronicamontana","http://www.verspreidingsatlas.nl/thumbs/map_1354.jpg","","2026-09-10"
"1355","Veronica officinalis","L.","Mannetjesereprijs","Plantaginaceae","http://www.verspreidingsatlas.nl/1355","http://ndff-ecogrid.nl/taxonomy/taxa/veronicaofficinalis","http://www.verspreidingsatlas.nl/thumbs/map_1355.jpg","","2026-09-10"
"1356","Veronica opaca","Fr.","Doffe ereprijs","Plantaginaceae","http://www.verspreidingsatlas.nl/1356","http://ndff-ecogrid.nl/taxonomy/taxa/veronicaopaca","http://www.verspreidingsatlas.nl/thumbs/map_1356.jpg","","2026-09-10"
"1357","Veronica peregrina","L.","Vreemde ereprijs","Plantaginaceae","http://www.verspreidingsatlas.nl/1357","http://ndff-ecogrid.nl/taxonomy/taxa/veronicaperegrina","http://www.verspreidingsatlas.nl/thumbs/map_1357.jpg","","2026-09-10"
"1358","Veronica persica","Poir.","Grote ereprijs","Plantaginaceae","http://www.verspreidingsatlas.nl/1358","http://ndff-ecogrid.nl/taxonomy/taxa/veronicapersica","http://www.verspreidingsatlas.nl/thumbs/map_1358.jpg","","2026-09-10"
"1359","Veronica polita","Fr.","Gladde ereprijs","Plantaginaceae","http://www.verspreidingsatlas.nl/1359","http://ndff-ecogrid.nl/taxonomy/taxa/veronicapolita","http://www.verspreidingsatlas.nl/thumbs/map_1359.jpg","","2026-09-10"
"1360","Veronica praecox","All.","Vroege ereprijs","Plantaginaceae","http://www.verspreidingsatlas.nl/1360","http://ndff-ecogrid.nl/taxonomy/taxa/veronicapraecox","http://www.verspreidingsatlas.nl/thumbs/map_1360.jpg","","2026-09-10"
"1361","Veronica prostrata","L.","Liggende ereprijs","Plantaginaceae","http://www.verspreidingsatlas.nl/1361","http://ndff-ecogrid.nl/taxonomy/taxa/veronicaprostrata","http://www.verspreidingsatlas.nl/thumbs/map_1361.jpg","","2026-09-10"
"1362","Veronica scutellata","L.","Schildereprijs","Plantaginaceae","http://www.verspreidingsatlas.nl/1362","http://ndff-ecogrid.nl/taxonomy/taxa/veronicascutellata","http://www.verspreidingsatlas.nl/thumbs/map_1362.jpg","","2026-09-10"
"1363","Veronica serpyllifolia","L.","Tijmereprijs","Plantaginaceae","http://www.verspreidingsatlas.nl/1363","http://ndff-ecogrid.nl/taxonomy/taxa/veronicaserpyllifolia","http://www.verspreidingsatlas.nl/thumbs/map_1363.jpg","","2026-09-10"
"5448","Veronica spicata","L.","Aarereprijs","Plantaginaceae","http://www.verspreidingsatlas.nl/5448","http://ndff-ecogrid.nl/taxonomy/taxa/veronicaspicata","http://www.verspreidingsatlas.nl/thumbs/map_5448.jpg","","2026-09-10"
"1539","Veronica sublobata","M.A. Fisch.","Bosklimopereprijs","Plantaginaceae","http://www.verspreidingsatlas.nl/1539","http://ndff-ecogrid.nl/taxonomy/taxa/veronicasublobata","http://www.verspreidingsatlas.nl/thumbs/map_1539.jpg","","2026-09-10"
"1365","Veronica triphyllos","L.","Handjesereprijs","Plantaginaceae","http://www.verspreidingsatlas.nl/1365","http://ndff-ecogrid.nl/taxonomy/taxa/veronicatriphyllos","http://www.verspreidingsatlas.nl/thumbs/map_1365.jpg","","2026-09-10"
"1366","Veronica verna","L.","Kleine ereprijs","Plantaginaceae","http://www.verspreidingsatlas.nl/1366","http://ndff-ecogrid.nl/taxonomy/taxa/veronicaverna","http://www.verspreidingsatlas.nl/thumbs/map_1366.jpg","","2026-09-10"
"2109","Viburnum lantana","L.","Wollige sneeuwbal","Adoxaceae","http://www.verspreidingsatlas.nl/2109","http://ndff-ecogrid.nl/taxonomy/taxa/viburnumlantana","http://www.verspreidingsatlas.nl/thumbs/map_2109.jpg","","2026-09-10"
"1367","Viburnum opulus","L.","Gelderse roos","Adoxaceae","http://www.verspreidingsatlas.nl/1367","http://ndff-ecogrid.nl/taxonomy/taxa/viburnumopulus","http://www.verspreidingsatlas.nl/thumbs/map_1367.jpg","","2026-09-10"
"5949","Vicia bithynica","(L.) L.","Bithynische wikke","Fabaceae","http://www.verspreidingsatlas.nl/5949","http://ndff-ecogrid.nl/taxonomy/taxa/viciabithynica","http://www.verspreidingsatlas.nl/thumbs/map_5949.jpg","","2026-09-10"
"1369","Vicia cracca","L.","Vogelwikke","Fabaceae","http://www.verspreidingsatlas.nl/1369","http://ndff-ecogrid.nl/taxonomy/taxa/viciacracca","http://www.verspreidingsatlas.nl/thumbs/map_1369.jpg","","2026-09-10"
"1840","Vicia faba","L.","Tuinboon","Fabaceae","http://www.verspreidingsatlas.nl/1840","http://ndff-ecogrid.nl/taxonomy/taxa/viciafaba","http://www.verspreidingsatlas.nl/thumbs/map_1840.jpg","","2026-09-10"
"1370","Vicia hirsuta","(L.) Gray","Ringelwikke","Fabaceae","http://www.verspreidingsatlas.nl/1370","http://ndff-ecogrid.nl/taxonomy/taxa/viciahirsuta","http://www.verspreidingsatlas.nl/thumbs/map_1370.jpg","","2026-09-10"
"1371","Vicia lathyroides","L.","Lathyruswikke","Fabaceae","http://www.verspreidingsatlas.nl/1371","http://ndff-ecogrid.nl/taxonomy/taxa/vicialathyroides","http://www.verspreidingsatlas.nl/thumbs/map_1371.jpg","","2026-09-10"
"1751","Vicia lutea","L.","Gele wikke","Fabaceae","http://www.verspreidingsatlas.nl/1751","http://ndff-ecogrid.nl/taxonomy/taxa/vicialutea","http://www.verspreidingsatlas.nl/thumbs/map_1751.jpg","","2026-09-10"
"1753","Vicia pannonica","Crantz","Hongaarse wikke","Fabaceae","http://www.verspreidingsatlas.nl/1753","http://ndff-ecogrid.nl/taxonomy/taxa/viciapannonica","http://www.verspreidingsatlas.nl/thumbs/map_1753.jpg","","2026-09-10"
"1960","Vicia sativa","L.","Smalle / Vergeten / Voederwikke","Fabaceae","http://www.verspreidingsatlas.nl/1960","http://ndff-ecogrid.nl/taxonomy/taxa/viciasativa","http://www.verspreidingsatlas.nl/thumbs/map_1960.jpg","","2026-09-10"
"5454","Vicia sativa subsp. angustifolia","(L.) Asch. & Graebn.","Smalle wikke","Fabaceae","http://www.verspreidingsatlas.nl/5454","http://ndff-ecogrid.nl/taxonomy/taxa/viciasativasubspangustifolia","http://www.verspreidingsatlas.nl/thumbs/map_5454.jpg","","2026-09-10"
"1372","Vicia sativa subsp. sativa","L.","Voederwikke","Fabaceae","http://www.verspreidingsatlas.nl/1372","http://ndff-ecogrid.nl/taxonomy/taxa/viciasativasubspsativa","http://www.verspreidingsatlas.nl/thumbs/map_1372.jpg","","2026-09-10"
"5455","Vicia sativa subsp. segetalis","L.","Vergeten wikke","Fabaceae","http://www.verspreidingsatlas.nl/5455","http://ndff-ecogrid.nl/taxonomy/taxa/viciasativasubspsegetalis","http://www.verspreidingsatlas.nl/thumbs/map_5455.jpg","","2026-09-10"
"1373","Vicia sepium","L.","Heggenwikke","Fabaceae","http://www.verspreidingsatlas.nl/1373","http://ndff-ecogrid.nl/taxonomy/taxa/viciasepium","http://www.verspreidingsatlas.nl/thumbs/map_1373.jpg","","2026-09-10"
"1754","Vicia tenuifolia","Roth","Stijve wikke","Fabaceae","http://www.verspreidingsatlas.nl/1754","http://ndff-ecogrid.nl/taxonomy/taxa/viciatenuifolia","http://www.verspreidingsatlas.nl/thumbs/map_1754.jpg","","2026-09-10"
"2408","Vicia tetrasperma","(L.) Schreb.","Vierzadige / Slanke wikke","Fabaceae","http://www.verspreidingsatlas.nl/2408","http://ndff-ecogrid.nl/taxonomy/taxa/viciatetrasperma","http://www.verspreidingsatlas.nl/thumbs/map_2408.jpg","","2026-09-10"
"1374","Vicia tetrasperma subsp. gracilis","(DC.) Ascherson & Graebner","Slanke wikke","Fabaceae","http://www.verspreidingsatlas.nl/1374","http://ndff-ecogrid.nl/taxonomy/taxa/viciatetraspermasubspgracilis","http://www.verspreidingsatlas.nl/thumbs/map_1374.jpg","","2026-09-10"
"1375","Vicia tetrasperma subsp. tetrasperma","","Vierzadige wikke","Fabaceae","http://www.verspreidingsatlas.nl/1375","http://ndff-ecogrid.nl/taxonomy/taxa/viciatetraspermasubsptetrasperma","http://www.verspreidingsatlas.nl/thumbs/map_1375.jpg","","2026-09-10"
"2387","Vicia villosa","Roth","Bonte wikke","Fabaceae","http://www.verspreidingsatlas.nl/2387","http://ndff-ecogrid.nl/taxonomy/taxa/viciavillosa","http://www.verspreidingsatlas.nl/thumbs/map_2387.jpg","","2026-09-10"
"5374","Vinca major","L.","Grote maagdenpalm","Apocynaceae","http://www.verspreidingsatlas.nl/5374","http://ndff-ecogrid.nl/taxonomy/taxa/vincamajor","http://www.verspreidingsatlas.nl/thumbs/map_5374.jpg","","2026-09-10"
"1377","Vinca minor","L.","Kleine maagdenpalm","Apocynaceae","http://www.verspreidingsatlas.nl/1377","http://ndff-ecogrid.nl/taxonomy/taxa/vincaminor","http://www.verspreidingsatlas.nl/thumbs/map_1377.jpg","","2026-09-10"
"0383","Vincetoxicum hirundinaria","Medik.","Witte engbloem","Apocynaceae","http://www.verspreidingsatlas.nl/0383","http://ndff-ecogrid.nl/taxonomy/taxa/vincetoxicumhirundinaria","http://www.verspreidingsatlas.nl/thumbs/map_383.jpg","","2026-09-10"
"5158","Vincetoxicum nigrum","(L.) Moench","Zwarte engbloem","Apocynaceae","http://www.verspreidingsatlas.nl/5158","http://ndff-ecogrid.nl/taxonomy/taxa/vincetoxicumnigrum","http://www.verspreidingsatlas.nl/thumbs/map_5158.jpg","","2026-09-10"
"1378","Viola arvensis","Murray","Akkerviooltje","Violaceae","http://www.verspreidingsatlas.nl/1378","http://ndff-ecogrid.nl/taxonomy/taxa/violaarvensis","http://www.verspreidingsatlas.nl/thumbs/map_1378.jpg","","2026-09-10"
"1380","Viola canina","L.","Hondsviooltje","Violaceae","http://www.verspreidingsatlas.nl/1380","http://ndff-ecogrid.nl/taxonomy/taxa/violacanina","http://www.verspreidingsatlas.nl/thumbs/map_1380.jpg","","2026-09-10"
"1382","Viola hirta","L.","Ruig viooltje","Violaceae","http://www.verspreidingsatlas.nl/1382","http://ndff-ecogrid.nl/taxonomy/taxa/violahirta","http://www.verspreidingsatlas.nl/thumbs/map_1382.jpg","","2026-09-10"
"1379","Viola lutea subsp. calaminaria","(Ging.) Nauenb.","Zinkviooltje","Violaceae","http://www.verspreidingsatlas.nl/1379","http://ndff-ecogrid.nl/taxonomy/taxa/violaluteasubspcalaminaria","http://www.verspreidingsatlas.nl/thumbs/map_1379.jpg","","2026-09-10"
"1384","Viola odorata","L.","Maarts viooltje","Violaceae","http://www.verspreidingsatlas.nl/1384","http://ndff-ecogrid.nl/taxonomy/taxa/violaodorata","http://www.verspreidingsatlas.nl/thumbs/map_1384.jpg","","2026-09-10"
"1385","Viola palustris","L.","Moerasviooltje","Violaceae","http://www.verspreidingsatlas.nl/1385","http://ndff-ecogrid.nl/taxonomy/taxa/violapalustris","http://www.verspreidingsatlas.nl/thumbs/map_1385.jpg","","2026-09-10"
"1386","Viola reichenbachiana","Jord. ex Boreau","Donkersporig bosviooltje","Violaceae","http://www.verspreidingsatlas.nl/1386","http://ndff-ecogrid.nl/taxonomy/taxa/violareichenbachiana","http://www.verspreidingsatlas.nl/thumbs/map_1386.jpg","","2026-09-10"
"1387","Viola riviniana","Rchb.","Bleeksporig bosviooltje","Violaceae","http://www.verspreidingsatlas.nl/1387","http://ndff-ecogrid.nl/taxonomy/taxa/violariviniana","http://www.verspreidingsatlas.nl/thumbs/map_1387.jpg","","2026-09-10"
"1388","Viola rupestris","F.W. Schmidt","Zandviooltje","Violaceae","http://www.verspreidingsatlas.nl/1388","http://ndff-ecogrid.nl/taxonomy/taxa/violarupestris","http://www.verspreidingsatlas.nl/thumbs/map_1388.jpg","","2026-09-10"
"1389","Viola stagnina","Kit.","Melkviooltje","Violaceae","http://www.verspreidingsatlas.nl/1389","http://ndff-ecogrid.nl/taxonomy/taxa/violastagnina","http://www.verspreidingsatlas.nl/thumbs/map_1389.jpg","","2026-09-10"
"1540","Viola stagnina var. lacteoides","(W.Becker & Kloos) Hof","Heidemelkviooltje","Violaceae","http://www.verspreidingsatlas.nl/1540","http://ndff-ecogrid.nl/taxonomy/taxa/violastagninavarlacteoides1","http://www.verspreidingsatlas.nl/thumbs/map_1540.jpg","","2026-09-10"
"1541","Viola stagnina var. stagnina","","Veenmelkviooltje","Violaceae","http://www.verspreidingsatlas.nl/1541","http://ndff-ecogrid.nl/taxonomy/taxa/violastagninavarstagnina1","http://www.verspreidingsatlas.nl/thumbs/map_1541.jpg","","2026-09-10"
"1381","Viola tricolor subsp. curtisii","Syme","Duinviooltje","Violaceae","http://www.verspreidingsatlas.nl/1381","http://ndff-ecogrid.nl/taxonomy/taxa/violatricolorsubspcurtisii","http://www.verspreidingsatlas.nl/thumbs/map_1381.jpg","","2026-09-10"
"1390","Viola tricolor subsp. tricolor","","Driekleurig viooltje","Violaceae","http://www.verspreidingsatlas.nl/1390","http://ndff-ecogrid.nl/taxonomy/taxa/violatricolorsubsptricolor","http://www.verspreidingsatlas.nl/thumbs/map_1390.jpg","","2026-09-10"
"1897","Viola x wittrockiana","Gams ex Nauenb. & Buttler","Tuinviooltje","Violaceae","http://www.verspreidingsatlas.nl/1897","http://ndff-ecogrid.nl/taxonomy/taxa/violaxwittrockiana","http://www.verspreidingsatlas.nl/thumbs/map_1897.jpg","","2026-09-10"
"1391","Viscum album","L.","Maretak","Santalaceae","http://www.verspreidingsatlas.nl/1391","http://ndff-ecogrid.nl/taxonomy/taxa/viscumalbum","http://www.verspreidingsatlas.nl/thumbs/map_1391.jpg","","2026-09-10"
"5192","Vitis vinifera subsp. vinifera","","Wijnstok","Vitaceae","http://www.verspreidingsatlas.nl/5192","http://ndff-ecogrid.nl/taxonomy/taxa/vitisviniferasubspvinifera","http://www.verspreidingsatlas.nl/thumbs/map_5192.jpg","","2026-09-10"
"1392","Vulpia bromoides","(L.) Gray","Eekhoorngras","Poaceae","http://www.verspreidingsatlas.nl/1392","http://ndff-ecogrid.nl/taxonomy/taxa/vulpiabromoides","http://www.verspreidingsatlas.nl/thumbs/map_1392.jpg","","2026-09-10"
"2452","Vulpia ciliata","Dumort.","Gewimperd duinlangbaardgras","Poaceae","http://www.verspreidingsatlas.nl/2452","http://ndff-ecogrid.nl/taxonomy/taxa/vulpiaciliata","http://www.verspreidingsatlas.nl/thumbs/map_2452.jpg","","2026-09-10"
"2454","Vulpia ciliata subsp. ambigua","(Le Gall) Stace & Auquier","Duinlangbaardgras","Poaceae","http://www.verspreidingsatlas.nl/2454","http://ndff-ecogrid.nl/taxonomy/taxa/vulpiaciliatasubspambigua","http://www.verspreidingsatlas.nl/thumbs/map_2454.jpg","","2026-09-10"
"2453","Vulpia ciliata subsp. ciliata","","Gewimperd langbaardgras","Poaceae","http://www.verspreidingsatlas.nl/2453","http://ndff-ecogrid.nl/taxonomy/taxa/vulpiaciliatasubspciliata","http://www.verspreidingsatlas.nl/thumbs/map_2453.jpg","","2026-09-10"
"5159","Vulpia fasciculata","(Forssk.) Samp.","Dicht langbaardgras","Poaceae","http://www.verspreidingsatlas.nl/5159","http://ndff-ecogrid.nl/taxonomy/taxa/vulpiafasciculata","http://www.verspreidingsatlas.nl/thumbs/map_5159.jpg","","2026-09-10"
"5302","Vulpia membranacea","(L.) Dumort.","Zandlangbaardgras","Poaceae","http://www.verspreidingsatlas.nl/5302","http://ndff-ecogrid.nl/taxonomy/taxa/vulpiamembranacea","http://www.verspreidingsatlas.nl/thumbs/map_5302.jpg","","2026-09-10"
"1393","Vulpia myuros","(L.) C.C. Gmel.","Gewoon langbaardgras","Poaceae","http://www.verspreidingsatlas.nl/1393","http://ndff-ecogrid.nl/taxonomy/taxa/vulpiamyuros","http://www.verspreidingsatlas.nl/thumbs/map_1393.jpg","","2026-09-10"
"1394","Wahlenbergia hederacea","(L.) Rchb.","Klimopklokje","Campanulaceae","http://www.verspreidingsatlas.nl/1394","http://ndff-ecogrid.nl/taxonomy/taxa/wahlenbergiahederacea","http://www.verspreidingsatlas.nl/thumbs/map_1394.jpg","","2026-09-10"
"1395","Wolffia arrhiza","(L.) Horkel ex Wimm.","Wortelloos kroos","Araceae","http://www.verspreidingsatlas.nl/1395","http://ndff-ecogrid.nl/taxonomy/taxa/wolffiaarrhiza","http://www.verspreidingsatlas.nl/thumbs/map_1395.jpg","","2026-09-10"
"6974","Wolffia australiana","(Benth.) Hartog & Plas","Smalle wolffia","Araceae","http://www.verspreidingsatlas.nl/6974","http://ndff-ecogrid.nl/taxonomy/taxa/wolffiaaustraliana","http://www.verspreidingsatlas.nl/thumbs/map_6974.jpg","","2026-09-10"
"6975","Wolffia columbiana","H. Karst.","Colombiaanse wolffia","Araceae","http://www.verspreidingsatlas.nl/6975","http://ndff-ecogrid.nl/taxonomy/taxa/wolffiacolumbiana","http://www.verspreidingsatlas.nl/thumbs/map_6975.jpg","","2026-09-10"
"1755","Xanthium orientale","L.","Grote stekelnoot","Asteraceae","http://www.verspreidingsatlas.nl/1755","http://ndff-ecogrid.nl/taxonomy/taxa/xanthiumorientale","http://www.verspreidingsatlas.nl/thumbs/map_1755.jpg","","2026-09-10"
"1756","Xanthium spinosum","L.","Stekende stekelnoot","Asteraceae","http://www.verspreidingsatlas.nl/1756","http://ndff-ecogrid.nl/taxonomy/taxa/xanthiumspinosum","http://www.verspreidingsatlas.nl/thumbs/map_1756.jpg","","2026-09-10"
"1757","Xanthium strumarium","L.","Late stekelnoot","Asteraceae","http://www.verspreidingsatlas.nl/1757","http://ndff-ecogrid.nl/taxonomy/taxa/xanthiumstrumariumss","http://www.verspreidingsatlas.nl/thumbs/map_1757.jpg","","2026-09-10"
"8051","Yucca flaccida","Haw.","Behaarde yucca","Asparagaceae","http://www.verspreidingsatlas.nl/8051","http://ndff-ecogrid.nl/taxonomy/taxa/yuccaflaccida","http://www.verspreidingsatlas.nl/thumbs/map_8051.jpg","","2026-09-10"
"8052","Yucca gloriosa","L.","Grote yucca","Asparagaceae","http://www.verspreidingsatlas.nl/8052","http://ndff-ecogrid.nl/taxonomy/taxa/yuccagloriosa","http://www.verspreidingsatlas.nl/thumbs/map_8052.jpg","","2026-09-10"
"1964","Zannichellia palustris","L.","Zittende / Brede / Gesteelde zannichellia","Potamogetonaceae","http://www.verspreidingsatlas.nl/1964","http://ndff-ecogrid.nl/taxonomy/taxa/zannichelliapalustris","http://www.verspreidingsatlas.nl/thumbs/map_1964.jpg","","2026-09-10"
"1542","Zannichellia palustris subsp. major","(Hartm.) Ooststr. & Reichg.","Brede zannichellia","Potamogetonaceae","http://www.verspreidingsatlas.nl/1542","http://ndff-ecogrid.nl/taxonomy/taxa/zannichelliapalustrissubspmajor","http://www.verspreidingsatlas.nl/thumbs/map_1542.jpg","","2026-09-10"
"1396","Zannichellia palustris subsp. palustris","L.","Zittende zannichellia","Potamogetonaceae","http://www.verspreidingsatlas.nl/1396","http://ndff-ecogrid.nl/taxonomy/taxa/zannichelliapalustrissubsppalustris","http://www.verspreidingsatlas.nl/thumbs/map_1396.jpg","","2026-09-10"
"1397","Zannichellia palustris subsp. pedicellata","(Wahlenberg & Rosen) Arcangeli","Gesteelde zannichellia","Potamogetonaceae","http://www.verspreidingsatlas.nl/1397","http://ndff-ecogrid.nl/taxonomy/taxa/zannichelliapalustrissubsppedicellata","http://www.verspreidingsatlas.nl/thumbs/map_1397.jpg","","2026-09-10"
"2313","Zea mays","L.","Maïs","Poaceae","http://www.verspreidingsatlas.nl/2313","http://ndff-ecogrid.nl/taxonomy/taxa/zeamays","http://www.verspreidingsatlas.nl/thumbs/map_2313.jpg","","2026-09-10"
"1398","Zostera marina","L.","Groot zeegras","Zosteraceae","http://www.verspreidingsatlas.nl/1398","http://ndff-ecogrid.nl/taxonomy/taxa/zosteramarina","http://www.verspreidingsatlas.nl/thumbs/map_1398.jpg","","2026-09-10"
"1399","Zostera noltei","Hornem.","Klein zeegras","Zosteraceae","http://www.verspreidingsatlas.nl/1399","http://ndff-ecogrid.nl/taxonomy/taxa/zosteranoltii","http://www.verspreidingsatlas.nl/thumbs/map_1399.jpg","","2026-09-10"
